,Unnamed: 0.1,Unnamed: 0,Fake ID,Year,City,Month,Day,Time,Week,Type Of Accident,Reasons,Street,Place,Area,Location,Lighting,Road Condition,Weather Condition,Road surface,Lay injured,Injured seat,Degree of injury,Age of the injured,The person's gender,Speed of the road,Number of tracks,Pedestrian behavior,Intersection,Total
353,353,353,896826,2021,Sharjah,March,Friday,Evening,The first week,Shock,Preoccupation with the road while driving the vehicle in any way,Sheikh Salem bin Sultan Al Qasimi Street,Others,Buda’i,Double road,Night - Enough lighting,Wicked (Bad),No Clouds,dry,driver,Driver,death,22,Male,80,2,There is no,Hole,1
354,354,354,896827,2021,Abu Dhabi,February,Wednesday,At noon,fourth week,Deterioration,Driving a vehicle in a way that puts his life or the lives of others at risk,Ghiasi Shari,Mosque,Ghiasi,Double road,day,Wicked (Bad),No Clouds,dry,driver,Driver,death,22,Male,80,2,There is no,A meeting of half -vertical roads,1
355,355,355,896828,2021,Ras Al Khaimah,June,Thursday,Evening,fourth week,Deterioration,Preoccupation with the road while driving the vehicle in any way,Airport Street,an airport,Stagnation,vertigo,Night - Enough lighting,Wicked (Bad),No Clouds,Temple,driver,Driver,death,37,Male,60,2,There is no,vertigo,1
356,356,356,896829,2021,Fujairah,Dec,Wednesday,Before noon,the third week,A fixed body was shocked outside the road,Sudden deviation,Al -Tuwayen Street,Industrial area,Sarram area,Dhuatatin Road,day,Wicked (Bad),No Clouds,Temple,driver,Driver,death,50,Male,100,2,There is no,Not on or by (20) meters of a,1
357,357,357,896830,2021,Sharjah,November,Saturday,Evening,second week,Be shocked,Enter a major road without making sure that it is free,The first industrial street,Industrial area,Fourth industrial,Individual,Night - Enough lighting,Wicked (Bad),No Clouds,dry,passenger,Bike,death,28,Male,40,1,There is no,Not on or by (20) meters of a,1
358,358,358,896831,2021,Abu Dhabi,Dec,Friday,Evening,The fifth week,Be shocked,Enter a major road without making sure that it is free,Liwa Street,Residential area,Miserable,Individual,Night - Enough lighting,Wicked (Bad),No Clouds,dry,driver,Driver,death,19,Male,100,2,There is no,Hole,1
359,359,359,896832,2021,Abu Dhabi,July,Thursday,In the afternoon,The first week,A fixed body shocked the road,Preoccupation with the road while driving the vehicle in any way,Abu Dhabi Road - Al Ain,External road,the seal,Double road,day,Wicked (Bad),No Clouds,dry,driver,Driver,death,45,Male,160,3,There is no,Not on or by (20) meters of a,1
360,360,360,896833,2021,Sharjah,January,Friday,At noon,the third week,Be shocked,Sudden deviation,Al -Dhaid / Al -Rafiah,External road,Al Dhaid / Sharjah,Individual,day,Wicked (Bad),No Clouds,dry,driver,Driver,death,42,Male,60,2,There is no,Not at intersection,1
361,361,361,896834,2021,Ras Al Khaimah,Dec,Friday,Evening,second week,Shock,Enter a major road without making sure that it is free,Public Public Street,Others,Stagnation,Other (select),day,Wicked (Bad),No Clouds,Temple,driver,Bike,death,40,Male,100,2,There is no,Hole,1
362,362,362,896835,2021,Umm Al Quwain,January,Wednesday,At noon,second week,Be shocked,Enter a major road without making sure that it is free,Market Street,Residential area,Old country area,Intersection,day,Wicked (Bad),No Clouds,dry,passenger,Rapid in the back seat,Simple,25,Male,20,1,There is no,Vertical cross intersection,1
363,363,363,896836,2021,Abu Dhabi,July,Wednesday,Evening,fourth week,Be shocked,Not adhering to the mandatory itinerary,El-Shikh Zayed street,Governmental,There is no definition of regions,public road,Night - Enough lighting,Wicked (Bad),No Clouds,dry,driver,Driver,Simple,32,Male,80,4,There is no,Not at intersection,1
364,364,364,896837,2021,Ras Al Khaimah,March,Monday,At noon,The fifth week,Non -moving,Tire explosion,Kadra Street - Dafta,External road,Disgust,Double road,day,Wicked (Bad),No Clouds,dry,driver,Driver,Simple,20,Male,120,2,There is no,Not on or by (20) meters of a,1
365,365,365,896838,2021,Abu Dhabi,November,Tuesday,Before noon,The first week,Shock,Not leaving enough distance,Sheikh Zayed Bridge - Sheikh Zayed Street,Governmental,There is no definition of regions,Individual,day,Wicked (Bad),No Clouds,dry,driver,Driver,Simple,25,Male,120,4,There is no,Not on or by (20) meters of a,1
366,366,366,896839,2021,Abu Dhabi,November,Wednesday,In the afternoon,second week,Be shocked,Enter a major road without making sure that it is free,Tarif road,Residential area,intimate,Double road,Night - Enough lighting,Wicked (Bad),No Clouds,Temple,driver,Driver,Simple,20,Male,120,2,There is no,Hole,1
367,367,367,896840,2021,Ras Al Khaimah,May,Saturday,Before noon,The fifth week,Shock,Enter a major road without making sure that it is free,Al -Munai’i Street,School,Al -Munai’i,Double road,day,Wicked (Bad),No Clouds,dry,passenger,Rapid in the back seat,Simple,17,Male,100,2,There is no,Others,1
368,368,368,896841,2021,Ajman,Dec,Sunday,Before noon,the third week,Shock,Not leaving enough distance,Khalifa Bin Zayed Street,Residential area,Naimia,Double road,day,Wicked (Bad),No Clouds,dry,driver,Driver,Simple,64,Male,80,0,There is no,Not on or by (20) meters of a,1
369,369,369,896842,2021,Abu Dhabi,September,Friday,Before noon,The first week,A fixed body was shocked outside the road,Driving the vehicle under the influence of alcohol,Abu Dhabi Road - Al Ain,External road,Sas Al Nakhl Bridge,public road,day,Wicked (Bad),No Clouds,dry,driver,Driver,Simple,34,Female,80,2,It crosses the crossing lines,Not on or by (20) meters of a,1
370,370,370,896843,2021,Abu Dhabi,September,Friday,Before noon,The first week,A fixed body was shocked outside the road,Driving the vehicle under the influence of alcohol,Abu Dhabi Road - Al Ain,External road,Sas Al Nakhl Bridge,public road,day,Wicked (Bad),No Clouds,dry,passenger,A passenger in the front seat,Simple,25,Female,80,2,There is no,Not on or by (20) meters of a,1
371,371,371,896844,2021,Fujairah,November,Monday,At noon,the third week,Be shocked,Sudden deviation,The Corniche Fish Roundabout,Petrol station,Room,public road,day,Wicked (Bad),No Clouds,Temple,driver,Driver,Simple,34,Female,60,3,There is no,Not on or by (20) meters of a,1
372,372,372,896845,2021,Fujairah,May,Wednesday,Evening,the third week,Be shocked,Sudden deviation,Mawazine roundabout,Commercial area,Tricks,Intersection,day,Wicked (Bad),No Clouds,dry,driver,Driver,Simple,61,Male,80,2,He crosses pedestrian crossing lines,Vertical cross intersection,1
373,373,373,896846,2021,Abu Dhabi,Dec,Friday,Evening,second week,Shock,Overcoming the red light signal - the arrow signal,Sheikh Maktoum Bin Rashid Street,Tunnel / Bridge,Phantom,Intersection,Night - Enough lighting,Wicked (Bad),No Clouds,Temple,driver,Driver,Simple,22,Male,60,2,There is no,Multi -legs intersection,1
374,374,374,896847,2021,Abu Dhabi,August,Wednesday,At noon,The first week,Shock,Overcoming the red light signal - the arrow signal,Intersection of the Arabian Gulf - Mohammed bin Khalifa,Commercial area,Kindergarten,Intersection,day,Wicked (Bad),No Clouds,dry,driver,Driver,Simple,31,Female,80,3,There is no,Vertical cross intersection,1
375,375,375,896848,2021,Abu Dhabi,June,Saturday,At noon,the third week,Shock,Preoccupation with the road while driving the vehicle in any way,El-Shikh Zayed street,Residential area,There is no definition of regions,public road,day,Wicked (Bad),No Clouds,dry,driver,Driver,Simple,25,Male,120,4,There is no,Not at intersection,1
376,376,376,896849,2021,Ajman,May,Tuesday,Evening,The first week,Shock,Enter a major road without making sure that it is free,unknown,Residential area,Al -Hamidiya,Intersection,day,Wicked (Bad),No Clouds,dry,driver,Bike,Simple,24,Male,40,0,There is no,Vertical cross intersection,1
377,377,377,896850,2021,Abu Dhabi,January,Saturday,In the afternoon,the third week,Deterioration,Not adhering to the mandatory itinerary,Zayed City Street (New),Sandy area,Habshan,vertigo,day,Wicked (Bad),No Clouds,dry,passenger,Rapid in the back seat,Simple,31,Male,50,2,There is no,vertigo,1
378,378,378,896851,2021,Sharjah,October,Tuesday,At noon,the third week,Be shocked,Enter a major road without making sure that it is free,University City Street,Residential area,Nouf,Other (select),day,Wicked (Bad),No Clouds,Sand,driver,Driver,Simple,23,Female,40,0,There is no,Vertical cross intersection,1
379,379,379,896852,2021,Ras Al Khaimah,January,Friday,Evening,second week,Run,The lack of conditions of security and traffic safety,Al -Qawasim Street,Commercial area,Old Ras Al Khaimah,Other (select),Night - Enough lighting,Wicked (Bad),No Clouds,dry,pedestrian,There is no passenger,Simple,9,Male,10,0,Familiar,Not at intersection,1
380,380,380,896853,2021,Abu Dhabi,Dec,Sunday,At noon,The first week,Deterioration,Preoccupation with the road while driving the vehicle in any way,Hamdan Bin Mohammed Street(Five),Commercial area,There is no definition of regions,public road,day,Wicked (Bad),No Clouds,dry,driver,Driver,Simple,57,Female,80,4,There is no,Not at intersection,1
381,381,381,896854,2021,Abu Dhabi,October,Wednesday,Before noon,the third week,Consecutive,Not leaving enough distance,Delma intersection - Street Thirty Two,Commercial area,Ventricle,Intersection,day,Wicked (Bad),No Clouds,dry,passenger,A passenger in the front seat,Simple,38,Female,60,3,There is no,Vertical cross intersection,1
382,382,382,896855,2021,Abu Dhabi,August,Friday,Evening,The first week,Shock,Not to make the road / not to give the brigades,Al -Felt Street (Nin),Residential area,There is no definition of regions,Double road,Night - Enough lighting,Wicked (Bad),No Clouds,dry,driver,Driver,Simple,16,Male,60,2,There is no,Not on or by (20) meters of a,1
383,383,383,896856,2021,Abu Dhabi,February,Sunday,Evening,second week,Run,Speed without taking into account the road conditions,Rashid between Sayed Al Maktoum Street (Tah),Commercial area,Unit,Individual,Night - Enough lighting,Wicked (Bad),No Clouds,dry,pedestrian,There is no passenger,Simple,32,Female,40,2,There is no,Not on or by (20) meters of a,1
384,384,384,896857,2021,Abu Dhabi,June,Sunday,Evening,the third week,Be shocked,Overcoming the red light signal,Intersection of the Arabian Gulf - Al Saada,garden,Supervisor,Intersection,day,Wicked (Bad),No Clouds,dry,passenger,Rapid in the back seat,Simple,31,Male,100,4,There is no,Not on or by (20) meters of a,1
385,385,385,896858,2021,Sharjah,February,Friday,At noon,The first week,Run,Not to give priority to the infantry crossing,Sheikh Saqr bin Khalid Al Qasimi Street,Residential area,Boding,Double road,day,Wicked (Bad),No Clouds,dry,pedestrian,There is no passenger,Simple,53,Female,60,3,He crosses pedestrian crossing lines,Not on or by (20) meters of a,1
386,386,386,896859,2021,Abu Dhabi,January,Thursday,In the afternoon,The first week,Be shocked,Overcoming the red light signal,Shakhboot Bin Sultan Street,Petrol station,Merkhania,Double road,Night - Enough lighting,Wicked (Bad),No Clouds,dry,passenger,A passenger in the front seat,Simple,39,Male,100,4,There is no,Multi -legs intersection,1
387,387,387,896860,2021,Sharjah,January,Tuesday,At noon,fourth week,Run,Not to give priority to the infantry crossing,Hassan bin Thabit Street,Residential area,The metaphor 3,Double road,day,Wicked (Bad),No Clouds,dry,pedestrian,There is no passenger,Simple,36,Male,60,2,He crosses pedestrian crossing lines,Not on or by (20) meters of a,1
388,388,388,896861,2021,Abu Dhabi,November,Friday,At noon,second week,Cross -100,Not adhering to the mandatory itinerary,Jabal Hafit Street,Mountainous area,There is no definition of regions,Double road,day,Wicked (Bad),No Clouds,dry,passenger,Rapid in the back seat,Simple,31,Male,60,2,There is no,Not at intersection,1
389,389,389,896862,2021,Abu Dhabi,Dec,Saturday,Evening,the third week,Shock,Driving the vehicle under the influence of alcohol,An internal street,School,magnanimity,Other (select),Night - Enough lighting,Wicked (Bad),No Clouds,dry,driver,Driver,Simple,50,Male,60,2,There is no,Not on or by (20) meters of a,1
390,390,390,896863,2021,Abu Dhabi,Dec,Monday,In the afternoon,the third week,Shock,Overcoming the red light signal,Rashid between Sayed Al Maktoum Street (Tah),Residential area,The General Police Command Bridge,Intersection,day,Wicked (Bad),No Clouds,dry,driver,Driver,Simple,42,Female,100,4,There is no,Vertical cross intersection,1
391,391,391,896864,2021,Abu Dhabi,October,Thursday,At noon,The first week,Shock,Failure to adhere to traffic signs,Sultan Bin Zayed the First Street (Thirty Two),Governmental,There is no definition of regions,Dhuatatin Road,day,Wicked (Bad),No Clouds,dry,passenger,Rapid in the back seat,Simple,7,Female,40,2,There is no,Not at intersection,1
392,392,392,896865,2021,Umm Al Quwain,June,Tuesday,Evening,The first week,Deterioration,Driving without a driver's license at all,Sheikh Zayed bin Sultan Al Nahyan Street,External road,Al -Rashidiya area,Out of the way,Night - Enough lighting,curve,No Clouds,dry,driver,Driver,Simple,14,Male,100,2,There is no,Not on or by (20) meters of a,1
393,393,393,896866,2021,Abu Dhabi,Dec,Thursday,Before noon,the third week,Shock,Overcoming the red light signal - the arrow signal,Nissan Najda Showroom - Al Masaood Automobiles,Commercial area,the airport,Intersection,day,Wicked (Bad),No Clouds,dry,passenger,Rapid in the back seat,Simple,35,Male,100,4,There is no,Vertical cross intersection,1
394,394,394,896867,2021,Fujairah,June,Tuesday,At noon,the third week,Be shocked,Enter a major road without making sure that it is free,Al -Akkamiya Interior Street,Residential area,Dibba Al -Fujairah / Al -Awkamiya area,Individual,day,Wicked (Bad),No Clouds,Temple,passenger,A passenger in the front seat,Simple,37,Male,40,1,There is no,Not on or by (20) meters of a,1
395,395,395,896868,2021,Ras Al Khaimah,January,Friday,In the afternoon,The first week,Cross -100,Enter a major road without making sure that it is free,Al -Ittihad Street near the National School,Others,Southern,Intersection,day,Wicked (Bad),No Clouds,Temple,driver,Driver,Simple,35,Female,40,2,There is no,Vertical cross intersection,1
396,396,396,896869,2021,Abu Dhabi,October,Thursday,Before noon,The first week,Shock,Overcoming the red light signal - the arrow signal,Sultan Bin Zayed the First Street (Thirty Two),Governmental,There is no definition of regions,Intersection,day,Wicked (Bad),No Clouds,dry,driver,Driver,Simple,57,Male,100,3,There is no,Vertical cross intersection,1
397,397,397,896870,2021,Abu Dhabi,February,Tuesday,Evening,second week,Shock,Sudden deviation,corneche Street,Commercial area,The port,public road,Night - Enough lighting,Wicked (Bad),No Clouds,dry,passenger,A passenger in the front seat,Simple,20,Female,80,4,There is no,Not at intersection,1
398,398,398,896871,2021,Ras Al Khaimah,May,Tuesday,At noon,The first week,Deterioration,Sudden deviation,Al -Munai’i Street,Residential area,Al -Munai’i,Double road,day,curve,rainy,Foundation,driver,Driver,Simple,15,Male,60,2,There is no,Others,1
399,399,399,896872,2021,Sharjah,September,Monday,Before noon,second week,Shock,Preoccupation with the road while driving the vehicle in any way,Sheikh Mohammed bin Zayed Street,Tunnel / Bridge,The red patch,Out of the way,Night - Enough lighting,Wicked (Bad),No Clouds,dry,driver,Driver,Simple,27,Female,120,3,There is no,Not on or by (20) meters of a,1
400,400,400,896873,2021,Abu Dhabi,September,Wednesday,Evening,The fifth week,Shock,Overcoming the red light signal,Abu Dhabi Road - Al Ain,External road,Mohammed bin Zayed City,public road,Night - Enough lighting,Wicked (Bad),No Clouds,dry,passenger,A passenger in the front seat,Simple,36,Female,80,3,There is no,Vertical cross intersection,1
401,401,401,896874,2021,Ras Al Khaimah,July,Tuesday,At noon,the third week,Be shocked,Sudden deviation,"Sheikh Khalifa Street, Shawka area",External road,fork,public road,day,Wicked (Bad),No Clouds,dry,passenger,A passenger in the front seat,Simple,31,Male,120,3,There is no,Not on or by (20) meters of a,1
402,402,402,896875,2021,Ras Al Khaimah,August,Thursday,Evening,fourth week,Shock,Not leaving enough distance,Mohammed bin Salem Street near the Arab port,External road,The Red Island,public road,Night - Enough lighting,crowded,No Clouds,Temple,driver,Driver,Simple,29,Male,100,2,There is no,Not at intersection,1
403,403,403,896876,2021,Fujairah,October,Friday,In the afternoon,the third week,Be shocked,Preoccupation with the road while driving the vehicle in any way,An internal street,Others,Bureaux area,Intersection,day,Other (select),No Clouds,Temple,driver,Driver,Simple,24,Male,30,1,There is no,Not on or by (20) meters of a,1
404,404,404,896877,2021,Fujairah,March,Monday,Before noon,fourth week,Be shocked,Enter a major road without making sure that it is free,Civil Defense Roundabout,School,Flyer,vertigo,day,Wicked (Bad),No Clouds,Temple,driver,Driver,Simple,28,Male,60,3,There is no,vertigo,1
405,405,405,896878,2021,Sharjah,April,Saturday,Evening,the third week,Run,Negligence and lack of attention,Omar bin al-Khattab Street,Mosque,Butter,public road,Night - Enough lighting,Wicked (Bad),No Clouds,dry,pedestrian,There is no passenger,Simple,6,Male,60,2,He crosses not on transit lines,Not on or by (20) meters of a,1
406,406,406,896879,2021,Sharjah,March,Wednesday,Evening,second week,Be shocked,Enter a major road without making sure that it is free,There is no definition,Residential area,Readings 5,Double road,Night - Enough lighting,Wicked (Bad),No Clouds,dry,driver,Driver,Simple,54,Female,60,2,There is no,Vertical cross intersection,1
407,407,407,896880,2021,Umm Al Quwain,February,Sunday,Before noon,The first week,Be shocked,Exaggeration in a place where transgression is forbidden,International Federation Street,Residential area,Al -Salamah area a,Double road,day,Wicked (Bad),No Clouds,dry,driver,Driver,Simple,28,Male,60,2,There is no,A meeting of half -vertical roads,1
408,408,408,896881,2021,Fujairah,July,Thursday,Before noon,the third week,Be shocked,Sudden deviation,An internal street,Mountainous area,Ceiji area,Dhuatatin Road,day,curve,No Clouds,Temple,driver,Driver,Simple,23,Male,60,2,There is no,Not on or by (20) meters of a,1
409,409,409,896882,2021,Abu Dhabi,February,Friday,Evening,fourth week,Shock,Not leaving enough distance,Abu Dhabi Road - Al Ain,Residential area,Treasury Bridge,Other (select),Night - Enough lighting,Wicked (Bad),No Clouds,dry,passenger,Rapid in the back seat,Simple,15,Male,160,4,There is no,Not on or by (20) meters of a,1
410,410,410,896883,2021,Sharjah,Dec,Tuesday,In the afternoon,The first week,Run,Overing from the right or ingredon is cautious,Sheikh Saqr bin Khalid Al Qasimi Street,Residential area,Stupidity,Other (select),day,Wicked (Bad),No Clouds,dry,pedestrian,There is no passenger,Simple,12,Male,40,1,There is no,Others,1
411,411,411,896884,2021,Abu Dhabi,Dec,Sunday,Evening,fourth week,Shock,Preoccupation with the road while driving the vehicle in any way,Liwa Street,Others,Zayed City,Individual,Night - Enough lighting,Wicked (Bad),No Clouds,dry,driver,Driver,Simple,27,Male,140,2,There is no,Not at intersection,1
412,412,412,896885,2021,Sharjah,May,Friday,Before noon,fourth week,Shock,Preoccupation with the road while driving the vehicle in any way,Maliha Street,Residential area,Mud,Double road,Night - Enough lighting,Wicked (Bad),No Clouds,dry,passenger,Rapid in the back seat,Simple,11,Male,80,2,There is no,Hole,1
413,413,413,896886,2021,Abu Dhabi,May,Sunday,Before noon,the third week,Run,Not to make the road / not to give the brigades,corneche Street,Commercial area,The port,public road,day,Wicked (Bad),No Clouds,dry,pedestrian,There is no passenger,Simple,35,Female,40,2,There is no,Not at intersection,1
414,414,414,896887,2021,Abu Dhabi,November,Saturday,Before noon,The first week,Shock,Overcoming the red light signal - the arrow signal,Zayed the First Intersection - Al Salam,Commercial area,Central,Intersection,day,Wicked (Bad),No Clouds,dry,driver,Driver,Simple,23,Male,80,4,There is no,Vertical cross intersection,1
415,415,415,896888,2021,Abu Dhabi,Dec,Wednesday,Before noon,the third week,Be shocked,Sudden deviation,Rashid between Sayed Al Maktoum Street (Tah),Governmental,the airport,public road,day,Wicked (Bad),No Clouds,dry,driver,Driver,Simple,53,Female,80,4,There is no,Not at intersection,1
416,416,416,896889,2021,Sharjah,November,Wednesday,At noon,fourth week,Consecutive,Not leaving enough distance,College of Fine Arts,Others,University city,Individual,day,Wicked (Bad),No Clouds,dry,passenger,A passenger in the front seat,Simple,38,Female,60,2,There is no,Not on or by (20) meters of a,1
417,417,417,896890,2021,Abu Dhabi,April,Sunday,Before noon,second week,Be shocked,Fatigue and drowsiness,General Street (Abu Dhabi - Commodities),External road,Ruwais,Double road,day,Wicked (Bad),No Clouds,dry,passenger,Rapid in the back seat,Simple,27,Male,160,3,There is no,Not on or by (20) meters of a,1
418,418,418,896891,2021,Abu Dhabi,October,Saturday,Before noon,The first week,Deterioration,Preoccupation with the road while driving the vehicle in any way,The shampoo,Tunnel / Bridge,There is no definition of regions,Individual,day,Wicked (Bad),fog,Temple,passenger,Rapid in the back seat,Simple,17,Male,80,1,There is no,Not on or by (20) meters of a,1
419,419,419,896892,2021,Abu Dhabi,August,Wednesday,Evening,the third week,Shock,Preoccupation with the road while driving the vehicle in any way,There is no definition,External road,Between the two bridges,public road,day,Wicked (Bad),No Clouds,dry,passenger,Rapid in the back seat,Simple,24,Male,80,3,There is no,Not at intersection,1
420,420,420,896893,2021,Umm Al Quwain,February,Tuesday,Before noon,The first week,Be shocked,Enter a major road without making sure that it is free,Sheikh Ahmed bin Rashid Al Mualla Street.,Commercial area,Al Hamra District d,vertigo,day,Wicked (Bad),No Clouds,dry,passenger,Bike,Simple,34,Male,60,2,There is no,vertigo,1
421,421,421,896894,2021,Abu Dhabi,Dec,Friday,Before noon,second week,Be shocked,Not to make the road / not to give the brigades,Air Roundabout,Commercial area,Embassies,public road,Night - Enough lighting,Wicked (Bad),No Clouds,dry,passenger,A passenger in the front seat,Simple,66,Female,80,4,There is no,vertigo,1
422,422,422,896895,2021,Abu Dhabi,September,Friday,Before noon,The first week,A fixed body was shocked outside the road,Driving the vehicle under the influence of alcohol,Abu Dhabi Road - Al Ain,External road,Sas Al Nakhl Bridge,public road,day,Wicked (Bad),No Clouds,dry,passenger,Rapid in the back seat,Simple,27,Female,80,2,There is no,Not on or by (20) meters of a,1
423,423,423,896896,2021,Abu Dhabi,Dec,Wednesday,At noon,the third week,Be shocked,Overcoming the red light signal - the arrow signal,Eastern Street (Al Traffic) (Four),Residential area,There is no definition of regions,public road,day,Wicked (Bad),No Clouds,dry,passenger,Rapid in the back seat,Simple,34,Female,80,4,There is no,Multi -legs intersection,1
424,424,424,896897,2021,Ras Al Khaimah,February,Friday,At noon,the third week,Deterioration,Negligence and lack of attention,Al Ras area,Coastal area,Whisper,Other (select),day,Other (select),No Clouds,earthy,driver,Driver,Simple,29,Male,10,1,There is no,Others,1
425,425,425,896898,2021,Abu Dhabi,May,Sunday,Evening,fourth week,Be shocked,Not adhering to the mandatory itinerary,Reem Island,Commercial area,Reem Island,Intersection,day,Wicked (Bad),No Clouds,dry,driver,Driver,Simple,34,Male,80,4,There is no,Vertical cross intersection,1
426,426,426,896899,2021,Abu Dhabi,November,Tuesday,At noon,the third week,Be shocked,Tire explosion,Sheikh Maktoum Bin Rashid Street,External road,Sayeh Al -Sidair,Double road,day,Wicked (Bad),No Clouds,dry,passenger,Rapid in the back seat,Simple,38,Female,140,4,There is no,Not on or by (20) meters of a,1
427,427,427,896900,2021,Sharjah,February,Saturday,Evening,the third week,Shock,The lack of conditions of security and traffic safety,industrial area,Work area,Industrial Zone,vertigo,Night - without lighting,Wicked (Bad),No Clouds,dry,driver,Driver,Simple,20,Male,60,1,There is no,vertigo,1
428,428,428,896901,2021,Abu Dhabi,April,Wednesday,Evening,second week,Shock,Overcoming the red light signal,Rashid between Sayed Al Maktoum Street (Tah),Commercial area,There is no definition of regions,Intersection,Night - Enough lighting,Wicked (Bad),No Clouds,dry,driver,Driver,Simple,42,Female,100,4,There is no,Vertical cross intersection,1
429,429,429,896902,2021,Umm Al Quwain,Dec,Thursday,Evening,the third week,Shock,Not leaving enough distance,Sheikh Mohammed bin Zayed Street (Umm Al Qain - Ras Al Khaimah),External road,Navel,Double road,day,Wicked (Bad),No Clouds,dry,driver,Driver,Simple,22,Male,120,3,There is no,Not on or by (20) meters of a,1
430,430,430,896903,2021,Abu Dhabi,November,Friday,At noon,The first week,Run,Preoccupation with the road while driving the vehicle in any way,Abu Dhabi Road - Al Ain,Tunnel / Bridge,Al Wathba (East + West),Double road,day,crowded,No Clouds,Temple,pedestrian,There is no passenger,Simple,37,Male,160,3,There is no,Not on or by (20) meters of a,1
431,431,431,896904,2021,Abu Dhabi,October,Thursday,At noon,The first week,Shock,Failure to adhere to traffic signs,Sultan Bin Zayed the First Street (Thirty Two),Governmental,There is no definition of regions,Dhuatatin Road,day,Wicked (Bad),No Clouds,dry,driver,Driver,Simple,43,Female,40,2,There is no,Not at intersection,1
432,432,432,896905,2021,Ras Al Khaimah,November,Thursday,At noon,The first week,Be shocked,Enter a major road without making sure that it is free,Asma intersection,Others,Inconsistent,Double road,day,Wicked (Bad),No Clouds,Temple,passenger,A passenger in the front seat,Simple,25,Female,80,2,There is no,Vertical cross intersection,1
433,433,433,896906,2021,Abu Dhabi,November,Tuesday,Before noon,fourth week,Be shocked,Overcoming the red light signal,Khalifa Bin Shakhbout Street(Twenty Eight),Governmental,There is no definition of regions,Intersection,day,Wicked (Bad),No Clouds,dry,driver,Driver,Simple,46,Male,80,4,There is no,Increase deviant roads,1
434,434,434,896907,2021,Abu Dhabi,July,Thursday,In the afternoon,The fifth week,Consecutive,Preoccupation with the road while driving the vehicle in any way,Truck Road,External road,There is no definition of regions,Double road,Night - Enough lighting,Wicked (Bad),No Clouds,dry,driver,Driver,Simple,51,Male,120,3,There is no,Not on or by (20) meters of a,1
435,435,435,896908,2021,Sharjah,April,Friday,Evening,The fifth week,Cross -100,Preoccupation with the road while driving the vehicle in any way,King Abdulaziz Street,Residential area,Bushra,Intersection,Night - Enough lighting,Wicked (Bad),No Clouds,dry,driver,Bike,Simple,28,Male,40,2,There is no,A meeting of half -vertical roads,1
436,436,436,896909,2021,Abu Dhabi,November,Monday,Before noon,second week,Deterioration,Speed without taking into account the road conditions,Zayed the First Street(Seven),Commercial area,Khalidiya,Intersection,day,Wicked (Bad),No Clouds,dry,driver,Bike,Simple,32,Male,80,4,There is no,Vertical cross intersection,1
437,437,437,896910,2021,Fujairah,February,Monday,At noon,second week,Be shocked,Enter a major road without making sure that it is free,airport Street,Governmental,Marishid area,public road,day,Wicked (Bad),No Clouds,dry,driver,Driver,Simple,25,Male,80,2,There is no,Not at intersection,1
438,438,438,896911,2021,Sharjah,August,Tuesday,At noon,second week,Shock,Negligence and lack of attention,Al Dhaid Sharjah Street,Governmental,Miserable,Double road,day,Wicked (Bad),No Clouds,dry,passenger,A passenger in the front seat,Simple,39,Female,100,3,There is no,Not on or by (20) meters of a,1
439,439,439,896912,2021,Abu Dhabi,November,Sunday,Before noon,second week,Shock,Not leaving enough distance,Sheikh Khalifa Bridge,Tunnel / Bridge,Sa'adiat Island,bridge,day,Wicked (Bad),No Clouds,dry,passenger,Rapid in the back seat,Simple,35,Male,100,4,There is no,Not at intersection,1
440,440,440,896913,2021,Abu Dhabi,April,Sunday,At noon,The first week,Shock,Preoccupation with the road while driving the vehicle in any way,There is no definition,Commercial area,Industrial Archbishop,Double road,day,Wicked (Bad),No Clouds,dry,driver,Driver,Simple,67,Male,60,3,There is no,Not on or by (20) meters of a,1
441,441,441,896914,2021,Abu Dhabi,August,Friday,At noon,The first week,Run,Preoccupation with the road while driving the vehicle in any way,There is no definition,Commercial area,Industrial Archbishop,Dhuatatin Road,day,Wicked (Bad),No Clouds,dry,pedestrian,There is no passenger,Simple,27,Male,40,1,He crosses not on transit lines,Not on or by (20) meters of a,1