,Unnamed: 0.1,Unnamed: 0,Fake ID,Year,City,Month,Day,Time,Week,Type Of Accident,Reasons,Street,Place,Area,Location,Lighting,Road Condition,Weather Condition,Road surface,Lay injured,Injured seat,Degree of injury,Age of the injured,The person's gender,Speed of the road,Number of tracks,Pedestrian behavior,Intersection,Total
442,442,442,896915,2021,Abu Dhabi,October,Wednesday,Before noon,second week,Shock,Preoccupation with the road while driving the vehicle in any way,Arabian Gulf Street(Thirty),Governmental,There is no definition of regions,public road,day,crowded,No Clouds,dry,driver,Driver,Simple,31,Male,120,4,There is no,Not at intersection,1
443,443,443,896916,2021,Abu Dhabi,November,Friday,Evening,fourth week,Cross -100,Sudden deviation,Abu Dhabi Road - Al Ain,Others,Al Wathba (East + West),Individual,Night - Enough lighting,Wicked (Bad),No Clouds,dry,passenger,Rapid in the back seat,Simple,22,Male,80,1,There is no,Not on or by (20) meters of a,1
444,444,444,896917,2021,Ajman,August,Saturday,Evening,fourth week,Be shocked,Not adhering to the mandatory itinerary,Sheikh Mohammed bin Zayed Street,Petrol station,Hill,Double road,day,Wicked (Bad),No Clouds,dry,passenger,Rapid in the back seat,Simple,14,Male,120,0,There is no,Not on or by (20) meters of a,1
445,445,445,896918,2021,Umm Al Quwain,January,Monday,At noon,The first week,Deterioration,Driving under the influence of intoxicant or anesthetic,International Federation Street,Commercial area,Al -Salamah area a,Double road,Night - Enough lighting,Wicked (Bad),No Clouds,Foundation,driver,Driver,Simple,28,Male,80,2,There is no,vertigo,1
446,446,446,896919,2021,Abu Dhabi,September,Friday,Evening,The first week,Shock,Driving the vehicle under the influence of alcohol,There is no definition,External road,Industrial Archbishop,public road,Night - Enough lighting,Wicked (Bad),No Clouds,dry,passenger,A passenger in the front seat,Simple,26,Male,80,3,There is no,Not on or by (20) meters of a,1
447,447,447,896920,2021,Sharjah,May,Friday,Evening,second week,Deterioration,Sudden deviation,Khorfakkan Road,Tunnel / Bridge,Al -Saqq tunnel to the square tunnel,public road,Night - Enough lighting,Wicked (Bad),No Clouds,dry,passenger,Rapid in the back seat,Simple,36,Male,100,2,There is no,Not on or by (20) meters of a,1
448,448,448,896921,2021,Abu Dhabi,Dec,Friday,Evening,The fifth week,Be shocked,Not to make the road / not to give the brigades,Rashid between Sayed Al Maktoum Street (Tah),Commercial area,Supervisor,public road,Night - Enough lighting,Wicked (Bad),No Clouds,dry,passenger,Rapid in the back seat,Simple,4,Female,80,3,There is no,Not at intersection,1
449,449,449,896922,2021,Abu Dhabi,July,Monday,Evening,fourth week,Be shocked,Driving without a driver's license at all,Sheikh Maktoum Bin Rashid Street,Petrol station,Splendor,Individual,Night - Enough lighting,Wicked (Bad),No Clouds,dry,driver,Driver,Simple,16,Male,80,2,There is no,A meeting of half -vertical roads,1
450,450,450,896923,2021,Abu Dhabi,April,Sunday,Before noon,second week,Be shocked,Fatigue and drowsiness,General Street (Abu Dhabi - Commodities),External road,Ruwais,Double road,day,Wicked (Bad),No Clouds,dry,driver,Driver,Simple,52,Male,160,3,There is no,Not on or by (20) meters of a,1
451,451,451,896924,2021,Sharjah,October,Sunday,Before noon,the third week,Shock,Not leaving enough distance,Al Dhaid Street - from Helwan Bridge to Intersection No. One,Tunnel / Bridge,Hoys,Double road,Night - Enough lighting,Wicked (Bad),No Clouds,dry,driver,Driver,Simple,40,Male,100,3,There is no,Not on or by (20) meters of a,1
452,452,452,896925,2021,Sharjah,May,Friday,Before noon,fourth week,Shock,Preoccupation with the road while driving the vehicle in any way,Maliha Street,Residential area,Mud,Double road,Night - Enough lighting,Wicked (Bad),No Clouds,dry,passenger,A passenger in the front seat,Simple,30,Male,80,2,There is no,Hole,1
453,453,453,896926,2021,Sharjah,July,Wednesday,Evening,The first week,Be shocked,Not to take the necessary traffic safety when the vehicle is disrupted,Sheikh Hamid bin Saqr Al Qasimi Street,Petrol station,Ramla West,Double road,Night - Enough lighting,Wicked (Bad),No Clouds,dry,driver,Driver,Simple,37,Male,80,3,There is no,Not at intersection,1
454,454,454,896927,2021,Ajman,October,Friday,Evening,the third week,Be shocked,Not to make the road / not to give the brigades,unknown,Commercial area,Zawraa,Double road,Night - Enough lighting,Wicked (Bad),No Clouds,dry,passenger,A passenger in the front seat,Simple,28,Female,60,0,There is no,Not on or by (20) meters of a,1
455,455,455,896928,2021,Abu Dhabi,August,Wednesday,Before noon,second week,Run,Not to give priority to the infantry crossing,Zayed the First Intersection - Street Twenty Six,Commercial area,Khalidiya,public road,day,Wicked (Bad),No Clouds,dry,pedestrian,There is no passenger,Simple,33,Female,80,3,He crosses pedestrian crossing lines,Not at intersection,1
456,456,456,896929,2021,Abu Dhabi,November,Saturday,Before noon,The first week,Shock,Overcoming the red light signal - the arrow signal,Zayed the First Intersection - Al Salam,Commercial area,Central,Intersection,day,Wicked (Bad),No Clouds,dry,passenger,Rapid in the back seat,Simple,29,Female,80,4,There is no,Vertical cross intersection,1
457,457,457,896930,2021,Abu Dhabi,February,Monday,Evening,fourth week,Shock,Overcoming the red light signal - the arrow signal,El-Shikh Zayed street,Residential area,There is no definition of regions,Intersection,Night - Enough lighting,Wicked (Bad),No Clouds,dry,passenger,A passenger in the front seat,Simple,28,Male,80,4,There is no,Vertical cross intersection,1
458,458,458,896931,2021,Abu Dhabi,June,Thursday,Before noon,the third week,Shock,Preoccupation with the road while driving the vehicle in any way,Sweihan Road,External road,Enhanced,Individual,day,Wicked (Bad),No Clouds,dry,passenger,Rapid in the back seat,Simple,46,Male,100,3,There is no,Not on or by (20) meters of a,1
459,459,459,896932,2021,Sharjah,March,Saturday,Evening,fourth week,Shock,Not adhering to the mandatory itinerary,Al Dhaid Sharjah Street,an airport,Sharjah International Airport,Double road,Night - Enough lighting,Wicked (Bad),No Clouds,dry,driver,Driver,Simple,49,Male,120,3,There is no,Not at intersection,1
460,460,460,896933,2021,Abu Dhabi,January,Thursday,Evening,The first week,Shock,Fatigue and drowsiness,Abu Dhabi Road - Al Ain,Tunnel / Bridge,Perfection,Individual,Night - Enough lighting,Wicked (Bad),No Clouds,dry,driver,Driver,Medium,34,Male,160,3,There is no,Not on or by (20) meters of a,1
461,461,461,896934,2021,Abu Dhabi,November,Wednesday,Evening,fourth week,Be shocked,Enter a major road without making sure that it is free,Armored road,Commercial area,Industrial armored bridge,Double road,Night - Enough lighting,Wicked (Bad),No Clouds,dry,driver,Driver,Medium,39,Male,40,2,There is no,vertigo,1
462,462,462,896935,2021,Abu Dhabi,February,Thursday,At noon,the third week,A fixed body shocked the road,Not adhering to the mandatory itinerary,Rashid between Sayed Al Maktoum Street (Tah),Commercial area,Segment,Double road,day,Wicked (Bad),No Clouds,dry,passenger,A passenger in the front seat,Medium,10,Female,120,2,There is no,Not on or by (20) meters of a,1
463,463,463,896936,2021,Abu Dhabi,May,Tuesday,Evening,The first week,Cross -100,Overcoming the red light signal,Industrial tunnel signal intersection,Commercial area,Mutawa,Intersection,Night - Enough lighting,Wicked (Bad),No Clouds,dry,passenger,A passenger in the front seat,Medium,34,Female,100,3,There is no,Multi -legs intersection,1
464,464,464,896937,2021,Ras Al Khaimah,March,Saturday,At noon,fourth week,Deterioration,Sudden deviation,"Sheikh Mohammed bin Zayed Street, near Al -Ittihad University",Others,The Red Island,Other (select),Night - Enough lighting,Wicked (Bad),No Clouds,Temple,driver,Driver,Medium,20,Male,40,2,There is no,Not at intersection,1
465,465,465,896938,2021,Abu Dhabi,October,Wednesday,Before noon,second week,Deterioration,Sudden deviation,Tarif road,External road,sedate,Dhuatatin Road,day,Wicked (Bad),No Clouds,dry,driver,Driver,Medium,63,Male,100,2,There is no,Not at intersection,1
466,466,466,896939,2021,Umm Al Quwain,November,Monday,At noon,The first week,Cross -100,Not adhering to the mandatory itinerary,International Federation Street,Residential area,Al -Salamah area a,Double road,day,Wicked (Bad),No Clouds,dry,driver,Bike,Medium,52,Male,40,1,There is no,Not on or by (20) meters of a,1
467,467,467,896940,2021,Abu Dhabi,August,Monday,Before noon,the third week,Be shocked,Overcoming the red light signal,Khalid bin Sultan Street,School,Falaj Hazaa,Intersection,day,Wicked (Bad),No Clouds,dry,driver,Driver,Medium,50,Male,80,3,There is no,Multi -legs intersection,1
468,468,468,896941,2021,Abu Dhabi,June,Saturday,In the afternoon,the third week,Run,Al -Aburvi is a place of infantry for pedestrians,There is no definition,Residential area,Sa'adiat Island,Intersection,day,Wicked (Bad),No Clouds,dry,pedestrian,There is no passenger,Medium,25,Male,80,4,He crosses not on transit lines,Vertical cross intersection,1
469,469,469,896942,2021,Ras Al Khaimah,Dec,Friday,In the afternoon,The first week,Be shocked,Enter a major road without making sure that it is free,Al -Falaiya Street,Petrol station,Atmosphere,Double road,Night - Enough lighting,Wicked (Bad),No Clouds,Temple,passenger,Rapid in the back seat,Medium,27,Male,100,2,There is no,Hole,1
470,470,470,896943,2021,Abu Dhabi,July,Sunday,Before noon,second week,Shock,Overcoming the red light signal,Arabian Gulf Street(Thirty),Governmental,There is no definition of regions,Intersection,day,Wicked (Bad),No Clouds,dry,passenger,Rapid in the back seat,Medium,44,Female,100,4,There is no,Vertical cross intersection,1
471,471,471,896944,2021,Abu Dhabi,January,Friday,At noon,fourth week,Shock,Not to make the road / not to give the brigades,Inner Street No. (Three),Residential area,There is no definition of regions,Intersection,day,Wicked (Bad),No Clouds,dry,passenger,Rapid in the back seat,Medium,7,Male,60,2,There is no,A meeting of half -vertical roads,1
472,472,472,896945,2021,Abu Dhabi,June,Saturday,In the afternoon,the third week,Shock,Negligence and lack of attention,Al Ain Street - Dubai,Petrol station,Hayer,public road,day,Wicked (Bad),No Clouds,dry,driver,Driver,Medium,24,Male,140,4,There is no,Not on or by (20) meters of a,1
473,473,473,896946,2021,Ajman,May,Wednesday,In the afternoon,the third week,Be shocked,Negligence and lack of attention,King Faisal Street,Residential area,Naimia,Individual,day,Wicked (Bad),No Clouds,dry,driver,Driver,Medium,10,Male,40,0,There is no,Hole,1
474,474,474,896947,2021,Abu Dhabi,January,Tuesday,Evening,the third week,Be shocked,Enter a major road without making sure that it is free,Khalifa Bin Zayed Street,Governmental,Sih bin Ammar,Double road,Night - Enough lighting,Wicked (Bad),No Clouds,dry,driver,Driver,Medium,21,Male,100,3,There is no,Vertical cross intersection,1
475,475,475,896948,2021,Abu Dhabi,January,Thursday,Before noon,The first week,Consecutive,Preoccupation with the road while driving the vehicle in any way,Sweihan Street - Al Hir,External road,All regions,Double road,day,Wicked (Bad),No Clouds,dry,driver,Driver,Medium,40,Female,140,2,There is no,Not at intersection,1
476,476,476,896949,2021,Ajman,September,Monday,At noon,the third week,Cross -100,Negligence and lack of attention,unknown,Residential area,Al -Raqeeb 1,Double road,Night - Enough lighting,Other (select),No Clouds,dry,pedestrian,There is no passenger,Medium,40,Male,60,0,Familiar,vertigo,1
477,477,477,896950,2021,Abu Dhabi,April,Wednesday,At noon,The first week,Shock,Enter a major road without making sure that it is free,There is no definition,Commercial area,Industrial Archbishop,Double road,day,Wicked (Bad),No Clouds,dry,driver,Driver,Medium,35,Male,60,3,There is no,Not on or by (20) meters of a,1
478,478,478,896951,2021,Abu Dhabi,November,Thursday,Before noon,second week,Deterioration,Not adhering to the mandatory itinerary,Rakhr roundabout,Residential area,full,vertigo,day,Wicked (Bad),No Clouds,dry,driver,Driver,Medium,22,Male,60,3,There is no,vertigo,1
479,479,479,896952,2021,Abu Dhabi,June,Saturday,At noon,the third week,Shock,Preoccupation with the road while driving the vehicle using the phone,Sheikh Maktoum Bin Rashid Street,External road,Sih Al -Shuaib,Double road,day,Wicked (Bad),No Clouds,dry,driver,Driver,Medium,23,Male,140,4,There is no,Not on or by (20) meters of a,1
480,480,480,896953,2021,Abu Dhabi,August,Wednesday,In the afternoon,the third week,Be shocked,Overcoming the red light signal,Khalifa Bin Zayed Street,Residential area,Eclipse,Intersection,day,Wicked (Bad),No Clouds,dry,driver,Driver,Medium,25,Male,80,3,There is no,Vertical cross intersection,1
481,481,481,896954,2021,Abu Dhabi,May,Sunday,At noon,The first week,Shock,Not to give priority to the infantry crossing,Baynunah Street(Thirty Four),Commercial area,There is no definition of regions,public road,day,Wicked (Bad),No Clouds,dry,driver,Driver,Medium,43,Female,80,3,There is no,Not on or by (20) meters of a,1
482,482,482,896955,2021,Abu Dhabi,October,Saturday,At noon,fourth week,Shock,Not leaving enough distance,Rashid between Sayed Al Maktoum Street (Tah),Commercial area,Unit,Intersection,day,Wicked (Bad),No Clouds,dry,driver,Bike,Medium,34,Male,80,4,There is no,Vertical cross intersection,1
483,483,483,896956,2021,Abu Dhabi,July,Wednesday,Evening,the third week,Shock,Driving the vehicle under the influence of alcohol,IP - SW Two Hundred and One,Commercial area,Maria Island,Individual,Night - Enough lighting,Wicked (Bad),No Clouds,dry,driver,Driver,Medium,55,Male,80,3,There is no,Not on or by (20) meters of a,1
484,484,484,896957,2021,Sharjah,May,Thursday,Before noon,fourth week,Be shocked,Preoccupation with the road while driving the vehicle in any way,Maliha Street,External road,Sword,Out of the way,day,Wicked (Bad),No Clouds,dry,driver,Driver,Medium,33,Female,120,5,There is no,Not on or by (20) meters of a,1
485,485,485,896958,2021,Ras Al Khaimah,January,Thursday,Evening,fourth week,Shock,Sudden deviation,Emirates Al Saadi Street,Others,The Red Island,public road,Night - Enough lighting,Wicked (Bad),No Clouds,Temple,passenger,Rapid in the back seat,Medium,37,Female,120,2,There is no,Not at intersection,1
486,486,486,896959,2021,Abu Dhabi,February,Thursday,At noon,the third week,A fixed body shocked the road,Not adhering to the mandatory itinerary,Rashid between Sayed Al Maktoum Street (Tah),Commercial area,Segment,Double road,day,Wicked (Bad),No Clouds,dry,driver,Driver,Medium,24,Female,120,2,There is no,Not on or by (20) meters of a,1
487,487,487,896960,2021,Abu Dhabi,June,Monday,At noon,fourth week,Shock,Preoccupation with the road while driving the vehicle in any way,General Street (Abu Dhabi - Commodities),External road,Commodity,Double road,day,Wicked (Bad),No Clouds,dry,driver,Driver,Medium,31,Male,160,3,There is no,Not on or by (20) meters of a,1
488,488,488,896961,2021,Abu Dhabi,November,Monday,Evening,fourth week,Shock,Preoccupation with the road while driving the vehicle using the phone,There is no definition,External road,There is no definition of regions,public road,day,Wicked (Bad),No Clouds,dry,driver,Driver,Medium,37,Male,120,2,There is no,Not on or by (20) meters of a,1
489,489,489,896962,2021,Ajman,June,Thursday,Before noon,The first week,Shock,Enter a major road without making sure that it is free,Khalifa Bin Zayed Street,Commercial area,Rashidiya,Double road,day,Wicked (Bad),No Clouds,dry,driver,Driver,Medium,27,Male,80,0,There is no,Not on or by (20) meters of a,1
490,490,490,896963,2021,Abu Dhabi,November,Thursday,Evening,second week,Shock,Preoccupation with the road while driving the vehicle in any way,IPSix Zayed the First Intersection - Street Thirty Two (Sultan Bin Zayed),Commercial area,Khalidiya,Intersection,Night - Enough lighting,Wicked (Bad),No Clouds,dry,driver,Bike,Medium,41,Male,80,4,There is no,Not at intersection,1
491,491,491,896964,2021,Abu Dhabi,August,Saturday,Evening,the third week,Be shocked,Enter a major road without making sure that it is free,Abu Dhabi Road - Al Ain,Residential area,Mohammed bin Zayed City,Intersection,Night - Enough lighting,Wicked (Bad),No Clouds,dry,driver,Driver,Medium,16,Male,40,2,There is no,Not on or by (20) meters of a,1
492,492,492,896965,2021,Ras Al Khaimah,April,Friday,In the afternoon,The fifth week,Be shocked,Enter a major road without making sure that it is free,Al -Munai’i Street,Mountainous area,Al -Munai’i,vertigo,Night - Enough lighting,Wicked (Bad),No Clouds,dry,driver,Driver,Medium,23,Male,100,2,There is no,Not on or by (20) meters of a,1
493,493,493,896966,2021,Abu Dhabi,November,Tuesday,In the afternoon,The first week,Be shocked,Not adhering to the mandatory itinerary,Rashid between Sayed Al Maktoum Street (Tah),Commercial area,Lagier,Individual,Night - Enough lighting,Wicked (Bad),No Clouds,dry,driver,Bike,Medium,28,Male,100,4,There is no,Not on or by (20) meters of a,1
494,494,494,896967,2021,Abu Dhabi,March,Monday,Evening,The first week,Deterioration,Mechanical malfunction while walking,There is no definition,External road,Industrial Archbishop,Double road,Night - Enough lighting,Wicked (Bad),No Clouds,dry,driver,Driver,Medium,39,Male,120,4,There is no,Not on or by (20) meters of a,1
495,495,495,896968,2021,Abu Dhabi,Dec,Monday,Evening,fourth week,Be shocked,Overcoming the red light signal,Shakhboot Bin Sultan Street,External road,Ventricle,Intersection,Night - Enough lighting,Wicked (Bad),No Clouds,dry,driver,Driver,Medium,26,Male,80,3,There is no,Multi -legs intersection,1
496,496,496,896969,2021,Ajman,Dec,Thursday,Before noon,The fifth week,Run,Negligence and lack of attention,Sheikh Ammar bin Humaid Al -Nuaimi Street,Commercial area,Hill,Double road,Night - Enough lighting,Wicked (Bad),No Clouds,dry,pedestrian,There is no passenger,Medium,31,Female,60,0,He crosses not on transit lines,Not on or by (20) meters of a,1
497,497,497,896970,2021,Abu Dhabi,July,Sunday,Before noon,second week,Be shocked,Preoccupation with the road while driving the vehicle in any way,Abu Dhabi Road - Al Ain,External road,Hoop,public road,day,Wicked (Bad),No Clouds,dry,driver,Driver,Medium,30,Female,140,4,There is no,Not on or by (20) meters of a,1
498,498,498,896971,2021,Ajman,November,Friday,Evening,the third week,Run,Overing from the shoulder of the road,Sheikh Ammar bin Humaid Al -Nuaimi Street,Commercial area,Kindergarten,Double road,Night - Enough lighting,Hole,No Clouds,dry,pedestrian,There is no passenger,Medium,22,Male,80,0,He crosses not on transit lines,Not on or by (20) meters of a,1
499,499,499,896972,2021,Abu Dhabi,March,Thursday,In the afternoon,second week,Shock,Preoccupation with the road while driving the vehicle in any way,Sheikh Maktoum Bin Rashid Street,Tunnel / Bridge,Long Bridge,Individual,day,Wicked (Bad),No Clouds,dry,driver,Driver,Medium,30,Male,140,2,There is no,Not on or by (20) meters of a,1
500,500,500,896973,2021,Abu Dhabi,Dec,Friday,Evening,the third week,Run,Negligence and lack of attention,There is no definition,Commercial area,Industrial Archbishop,Individual,Night - Enough lighting,Wicked (Bad),No Clouds,dry,pedestrian,There is no passenger,Medium,34,Male,20,2,There is no,Not on or by (20) meters of a,1
501,501,501,896974,2021,Abu Dhabi,July,Friday,Evening,second week,Run,Not to give priority to the infantry crossing,Khalifa Bin Zayed Street,Governmental,Sih bin Ammar,public road,Night - Enough lighting,Wicked (Bad),No Clouds,dry,driver,Driver,Medium,21,Male,100,3,There is no,Not at intersection,1
502,502,502,896975,2021,Ras Al Khaimah,January,Friday,In the afternoon,fourth week,Cross -100,The lack of conditions of security and traffic safety,Hamrania Street,External road,Stagnation,Individual,day,Wicked (Bad),No Clouds,Temple,passenger,Rapid in the back seat,Medium,22,Female,60,1,There is no,Not on or by (20) meters of a,1
503,503,503,896976,2021,Ajman,July,Wednesday,Before noon,The first week,Deterioration,Negligence and lack of attention,unknown,Commercial area,Industrial,Individual,Night - Enough lighting,Wicked (Bad),No Clouds,dry,pedestrian,There is no passenger,Medium,5,Male,60,0,He crosses not on transit lines,Not on or by (20) meters of a,1
504,504,504,896977,2021,Abu Dhabi,March,Wednesday,In the afternoon,The fifth week,Deterioration,Preoccupation with the road while driving the vehicle in any way,Inner Street No. (Three),Petrol station,There is no definition of regions,vertigo,Night - weak lighting,Wicked (Bad),No Clouds,dry,driver,Bike,Medium,42,Male,40,2,There is no,vertigo,1
505,505,505,896978,2021,Abu Dhabi,June,Thursday,In the afternoon,the third week,Shock,Return back without making sure that the road is free,Abu Dhabi Road - Al Ain,Residential area,Mohammed bin Zayed City,Individual,day,Wicked (Bad),No Clouds,dry,driver,Driver,Medium,32,Male,80,2,There is no,Not on or by (20) meters of a,1
506,506,506,896979,2021,Abu Dhabi,Dec,Tuesday,Before noon,The first week,Be shocked,Not adhering to the mandatory itinerary,Rashid between Sayed Al Maktoum Street (Tah),Commercial area,Supervisor,Double road,day,Wicked (Bad),No Clouds,dry,driver,Bike,Medium,25,Male,100,4,There is no,Not on or by (20) meters of a,1
507,507,507,896980,2021,Abu Dhabi,August,Wednesday,At noon,The first week,Shock,Overcoming the red light signal - the arrow signal,Intersection of the Arabian Gulf - Mohammed bin Khalifa,Commercial area,Kindergarten,Intersection,day,Wicked (Bad),No Clouds,dry,driver,Driver,Medium,27,Male,80,3,There is no,Vertical cross intersection,1
508,508,508,896981,2021,Abu Dhabi,April,Wednesday,At noon,fourth week,Deterioration,Heavy rains,Al -Hilwear Street,Sandy area,Zayed City Street - Ghayathi,Double road,day,Other (select),windy,Foundation,driver,Driver,Medium,48,Male,80,2,There is no,Not on or by (20) meters of a,1
509,509,509,896982,2021,Abu Dhabi,January,Saturday,At noon,the third week,Be shocked,Enter a major road without making sure that it is free,Al -Mafraq Al -Shawamik Street,Tunnel / Bridge,There is no definition of regions,Double road,day,Wicked (Bad),No Clouds,dry,driver,Driver,Medium,39,Male,140,3,There is no,Not on or by (20) meters of a,1
510,510,510,896983,2021,Ajman,August,Monday,Before noon,fourth week,Shock,Not leaving enough distance,unknown,Commercial area,Industrial cliff 1,Individual,day,Wicked (Bad),No Clouds,dry,driver,Driver,Medium,44,Female,80,0,There is no,Not on or by (20) meters of a,1
511,511,511,896984,2021,Sharjah,August,Tuesday,Evening,the third week,Be shocked,Enter a major road without making sure that it is free,The first industrial street,Residential area,The first industrial,Double road,Night - Enough lighting,Wicked (Bad),No Clouds,dry,driver,Driver,Medium,21,Male,60,3,There is no,Not on or by (20) meters of a,1
512,512,512,896985,2021,Ras Al Khaimah,September,Tuesday,Before noon,The first week,Deterioration,Not adhering to the mandatory itinerary,Rotana Bridge Street to Sheikh Khalifa bin Zayed roundabout,Tunnel / Bridge,Southern,public road,day,Wicked (Bad),No Clouds,Temple,passenger,Rapid in the back seat,Medium,11,Male,80,2,There is no,Not on or by (20) meters of a,1
513,513,513,896986,2021,Ajman,August,Monday,Before noon,second week,Be shocked,Not adhering to the mandatory itinerary,El-Shikh Zayed street,Others,Al -Hamidiya 1,Intersection,Night - Enough lighting,Wicked (Bad),No Clouds,dry,driver,Bike,Medium,26,Male,80,0,There is no,Not on or by (20) meters of a,1
514,514,514,896987,2021,Abu Dhabi,August,Wednesday,Evening,fourth week,Cross -100,Overcoming the red light signal - the arrow signal,Rashid between Sayed Al Maktoum Street (Tah),Residential area,Supervisor,Intersection,Night - Enough lighting,Wicked (Bad),No Clouds,dry,driver,Bike,Medium,30,Male,80,4,There is no,Vertical cross intersection,1
515,515,515,896988,2021,Abu Dhabi,July,Sunday,Before noon,second week,Cross -100,Not adhering to the mandatory itinerary,Hamdan Bin Mohammed Street(Five),Commercial area,There is no definition of regions,Dhuatatin Road,day,Wicked (Bad),No Clouds,dry,driver,Bike,Medium,52,Male,40,2,There is no,Not on or by (20) meters of a,1
516,516,516,896989,2021,Abu Dhabi,May,Monday,Evening,second week,Be shocked,Overcoming the red light signal,Hilton Roundabout (East - Western),Residential area,Sage,Intersection,Night - Enough lighting,Wicked (Bad),No Clouds,dry,driver,Driver,Medium,29,Male,80,3,There is no,Multi -legs intersection,1
517,517,517,896990,2021,Abu Dhabi,October,Thursday,Before noon,fourth week,Be shocked,Enter a major road without making sure that it is free,An internal street,hospital,Maqam,Double road,day,Wicked (Bad),No Clouds,dry,passenger,A passenger in the front seat,Medium,40,Female,40,2,There is no,Hole,1
518,518,518,896991,2021,Abu Dhabi,October,Wednesday,At noon,The first week,Shock,Not leaving enough distance,Abu Dhabi Road - Al Ain,External road,Bani Yas (East),Individual,day,Wicked (Bad),No Clouds,dry,driver,Driver,Medium,53,Male,40,1,There is no,Not on or by (20) meters of a,1
519,519,519,896992,2021,Abu Dhabi,March,Saturday,Evening,second week,A fixed body shocked the road,Driving the vehicle under the influence of alcohol,International airport roads,an airport,There is no definition of regions,vertigo,Night - Enough lighting,Wicked (Bad),No Clouds,dry,driver,Driver,Medium,29,Male,100,3,There is no,vertigo,1
520,520,520,896993,2021,Abu Dhabi,October,Friday,Before noon,The fifth week,Be shocked,Not adhering to the mandatory itinerary,Intimate Street,Sandy area,Miserable,Individual,day,Wicked (Bad),No Clouds,dry,driver,Driver,Medium,50,Male,40,2,There is no,Not on or by (20) meters of a,1
521,521,521,896994,2021,Abu Dhabi,September,Monday,Evening,second week,Run,Return back without making sure that the road is free,There is no definition,Commercial area,Industrial Archbishop,Individual,Night - Enough lighting,Wicked (Bad),No Clouds,dry,pedestrian,There is no passenger,Medium,25,Male,10,1,Familiar,Not on or by (20) meters of a,1
522,522,522,896995,2021,Sharjah,November,Friday,Before noon,second week,Be shocked,Preoccupation with the road while driving the vehicle in any way,Al -Maliha Street / Kalba towards Kalba,External road,Al -Maliha Street / Kalba,Double road,day,Wicked (Bad),No Clouds,dry,passenger,A passenger in the front seat,Medium,47,Female,120,3,There is no,Not at intersection,1
523,523,523,896996,2021,Abu Dhabi,September,Thursday,In the afternoon,The fifth week,Shock,Not adhering to the mandatory itinerary,Rashid between Sayed Al Maktoum Street (Tah),Others,Supervisor,public road,day,Wicked (Bad),No Clouds,dry,driver,Bike,Medium,38,Male,100,4,There is no,Not at intersection,1
524,524,524,896997,2021,Ajman,Dec,Tuesday,Before noon,the third week,A fixed body was shocked outside the road,Negligence and lack of attention,unknown,External road,Industrial cliff 1,Out of the way,Night - Enough lighting,Wicked (Bad),No Clouds,dry,driver,Driver,Medium,47,Male,40,0,He crosses not on transit lines,Not on or by (20) meters of a,1
525,525,525,896998,2021,Abu Dhabi,September,Saturday,Evening,fourth week,Shock,Preoccupation with the road while driving the vehicle in any way,Sheikh Mohammed bin Rashid Al Maktoum Street,External road,Gentott,Double road,Night - Enough lighting,Wicked (Bad),No Clouds,dry,passenger,A passenger in the front seat,Medium,52,Male,140,4,There is no,Not on or by (20) meters of a,1
526,526,526,896999,2021,Abu Dhabi,April,Tuesday,Evening,fourth week,Shock,Fatigue and drowsiness,Al -Mafraq Al -Shawamik Street,External road,Spinning,public road,day,Wicked (Bad),No Clouds,dry,driver,Driver,Medium,37,Male,160,5,There is no,Not at intersection,1
527,527,527,897000,2021,Abu Dhabi,Dec,Friday,In the afternoon,fourth week,Shock,Sir is the opposite of the direction,Three Hundred and Thirty,Tunnel / Bridge,Yass Island,Dhuatatin Road,Night - without lighting,Wicked (Bad),No Clouds,dry,driver,Bike,Medium,32,Male,60,2,There is no,Not on or by (20) meters of a,1
528,528,528,897001,2021,Sharjah,June,Monday,At noon,fourth week,Be shocked,Enter a major road without making sure that it is free,Sheikh Sultan bin Saqr Al Qasimi Street,Petrol station,Maysalon,Individual,Night - Enough lighting,Wicked (Bad),No Clouds,dry,driver,Bike,Medium,23,Male,60,2,There is no,Not on or by (20) meters of a,1