,Unnamed: 0.1,Unnamed: 0,Fake ID,Year,City,Month,Day,Time,Week,Type Of Accident,Reasons,Street,Place,Area,Location,Lighting,Road Condition,Weather Condition,Road surface,Lay injured,Injured seat,Degree of injury,Age of the injured,The person's gender,Speed of the road,Number of tracks,Pedestrian behavior,Intersection,Total
529,529,529,897002,2021,Abu Dhabi,Dec,Thursday,Evening,The fifth week,A fixed body shocked the road,Speed without taking into account the road conditions,Zayed Bin Sultan Street (General),Residential area,Apparent,vertigo,Night - Enough lighting,Wicked (Bad),No Clouds,dry,driver,Driver,Medium,36,Male,100,3,There is no,vertigo,1
530,530,530,897003,2021,Abu Dhabi,February,Saturday,Evening,fourth week,Consecutive,Preoccupation with the road while driving the vehicle in any way,peace Street,Commercial area,City center,Double road,Night - Enough lighting,Wicked (Bad),No Clouds,dry,driver,Driver,Medium,42,Male,80,3,There is no,Not at intersection,1
531,531,531,897004,2021,Abu Dhabi,February,Saturday,Evening,the third week,A fixed body was shocked outside the road,Sudden deviation,An internal street,Residential area,Maqam,Individual,day,Wicked (Bad),No Clouds,dry,passenger,A passenger in the front seat,Medium,16,Male,60,2,There is no,Not on or by (20) meters of a,1
532,532,532,897005,2021,Abu Dhabi,June,Saturday,Evening,the third week,Shock,Not leaving enough distance,There is no definition,Residential area,Between the two bridges,vertigo,Night - Enough lighting,Wicked (Bad),No Clouds,dry,driver,Driver,Medium,40,Male,80,3,There is no,vertigo,1
533,533,533,897006,2021,Abu Dhabi,March,Friday,In the afternoon,fourth week,Be shocked,Not adhering to the mandatory itinerary,Delma Street(Thirteen),garden,There is no definition of regions,public road,day,Wicked (Bad),No Clouds,dry,driver,Bike,Medium,28,Male,80,3,There is no,Not at intersection,1
534,534,534,897007,2021,Abu Dhabi,April,Thursday,In the afternoon,second week,Run,Not to give priority to the infantry crossing,An internal street,Commercial area,City center,Dhuatatin Road,day,Wicked (Bad),No Clouds,dry,pedestrian,There is no passenger,Medium,60,Male,40,2,He crosses not on transit lines,Not at intersection,1
535,535,535,897008,2021,Abu Dhabi,November,Wednesday,Evening,The first week,Be shocked,Enter a major road without making sure that it is free,An internal street,Residential area,Junction,Individual,Night - Enough lighting,Wicked (Bad),No Clouds,dry,driver,Bike,Medium,35,Male,40,1,There is no,A meeting of half -vertical roads,1
536,536,536,897009,2021,Abu Dhabi,October,Wednesday,Before noon,the third week,Consecutive,Not leaving enough distance,Delma intersection - Street Thirty Two,Commercial area,Ventricle,Intersection,day,Wicked (Bad),No Clouds,dry,driver,Driver,Medium,45,Female,60,3,There is no,Vertical cross intersection,1
537,537,537,897010,2021,Abu Dhabi,September,Wednesday,In the afternoon,The first week,Deterioration,Preoccupation with the road while driving the vehicle in any way,Civil Street - Sweihan,External road,All regions,Individual,day,Wicked (Bad),No Clouds,dry,passenger,A passenger in the front seat,Medium,46,Male,120,2,There is no,Not on or by (20) meters of a,1
538,538,538,897011,2021,Abu Dhabi,February,Saturday,In the afternoon,fourth week,Deterioration,Preoccupation with the road while driving the vehicle in any way,Road Road Road,Tunnel / Bridge,Rif Kindergarten Palace,Bridge / tunnel,day,Wicked (Bad),No Clouds,dry,driver,Bike,Medium,31,Male,60,2,There is no,Not on or by (20) meters of a,1
539,539,539,897012,2021,Abu Dhabi,April,Saturday,In the afternoon,the third week,A fixed body shocked the road,Sudden deviation,Abu Dhabi Road - Al Ain,Tunnel / Bridge,Al -Faya Bridge,Individual,day,Wicked (Bad),No Clouds,dry,driver,Driver,Medium,31,Male,160,3,There is no,Not on or by (20) meters of a,1
540,540,540,897013,2021,Abu Dhabi,November,Tuesday,Evening,fourth week,A fixed body shocked the road,Driving the vehicle under the influence of alcohol,Sas Al Nakhl Island,Commercial area,Sas Al Nakhl (Umm Fire),Individual,Night - Enough lighting,Wicked (Bad),No Clouds,dry,driver,Bike,Medium,27,Male,120,4,There is no,Not on or by (20) meters of a,1
541,541,541,897014,2021,Abu Dhabi,Dec,Friday,Evening,the third week,Cross -100,Driving the vehicle under the influence of alcohol,Al -Mafraq Al -Shawamik Street,Petrol station,There is no definition of regions,Individual,Night - Enough lighting,Wicked (Bad),No Clouds,dry,driver,Bike,Medium,23,Male,140,4,There is no,Not on or by (20) meters of a,1
542,542,542,897015,2021,Abu Dhabi,September,Wednesday,At noon,the third week,Consecutive,Not leaving enough distance,Rakhr roundabout,Residential area,full,vertigo,day,Wicked (Bad),No Clouds,dry,driver,Driver,Medium,37,Female,80,3,There is no,vertigo,1
543,543,543,897016,2021,Abu Dhabi,February,Thursday,Evening,second week,Cross -100,Failure to adhere to traffic signs,There is no definition,Industrial area,Industrial Archbishop,Intersection,day,Wicked (Bad),No Clouds,Temple,driver,Bike,Medium,25,Male,60,2,There is no,Vertical cross intersection,1
544,544,544,897017,2021,Ras Al Khaimah,April,Saturday,At noon,fourth week,Be shocked,Preoccupation with the road while driving the vehicle in any way,Al -Falaiya Street,Commercial area,Atmosphere,public road,day,Wicked (Bad),No Clouds,Temple,driver,Driver,Medium,41,Male,100,2,There is no,Not at intersection,1
545,545,545,897018,2021,Abu Dhabi,June,Sunday,Evening,the third week,Be shocked,Overcoming the red light signal,Intersection of the Arabian Gulf - Al Saada,garden,Supervisor,Intersection,day,Wicked (Bad),No Clouds,dry,passenger,Rapid in the back seat,Medium,26,Male,100,4,There is no,Not on or by (20) meters of a,1
546,546,546,897019,2021,Ras Al Khaimah,April,Saturday,At noon,fourth week,Be shocked,Preoccupation with the road while driving the vehicle in any way,Al -Falaiya Street,Commercial area,Atmosphere,public road,day,Wicked (Bad),No Clouds,Temple,driver,Driver,Medium,49,Male,100,2,There is no,Not at intersection,1
547,547,547,897020,2021,Ras Al Khaimah,September,Sunday,In the afternoon,fourth week,Shock,Not leaving enough distance,Sheikh Rashid bin Saeed Street,Residential area,Northern,Dhuatatin Road,day,Wicked (Bad),No Clouds,Temple,driver,Driver,Medium,16,Male,60,2,There is no,Not on or by (20) meters of a,1
548,548,548,897021,2021,Ajman,January,Tuesday,Evening,fourth week,Run,Negligence and lack of attention,Al -Hassan Bin Al -Haytham Street,Commercial area,Industrial,Individual,day,Wicked (Bad),No Clouds,dry,pedestrian,There is no passenger,Medium,32,Male,40,0,He crosses not on transit lines,Others,1
549,549,549,897022,2021,Ras Al Khaimah,August,Wednesday,In the afternoon,second week,Be shocked,Not adhering to the mandatory itinerary,Al -Faisal Street,Commercial area,Old Ras Al Khaimah,public road,day,Wicked (Bad),No Clouds,Temple,driver,Bike,Medium,31,Male,80,3,There is no,Not on or by (20) meters of a,1
550,550,550,897023,2021,Abu Dhabi,January,Tuesday,In the afternoon,fourth week,Shocked,Preoccupation with the road while driving the vehicle in any way,Abu Dhabi Road - Al Ain,External road,the seal,public road,day,Wicked (Bad),No Clouds,Foundation,passenger,A passenger in the front seat,Medium,58,Male,60,3,There is no,Others,1
551,551,551,897024,2021,Abu Dhabi,July,Sunday,Evening,fourth week,Shock,Speed without taking into account the road conditions,Sweihan Road,Residential area,The farmer,Double road,Night - Enough lighting,Wicked (Bad),No Clouds,dry,passenger,A passenger in the front seat,Medium,16,Male,80,3,There is no,Not on or by (20) meters of a,1
552,552,552,897025,2021,Abu Dhabi,Dec,Wednesday,Evening,second week,Deterioration,Preoccupation with the road while driving the vehicle in any way,Al Ain Street - Dubai,External road,All regions,Double road,Night - Enough lighting,Wicked (Bad),No Clouds,dry,passenger,A passenger in the front seat,Medium,26,Male,140,3,There is no,Not at intersection,1
553,553,553,897026,2021,Abu Dhabi,August,Sunday,Before noon,the third week,Cross -100,Not to make the road / not to give the brigades,An internal street,External road,Fold,Individual,day,Wicked (Bad),No Clouds,dry,driver,Driver,Medium,33,Male,60,0,There is no,Not on or by (20) meters of a,1
554,554,554,897027,2021,Abu Dhabi,June,Friday,At noon,fourth week,Shock,Preoccupation with the road while driving the vehicle in any way,Umm Al -Nar Road / Shahama,External road,Rest Beach Bridge,public road,day,Wicked (Bad),No Clouds,dry,driver,Driver,Medium,69,Male,140,5,There is no,Not on or by (20) meters of a,1
555,555,555,897028,2021,Abu Dhabi,May,Saturday,In the afternoon,The first week,Shock,Driving the vehicle under the influence of narcotic substances or mental effects or,Khalid bin Sultan Street,Commercial area,Mutawa,Double road,Night - Enough lighting,Wicked (Bad),No Clouds,dry,driver,Driver,Medium,57,Male,80,3,There is no,Multi -legs intersection,1
556,556,556,897029,2021,Sharjah,July,Friday,Evening,The fifth week,Shock,Not adhering to the mandatory itinerary,Nahda Street,Residential area,Nomination,Individual,Night - Enough lighting,Wicked (Bad),No Clouds,dry,driver,Driver,Medium,44,Male,40,1,There is no,Not on or by (20) meters of a,1
557,557,557,897030,2021,Ajman,Dec,Sunday,Before noon,the third week,Shock,Not leaving enough distance,Khalifa Bin Zayed Street,Residential area,Naimia,Double road,day,Wicked (Bad),No Clouds,dry,driver,Driver,Medium,47,Male,80,0,There is no,Not on or by (20) meters of a,1
558,558,558,897031,2021,Abu Dhabi,Dec,Sunday,Evening,second week,Shock,Fatigue and drowsiness,General Street (Abu Dhabi - Commodities),External road,Abu Al -Abyad Bridge,public road,Night - Enough lighting,Wicked (Bad),No Clouds,dry,passenger,A passenger in the front seat,Medium,40,Male,160,4,There is no,Not on or by (20) meters of a,1
559,559,559,897032,2021,Abu Dhabi,March,Sunday,Evening,the third week,Deterioration,Preoccupation with the road while driving the vehicle in any way,International airport roads,Residential area,Khalifa City (B),Double road,Night - Enough lighting,Wicked (Bad),No Clouds,dry,driver,Bike,Medium,34,Male,80,3,There is no,A meeting of half -vertical roads,1
560,560,560,897033,2021,Fujairah,January,Sunday,Evening,second week,Non -moving,Driving under the influence of intoxicant or anesthetic,An internal street,Residential area,The faction area,vertigo,Night - Enough lighting,Wicked (Bad),No Clouds,Temple,driver,Driver,Medium,23,Male,40,2,There is no,vertigo,1
561,561,561,897034,2021,Sharjah,April,Thursday,Evening,The fifth week,Run,Not to make the road / not to give the brigades,Nahda Street,Residential area,Nomination,Double road,day,Wicked (Bad),No Clouds,dry,pedestrian,There is no passenger,Medium,13,Male,60,2,It crosses the crossing lines,Not on or by (20) meters of a,1
562,562,562,897035,2021,Abu Dhabi,April,Wednesday,Before noon,the third week,Run,Preoccupation with the road while driving the vehicle in any way,Sweihan Road,Residential area,The farmer,Double road,day,Wicked (Bad),No Clouds,dry,pedestrian,There is no passenger,Medium,43,Male,40,2,There is no,Not on or by (20) meters of a,1
563,563,563,897036,2021,Sharjah,April,Sunday,At noon,second week,Shock,Not adhering to the mandatory itinerary,Maliha Street,Industrial area,Warehouse land,Individual,day,Wicked (Bad),No Clouds,dry,driver,Driver,Medium,33,Female,40,1,There is no,Not on or by (20) meters of a,1
564,564,564,897037,2021,Ras Al Khaimah,May,Monday,Before noon,the third week,Run,Negligence and lack of attention,Al -Jazza Street,Commercial area,Palm,Double road,day,Wicked (Bad),No Clouds,Temple,pedestrian,There is no passenger,Medium,35,Male,50,2,There is no,Not on or by (20) meters of a,1
565,565,565,897038,2021,Ajman,January,Wednesday,At noon,fourth week,A fixed body shocked the road,Sudden deviation,Sheikh Hamid bin Rashid Al Nuaimi Street,Others,Rumor,Double road,day,Wicked (Bad),No Clouds,dry,pedestrian,There is no passenger,Medium,1,Female,50,0,There is no,Not on or by (20) meters of a,1
566,566,566,897039,2021,Ajman,October,Sunday,In the afternoon,the third week,Run,Negligence and lack of attention,Al -Naimia intersection,Commercial area,Naimia,Double road,day,Wicked (Bad),No Clouds,dry,pedestrian,There is no passenger,Medium,4,Female,30,0,There is no,Not on or by (20) meters of a,1
567,567,567,897040,2021,Abu Dhabi,March,Saturday,Evening,second week,A fixed body shocked the road,Preoccupation with the road while driving the vehicle in any way,Inner Street No. (Three),Residential area,There is no definition of regions,vertigo,Night - Enough lighting,Wicked (Bad),No Clouds,dry,driver,Bike,Medium,27,Male,60,2,There is no,vertigo,1
568,568,568,897041,2021,Abu Dhabi,July,Saturday,At noon,The fifth week,Be shocked,Not to make the road / not to give the brigades,Al -Mafraq Al -Shawamik Street,Residential area,Spinning,vertigo,day,Wicked (Bad),No Clouds,dry,driver,Driver,Medium,26,Male,40,3,There is no,vertigo,1
569,569,569,897042,2021,Sharjah,Dec,Thursday,Evening,The fifth week,Consecutive,Negligence and lack of attention,Main Street,Governmental,University city,Double road,Night - Enough lighting,crowded,No Clouds,dry,driver,Bike,Medium,24,Male,10,2,There is no,Not on or by (20) meters of a,1
570,570,570,897043,2021,Abu Dhabi,November,Tuesday,Evening,the third week,Shock,Overcoming the red light signal - the arrow signal,Sultan Bin Zayed the First Street (Thirty Two),Commercial area,There is no definition of regions,Intersection,Night - Enough lighting,Wicked (Bad),No Clouds,dry,driver,Driver,Medium,22,Male,100,4,There is no,Vertical cross intersection,1
571,571,571,897044,2021,Sharjah,August,Friday,Evening,the third week,Deterioration,Sudden deviation,Hamriyah,Residential area,Hamriyah,Individual,day,Wicked (Bad),No Clouds,Sand,passenger,Rapid in the back seat,Medium,35,Male,40,1,There is no,Others,1
572,572,572,897045,2021,Abu Dhabi,November,Wednesday,Evening,fourth week,Shock,Not to make the road / not to give the brigades,"Interests, I have been in Human, between Muhammad - Bani Yassin (Al Al Najd)",Commercial area,Central,Intersection,Night - Enough lighting,Wicked (Bad),No Clouds,dry,pedestrian,There is no passenger,Medium,31,Female,40,4,He crosses pedestrian crossing lines,Vertical cross intersection,1
573,573,573,897046,2021,Abu Dhabi,January,Friday,At noon,fourth week,Shock,Not to make the road / not to give the brigades,Inner Street No. (Three),Residential area,There is no definition of regions,Intersection,day,Wicked (Bad),No Clouds,dry,driver,Driver,Medium,43,Male,60,2,There is no,A meeting of half -vertical roads,1
574,574,574,897047,2021,Abu Dhabi,June,Wednesday,In the afternoon,the third week,Be shocked,Negligence and lack of attention,An internal street,School,Umm Ghaza,Individual,day,Wicked (Bad),No Clouds,dry,driver,Driver,Medium,12,Male,40,1,There is no,Not on or by (20) meters of a,1
575,575,575,897048,2021,Sharjah,June,Sunday,At noon,fourth week,Shock,Driving under the influence of intoxicant or anesthetic,Suhaila roundabout,External road,Sohaila,Double road,day,Wicked (Bad),No Clouds,dry,driver,Driver,Medium,41,Male,100,2,There is no,Not at intersection,1
576,576,576,897049,2021,Fujairah,August,Monday,Before noon,The first week,Be shocked,Enter a major road without making sure that it is free,Sakmkam General Street,Governmental,Sakmkm area,Intersection,day,Wicked (Bad),No Clouds,Temple,passenger,Rapid in the back seat,Medium,28,Male,60,2,There is no,Hole,1
577,577,577,897050,2021,Ajman,July,Friday,At noon,The first week,Be shocked,Negligence and lack of attention,Kuwait Street,Residential area,Naimia,Double road,day,Wicked (Bad),No Clouds,dry,pedestrian,There is no passenger,Medium,33,Male,50,0,There is no,Not on or by (20) meters of a,1
578,578,578,897051,2021,Abu Dhabi,June,Thursday,Before noon,the third week,Shock,Fatigue and drowsiness,Yas Street One,Petrol station,Yass Island,Individual,day,Wicked (Bad),No Clouds,dry,passenger,A passenger in the front seat,Medium,22,Male,120,4,There is no,Not on or by (20) meters of a,1
579,579,579,897052,2021,Abu Dhabi,September,Saturday,Evening,fourth week,Shock,Preoccupation with the road while driving the vehicle in any way,Sheikh Mohammed bin Rashid Al Maktoum Street,External road,Gentott,Double road,Night - Enough lighting,Wicked (Bad),No Clouds,dry,driver,Driver,Medium,19,Male,140,4,There is no,Not on or by (20) meters of a,1
580,580,580,897053,2021,Ajman,September,Tuesday,Evening,the third week,Be shocked,Not adhering to the mandatory itinerary,Etihad Street,Tunnel / Bridge,Mashirf Commercial,Double road,Night - Enough lighting,Wicked (Bad),No Clouds,dry,passenger,A passenger in the front seat,Medium,40,Male,40,0,There is no,A meeting of half -vertical roads,1
581,581,581,897054,2021,Abu Dhabi,June,Wednesday,At noon,the third week,Deterioration,Preoccupation with the road while driving the vehicle using the phone,Abu Dhabi Road - Al Ain,Residential area,Mohammed bin Zayed City,Intersection,Night - Enough lighting,Wicked (Bad),No Clouds,dry,driver,Bike,Medium,36,Male,60,2,There is no,Multi -legs intersection,1
582,582,582,897055,2021,Ajman,August,Wednesday,Evening,the third week,Run,Negligence and lack of attention,Kuwait Street,Commercial area,Naimia,Individual,Night - Enough lighting,Wicked (Bad),No Clouds,dry,pedestrian,There is no passenger,Medium,35,Female,60,0,There is no,Not on or by (20) meters of a,1
583,583,583,897056,2021,Abu Dhabi,October,Wednesday,In the afternoon,the third week,Be shocked,Not adhering to the mandatory itinerary,Zayed the First Street(Seven),Commercial area,Khalidiya,Individual,Night - Enough lighting,Wicked (Bad),No Clouds,dry,driver,Bike,Medium,52,Male,40,2,There is no,Not on or by (20) meters of a,1
584,584,584,897057,2021,Abu Dhabi,November,Tuesday,Before noon,fourth week,Be shocked,Not adhering to the mandatory itinerary,Armored road,Commercial area,Mohammed bin Zayed City,Individual,day,Wicked (Bad),No Clouds,dry,driver,Bike,Medium,24,Male,40,2,There is no,Increase deviant roads,1
585,585,585,897058,2021,Abu Dhabi,March,Sunday,At noon,the third week,Shock,Not adhering to the mandatory itinerary,Rashid between Sayed Al Maktoum Street (Tah),Commercial area,Supervisor,Double road,day,Wicked (Bad),No Clouds,dry,driver,Bike,Medium,23,Male,80,4,There is no,Not on or by (20) meters of a,1
586,586,586,897059,2021,Abu Dhabi,April,Wednesday,Evening,fourth week,Run,Not to give priority to the infantry crossing,An internal street,Residential area,Blessing,Double road,Night - Enough lighting,Wicked (Bad),No Clouds,dry,pedestrian,There is no passenger,Medium,52,Male,40,1,There is no,A meeting of half -vertical roads,1
587,587,587,897060,2021,Abu Dhabi,March,Tuesday,Evening,the third week,A fixed body shocked the road,Sudden deviation,Khalid bin Sultan Street,Residential area,Sage,Intersection,day,Wicked (Bad),No Clouds,dry,driver,Driver,Medium,47,Male,80,3,There is no,Vertical cross intersection,1
588,588,588,897061,2021,Ajman,October,Monday,Before noon,The first week,Shock,Sudden deviation,Sheikh Maktoum Bin Rashid Street,Commercial area,Cliff,Bridge / tunnel,Night - Enough lighting,Wicked (Bad),No Clouds,dry,driver,Bike,Medium,32,Male,80,0,There is no,Hole,1
589,589,589,897062,2021,Abu Dhabi,Dec,Monday,Evening,second week,Be shocked,Enter a major road without making sure that it is free,Armored road,Commercial area,Popularism,Double road,Night - Enough lighting,Wicked (Bad),No Clouds,dry,driver,Driver,Medium,32,Male,80,3,There is no,Not on or by (20) meters of a,1
590,590,590,897063,2021,Ras Al Khaimah,May,Wednesday,At noon,fourth week,A fixed body was shocked outside the road,Preoccupation with the road while driving the vehicle in any way,Khuzam Street,Residential area,Lap,public road,day,Wicked (Bad),No Clouds,Temple,passenger,Rapid in the back seat,Medium,31,Female,80,2,There is no,Hole,1
591,591,591,897064,2021,Sharjah,April,Thursday,At noon,fourth week,Shock,Not leaving enough distance,Nahda Street,Residential area,Nomination,Double road,Night - Enough lighting,Wicked (Bad),No Clouds,dry,driver,Bike,Medium,54,Male,60,2,There is no,Not on or by (20) meters of a,1
592,592,592,897065,2021,Abu Dhabi,October,Sunday,Evening,fourth week,Be shocked,Enter a major road without making sure that it is free,An internal street,Petrol station,Northern Al -Yahr,Double road,Night - Enough lighting,Wicked (Bad),No Clouds,dry,driver,Driver,Medium,19,Male,60,2,There is no,Not at intersection,1
593,593,593,897066,2021,Abu Dhabi,March,Monday,Before noon,The fifth week,Shock,Not leaving enough distance,Shakhboot Bin Sultan Street,Residential area,Repentance of repentance,Double road,day,Wicked (Bad),No Clouds,dry,passenger,A passenger in the front seat,Medium,28,Male,80,3,There is no,Multi -legs intersection,1
594,594,594,897067,2021,Abu Dhabi,August,Sunday,Evening,the third week,Shock,Not adhering to the mandatory itinerary,Asharj Circle (Accommodation One),School,Eclipse,Double road,Night - Enough lighting,Wicked (Bad),No Clouds,dry,driver,Driver,Medium,29,Male,80,3,There is no,vertigo,1
595,595,595,897068,2021,Abu Dhabi,April,Tuesday,Evening,second week,Shock,Preoccupation with the road while driving the vehicle in any way,Al -Mafraq Al -Shawamik Street,External road,There is no definition of regions,Double road,Night - Enough lighting,Wicked (Bad),No Clouds,dry,driver,Driver,Medium,26,Male,160,4,There is no,Not on or by (20) meters of a,1
596,596,596,897069,2021,Abu Dhabi,March,Thursday,Evening,The first week,Consecutive,Driving without a driver's license at all,An internal street,Residential area,Salamat,Dhuatatin Road,Night - Enough lighting,Wicked (Bad),No Clouds,dry,passenger,Bike,Medium,13,Male,40,2,There is no,Not at intersection,1
597,597,597,897070,2021,Abu Dhabi,Dec,Saturday,In the afternoon,fourth week,Run,Negligence and lack of attention,An internal street,Residential area,full,Dhuatatin Road,Night - Enough lighting,Wicked (Bad),No Clouds,dry,pedestrian,There is no passenger,Medium,6,Male,40,2,There is no,Not at intersection,1
598,598,598,897071,2021,Abu Dhabi,August,Sunday,Evening,the third week,A fixed body shocked the road,Speed without taking into account the road conditions,Al -Hir Street - Al -Shweib,External road,Shuwaib,Individual,Night - Enough lighting,Wicked (Bad),No Clouds,dry,driver,Driver,Medium,24,Male,120,2,There is no,Not at intersection,1
599,599,599,897072,2021,Abu Dhabi,November,Sunday,Evening,fourth week,Shock,Preoccupation with the road while driving the vehicle in any way,Al -Mafraq Al -Shawamik Street,Commercial area,Mafraq industrial,Double road,Night - without lighting,Wicked (Bad),No Clouds,dry,passenger,A passenger in the front seat,Medium,26,Male,60,2,There is no,Not on or by (20) meters of a,1
600,600,600,897073,2021,Abu Dhabi,February,Monday,Before noon,the third week,Deterioration,Driving the vehicle under the influence of alcohol,Port Street,External road,Zayed City Street - Ghayathi,public road,day,Wicked (Bad),No Clouds,dry,driver,Driver,Medium,49,Male,100,2,There is no,Not on or by (20) meters of a,1
601,601,601,897074,2021,Sharjah,March,Saturday,In the afternoon,The first week,Be shocked,Not adhering to the mandatory itinerary,Tower Square,Tunnel / Bridge,Khalidiya,Double road,Night - Enough lighting,Wicked (Bad),No Clouds,dry,driver,Driver,Medium,53,Female,60,2,There is no,Not on or by (20) meters of a,1
602,602,602,897075,2021,Ajman,February,Tuesday,In the afternoon,The first week,Be shocked,Enter a major road without making sure that it is free,El-Shikh Zayed street,Residential area,Halio,Intersection,day,Wicked (Bad),No Clouds,dry,passenger,Rapid in the back seat,Medium,26,Male,40,0,There is no,Vertical cross intersection,1
603,603,603,897076,2021,Abu Dhabi,November,Tuesday,Evening,the third week,Run,Preoccupation with the road while driving the vehicle in any way,There is no definition,Industrial area,Industrial Archbishop,Double road,Night - Enough lighting,Wicked (Bad),No Clouds,Temple,pedestrian,There is no passenger,Medium,42,Male,80,3,He crosses not on transit lines,Not on or by (20) meters of a,1
604,604,604,897077,2021,Sharjah,July,Tuesday,Before noon,The first week,Run,Not to give priority to the infantry crossing,Al -Qasaa channel intersection -,Residential area,The metaphor 3,Double road,Night - Enough lighting,Wicked (Bad),No Clouds,dry,pedestrian,There is no passenger,Medium,29,Female,60,2,He crosses not on transit lines,Not on or by (20) meters of a,1
605,605,605,897078,2021,Ras Al Khaimah,January,Wednesday,Before noon,fourth week,Be shocked,Negligence and lack of attention,Dqaladah Street,Governmental,Stagnation,public road,day,Wicked (Bad),No Clouds,Temple,passenger,Rapid in the back seat,Medium,25,Male,80,2,There is no,Hole,1
606,606,606,897079,2021,Abu Dhabi,February,Wednesday,Before noon,fourth week,A fixed body was shocked outside the road,Sudden deviation,An internal street,Residential area,Falaj Hazaa,Individual,day,Wicked (Bad),No Clouds,dry,driver,Driver,Medium,45,Male,40,1,There is no,Not on or by (20) meters of a,1
607,607,607,897080,2021,Abu Dhabi,August,Thursday,At noon,The first week,Shock,Preoccupation with the road while driving the vehicle in any way,There is no definition,Commercial area,Industrial Archbishop,vertigo,day,Wicked (Bad),No Clouds,dry,passenger,A passenger in the front seat,Medium,39,Male,40,3,There is no,vertigo,1
608,608,608,897081,2021,Ras Al Khaimah,April,Tuesday,Before noon,The first week,Run,Return back without making sure that the road is free,Al -Jazeera Street behind the ceramic,Industrial area,The Red Island,Other (select),day,Wicked (Bad),No Clouds,Temple,pedestrian,There is no passenger,Medium,35,Male,20,1,There is no,Others,1
609,609,609,897082,2021,Abu Dhabi,November,Friday,Evening,The first week,Deterioration,Driving without a driver's license at all,An internal street,Sandy area,Pumpkin,Other (select),Night - without lighting,Other (select),No Clouds,Sand,driver,Bike,Medium,15,Male,20,1,There is no,Others,1
610,610,610,897083,2021,Abu Dhabi,January,Friday,In the afternoon,second week,A fixed body was shocked outside the road,Not adhering to the mandatory itinerary,An internal street,Residential area,Shuaiba,Individual,Night - Enough lighting,Wicked (Bad),No Clouds,dry,passenger,A passenger in the front seat,Medium,11,Male,40,1,There is no,Increase deviant roads,1
611,611,611,897084,2021,Abu Dhabi,April,Sunday,At noon,second week,Shock,Enter a major road without making sure that it is free,Sheikh Maktoum Bin Rashid Street,Residential area,Al Shaila,public road,day,Wicked (Bad),No Clouds,dry,driver,Bike,Medium,39,Male,40,1,There is no,Multi -legs intersection,1
612,612,612,897085,2021,Umm Al Quwain,February,Thursday,Evening,The first week,Deterioration,Preoccupation with the road while driving the vehicle in any way,Sheikh Zayed bin Sultan Al Nahyan Street,Sandy area,Al -Rashidiya area,public road,Night - Enough lighting,curve,No Clouds,dry,driver,Driver,Medium,14,Male,100,2,There is no,Not on or by (20) meters of a,1
613,613,613,897086,2021,Abu Dhabi,January,Tuesday,Before noon,the third week,Be shocked,Preoccupation with the road while driving the vehicle in any way,Tarif road,External road,Al Dhafra Air Force Base,Individual,day,crowded,fog,Foundation,driver,Driver,Medium,41,Male,80,4,There is no,Not on or by (20) meters of a,1
614,614,614,897087,2021,Fujairah,October,Friday,Before noon,The first week,Run,Driving under the influence of intoxicant or anesthetic,Black Street heading to the village,External road,Al -Souda area,Double road,day,Wicked (Bad),No Clouds,Temple,pedestrian,There is no passenger,Medium,36,Male,80,3,Familiar,Not on or by (20) meters of a,1
615,615,615,897088,2021,Abu Dhabi,April,Sunday,Before noon,second week,Deterioration,Preoccupation with the road while driving the vehicle in any way,Umm Al -Zamoul Street,External road,Mother of Zamul,Double road,day,Wicked (Bad),No Clouds,dry,passenger,A passenger in the front seat,Medium,33,Male,120,2,There is no,Not at intersection,1
616,616,616,897089,2021,Abu Dhabi,August,Sunday,At noon,fourth week,A fixed body was shocked outside the road,Negligence and lack of attention,International airport roads,hospital,There is no definition of regions,public road,day,Wicked (Bad),No Clouds,Temple,passenger,A passenger in the front seat,Medium,54,Female,120,4,There is no,Not at intersection,1
617,617,617,897090,2021,Abu Dhabi,May,Sunday,At noon,second week,Run,Preoccupation with the road while driving the vehicle in any way,There is no definition,Industrial area,Industrial Archbishop,public road,day,Wicked (Bad),No Clouds,dry,pedestrian,There is no passenger,Medium,42,Male,60,3,There is no,Not on or by (20) meters of a,1