,Unnamed: 0.1,Unnamed: 0,Fake ID,Year,City,Month,Day,Time,Week,Type Of Accident,Reasons,Street,Place,Area,Location,Lighting,Road Condition,Weather Condition,Road surface,Lay injured,Injured seat,Degree of injury,Age of the injured,The person's gender,Speed of the road,Number of tracks,Pedestrian behavior,Intersection,Total
618,618,618,897091,2021,Abu Dhabi,July,Thursday,In the afternoon,The fifth week,Consecutive,Preoccupation with the road while driving the vehicle in any way,Truck Road,External road,There is no definition of regions,Double road,Night - Enough lighting,Wicked (Bad),No Clouds,dry,driver,Driver,Medium,59,Male,120,3,There is no,Not on or by (20) meters of a,1
619,619,619,897092,2021,Abu Dhabi,January,Tuesday,At noon,second week,Be shocked,Preoccupation with the road while driving the vehicle in any way,Sheikh Maktoum Bin Rashid Street,External road,There is no definition of regions,Double road,day,Wicked (Bad),No Clouds,dry,driver,Driver,Medium,44,Male,140,4,There is no,Not on or by (20) meters of a,1
620,620,620,897093,2021,Abu Dhabi,July,Saturday,Evening,second week,Run,Negligence and lack of attention,Abu Dhabi Road - Al Ain,Residential area,Bani Yas (East),Intersection,Night - Enough lighting,Wicked (Bad),No Clouds,Temple,pedestrian,There is no passenger,Medium,56,Male,40,2,There is no,Vertical cross intersection,1
621,621,621,897094,2021,Abu Dhabi,June,Saturday,Evening,the third week,Shock,Preoccupation with the road while driving the vehicle in any way,Sheikh Maktoum Bin Rashid Street,Tunnel / Bridge,Sayeh Al -Sidair,Individual,Night - Enough lighting,Wicked (Bad),No Clouds,dry,passenger,Rapid in the back seat,Medium,28,Male,120,4,There is no,Not on or by (20) meters of a,1
622,622,622,897095,2021,Abu Dhabi,May,Saturday,Evening,second week,Deterioration,Sudden deviation,Armored road,Residential area,Khalifa popular bridge,Individual,Night - Enough lighting,Wicked (Bad),No Clouds,dry,driver,Bike,Medium,38,Male,60,2,There is no,A meeting of half -vertical roads,1
623,623,623,897096,2021,Abu Dhabi,April,Saturday,Before noon,The first week,Shock,Overcoming the red light signal,IPSeventyFiveD Eastern Intersection (Traffic) - Street Thirty One,Governmental,Humper saffron,Intersection,Night - Enough lighting,Wicked (Bad),No Clouds,dry,driver,Bike,Medium,24,Male,100,4,There is no,Vertical cross intersection,1
624,624,624,897097,2021,Ajman,March,Saturday,Evening,fourth week,Run,Negligence and lack of attention,Sheikh Ammar bin Humaid Al -Nuaimi Street,hospital,Hill,Double road,Night - Enough lighting,Wicked (Bad),No Clouds,dry,pedestrian,There is no passenger,Eloquent,15,Female,80,0,He crosses not on transit lines,Not on or by (20) meters of a,1
625,625,625,897098,2021,Fujairah,May,Sunday,Evening,second week,Be shocked,Negligence and lack of attention,Intuitive industrial street,Industrial area,Bureaux area,Double road,Night - Enough lighting,Wicked (Bad),No Clouds,dry,driver,Bike,Eloquent,29,Male,80,2,There is no,Not on or by (20) meters of a,1
626,626,626,897099,2021,Sharjah,April,Wednesday,Evening,the third week,Be shocked,Not adhering to the mandatory itinerary,Maliha Street,Industrial area,The eighteenth industrial zone,Double road,Night - Enough lighting,Wicked (Bad),No Clouds,dry,driver,Bike,Eloquent,40,Male,120,3,There is no,Not on or by (20) meters of a,1
627,627,627,897100,2021,Ras Al Khaimah,Dec,Friday,Evening,the third week,Cross -100,Preoccupation with the road while driving the vehicle in any way,Sheikh Saqr bin Muhammad Al Qasimi Street,Others,Palm,Intersection,day,Wicked (Bad),No Clouds,dry,driver,Driver,Eloquent,23,Male,80,2,There is no,Vertical cross intersection,1
628,628,628,897101,2021,Ras Al Khaimah,May,Monday,Evening,the third week,Run,Negligence and lack of attention,Mohammed bin Salem Street near Al -Rifaa,School,The Red Island,Individual,Night - without lighting,Wicked (Bad),No Clouds,Temple,pedestrian,There is no passenger,Eloquent,23,Male,40,1,He crosses not on transit lines,Not on or by (20) meters of a,1
629,629,629,897102,2021,Sharjah,September,Thursday,Before noon,second week,Deterioration,Sudden deviation,Wadi Al -Madiq Street,Work area,Sweet Valley,bridge,day,curve,No Clouds,dry,driver,Driver,Eloquent,38,Male,40,2,There is no,Vertical cross intersection,1
630,630,630,897103,2021,Fujairah,October,Sunday,Before noon,fourth week,Run,Not to give priority to the infantry crossing,Sakmkam General Street,School,Sakmkm area,Double road,day,Wicked (Bad),No Clouds,Temple,pedestrian,There is no passenger,Eloquent,6,Male,40,2,He crosses not on transit lines,Not on or by (20) meters of a,1
631,631,631,897104,2021,Abu Dhabi,Dec,Friday,Evening,The fifth week,Be shocked,Enter a major road without making sure that it is free,Liwa Street,Residential area,Miserable,Individual,Night - Enough lighting,Wicked (Bad),No Clouds,dry,passenger,Rapid in the back seat,Eloquent,16,Male,100,2,There is no,Hole,1
632,632,632,897105,2021,Abu Dhabi,April,Saturday,Before noon,The first week,Shock,Overcoming the red light signal - the arrow signal,Sultan Bin Zayed the First Street (Thirty Two),Residential area,Kindergarten,Intersection,day,Wicked (Bad),No Clouds,dry,pedestrian,There is no passenger,Eloquent,32,Male,100,4,He crosses pedestrian crossing lines,Vertical cross intersection,1
633,633,633,897106,2021,Abu Dhabi,April,Friday,In the afternoon,The first week,Shock,Sudden deviation,There is no definition,Commercial area,Industrial Archbishop,Dhuatatin Road,day,Wicked (Bad),No Clouds,dry,driver,Driver,Eloquent,30,Male,60,1,There is no,Not on or by (20) meters of a,1
634,634,634,897107,2021,Fujairah,June,Monday,At noon,second week,A fixed body was shocked outside the road,Sudden deviation,airport Street,an airport,Marishid area,public road,day,Wicked (Bad),No Clouds,dry,driver,Driver,Eloquent,19,Male,80,2,There is no,Not at intersection,1
635,635,635,897108,2021,Sharjah,January,Friday,Evening,second week,Run,Overing from the right or ingredon is cautious,Cooperation Street,Residential area,Gorgeous,Double road,day,Wicked (Bad),No Clouds,dry,pedestrian,There is no passenger,Eloquent,34,Female,60,3,He crosses not on transit lines,Not on or by (20) meters of a,1
636,636,636,897109,2021,Abu Dhabi,October,Friday,Evening,the third week,Shock,Fatigue and drowsiness,Zayed City Street (New),Petrol station,Habshan,public road,Night - Enough lighting,Wicked (Bad),No Clouds,dry,passenger,A passenger in the front seat,Eloquent,45,Male,100,2,There is no,Not on or by (20) meters of a,1
637,637,637,897110,2021,Sharjah,November,Tuesday,At noon,second week,Be shocked,Preoccupation with the road while driving the vehicle in any way,Khorfakkan Road,External road,Sharjah / Al Dhaid,public road,day,Wicked (Bad),No Clouds,dry,driver,Driver,Eloquent,24,Male,120,2,There is no,Not at intersection,1
638,638,638,897111,2021,Sharjah,January,Thursday,Evening,The first week,Be shocked,Enter a major road without making sure that it is free,Sheikh Mohammed bin Zayed Street,Residential area,Shelter,Double road,Night - Enough lighting,Wicked (Bad),No Clouds,dry,driver,Driver,Eloquent,35,Male,120,6,There is no,Not on or by (20) meters of a,1
639,639,639,897112,2021,Abu Dhabi,August,Monday,Before noon,fourth week,Run,Preoccupation with the road while driving the vehicle in any way,Intimate Street,Agricultural area,Miserable,public road,day,curve,No Clouds,dry,pedestrian,There is no passenger,Eloquent,56,Male,120,2,There is no,Not at intersection,1
640,640,640,897113,2021,Abu Dhabi,June,Saturday,Evening,fourth week,Be shocked,Driving without a driver's license at all,An internal street,Residential area,Merkhania,Individual,Night - Enough lighting,Wicked (Bad),No Clouds,dry,driver,Driver,Eloquent,11,Male,40,1,There is no,Not at intersection,1
641,641,641,897114,2021,Sharjah,January,Sunday,Before noon,The first week,Consecutive,Not leaving enough distance,Sheikh Mohammed bin Zayed Street,External road,Hamriyah,Double road,day,Wicked (Bad),No Clouds,dry,driver,Driver,Eloquent,41,Male,140,3,There is no,Not on or by (20) meters of a,1
642,642,642,897115,2021,Sharjah,June,Thursday,In the afternoon,second week,Run,Preoccupation with the road while driving the vehicle in any way,Sheikh Sultan bin Saqr Al Qasimi Street,Residential area,Bozenah,Double road,day,Wicked (Bad),No Clouds,dry,pedestrian,There is no passenger,Eloquent,3,Male,40,1,He crosses not on transit lines,Not on or by (20) meters of a,1
643,643,643,897116,2021,Abu Dhabi,July,Tuesday,Before noon,the third week,Be shocked,Sir is the opposite of the direction,Al -Ruwais Street - Goods,External road,General Street (Abu Dhabi - Commodities),Double road,day,Wicked (Bad),No Clouds,dry,driver,Driver,Eloquent,41,Female,100,2,There is no,Not at intersection,1
644,644,644,897117,2021,Ras Al Khaimah,November,Tuesday,Before noon,the third week,Shock,Not leaving enough distance,Sheikh Mohammed bin Zayed Street,Others,The Red Island,public road,day,Wicked (Bad),No Clouds,Temple,passenger,A passenger in the front seat,Eloquent,46,Male,120,3,There is no,Not at intersection,1
645,645,645,897118,2021,Ajman,February,Tuesday,Evening,the third week,Be shocked,Not adhering to the mandatory itinerary,Sheikh Mohammed bin Zayed Street,External road,Hill,Other (select),day,Wicked (Bad),No Clouds,dry,driver,Driver,Eloquent,46,Male,120,0,There is no,Not on or by (20) meters of a,1
646,646,646,897119,2021,Abu Dhabi,October,Monday,Before noon,fourth week,Shock,Not adhering to the mandatory itinerary,There is no definition,Industrial area,There is no definition of regions,Double road,Night - Enough lighting,Wicked (Bad),No Clouds,dry,driver,Driver,Eloquent,27,Male,40,2,There is no,Not on or by (20) meters of a,1
647,647,647,897120,2021,Abu Dhabi,February,Friday,Before noon,The first week,Run,Fatigue and drowsiness,Nissan Najda Showroom - Al Masaood Automobiles,Commercial area,Zayed City (Abu Dhabi),Intersection,day,Wicked (Bad),No Clouds,dry,pedestrian,There is no passenger,Eloquent,42,Male,80,3,Familiar,Vertical cross intersection,1
648,648,648,897121,2021,Ras Al Khaimah,March,Saturday,At noon,fourth week,Be shocked,Enter a major road without making sure that it is free,Sheikh Zayed bin Sultan Street,School,Sih Al -Barirat,Double road,day,Wicked (Bad),No Clouds,Temple,driver,Driver,Eloquent,61,Male,60,2,There is no,Not on or by (20) meters of a,1
649,649,649,897122,2021,Ras Al Khaimah,November,Sunday,Before noon,the third week,Be shocked,Enter a major road without making sure that it is free,Al -Kharan Street,Commercial area,Hurry,Double road,day,Wicked (Bad),No Clouds,Temple,driver,Driver,Eloquent,27,Male,80,2,There is no,Hole,1
650,650,650,897123,2021,Sharjah,March,Friday,At noon,The first week,Consecutive,Not leaving enough distance,Sheikh Mohammed bin Zayed Street,Residential area,Yash,Double road,day,Wicked (Bad),No Clouds,dry,driver,Driver,Eloquent,44,Male,120,4,There is no,Not on or by (20) meters of a,1
651,651,651,897124,2021,Sharjah,March,Sunday,Before noon,the third week,Be shocked,Sudden deviation,Khorfakkan Road,Sandy area,scarf,Out of the way,Night - without lighting,Wicked (Bad),No Clouds,earthy,driver,Driver,Eloquent,23,Male,20,1,There is no,Others,1
652,652,652,897125,2021,Sharjah,July,Wednesday,Evening,The first week,Run,Not to take the necessary traffic safety when the vehicle is disrupted,Wasit Street,Residential area,Ramtha,Double road,Night - Enough lighting,Wicked (Bad),No Clouds,dry,pedestrian,There is no passenger,Eloquent,59,Female,60,2,There is no,Not at intersection,1
653,653,653,897126,2021,Ajman,January,Monday,In the afternoon,the third week,Shock,Negligence and lack of attention,El-Shikh Zayed street,Tunnel / Bridge,Cliff,Double road,day,Wicked (Bad),No Clouds,dry,driver,Driver,Eloquent,50,Male,80,0,There is no,Not on or by (20) meters of a,1
654,654,654,897127,2021,Fujairah,April,Saturday,Before noon,second week,Be shocked,Enter a major road without making sure that it is free,A profitable street -,Residential area,Village,Double road,day,Wicked (Bad),No Clouds,Temple,driver,Driver,Eloquent,33,Male,100,2,There is no,Not on or by (20) meters of a,1
655,655,655,897128,2021,Abu Dhabi,March,Wednesday,At noon,fourth week,Shock,Preoccupation with the road while driving the vehicle in any way,General Street (Abu Dhabi - Commodities),External road,Ruwais,Double road,day,Wicked (Bad),No Clouds,dry,driver,Driver,Eloquent,35,Male,160,3,There is no,Not on or by (20) meters of a,1
656,656,656,897129,2021,Abu Dhabi,January,Saturday,In the afternoon,the third week,Deterioration,Not adhering to the mandatory itinerary,Zayed City Street (New),Sandy area,Habshan,vertigo,day,Wicked (Bad),No Clouds,dry,passenger,Rapid in the back seat,Eloquent,38,Male,50,2,There is no,vertigo,1
657,657,657,897130,2021,Sharjah,February,Tuesday,Before noon,second week,Deterioration,Sudden deviation,Khorfakkan Road,External road,Sharjah / Al Dhaid,Double road,day,Wicked (Bad),fog,dry,passenger,Rapid in the back seat,Eloquent,30,Male,120,2,There is no,Not on or by (20) meters of a,1
658,658,658,897131,2021,Sharjah,March,Saturday,Evening,fourth week,Run,Not to give priority to the infantry crossing,Al -Qareem Street,Residential area,Readings 1,Double road,Night - without lighting,Wicked (Bad),No Clouds,dry,pedestrian,There is no passenger,Eloquent,60,Male,60,2,He crosses not on transit lines,Not on or by (20) meters of a,1
659,659,659,897132,2021,Sharjah,February,Tuesday,Before noon,second week,Deterioration,Sudden deviation,Khorfakkan Road,External road,Sharjah / Al Dhaid,Double road,day,Wicked (Bad),fog,dry,passenger,Rapid in the back seat,Eloquent,31,Male,120,2,There is no,Not on or by (20) meters of a,1
660,660,660,897133,2021,Sharjah,August,Saturday,Before noon,The first week,Shocked,Sudden deviation,Maliha Street,Industrial area,The eighteenth industrial zone,Double road,day,Wicked (Bad),No Clouds,dry,passenger,A passenger in the front seat,Eloquent,17,Male,120,3,There is no,Not on or by (20) meters of a,1
661,661,661,897134,2021,Abu Dhabi,September,Thursday,Before noon,The fifth week,Deterioration,Preoccupation with the road while driving the vehicle in any way,Al -Ruwais Street - Goods,Tunnel / Bridge,General Street (Abu Dhabi - Commodities),Individual,day,Wicked (Bad),No Clouds,dry,driver,Driver,Eloquent,19,Male,160,4,There is no,Not at intersection,1
662,662,662,897135,2021,Abu Dhabi,May,Tuesday,In the afternoon,second week,Be shocked,Sir is the opposite of the direction,An internal street,Agricultural area,My line,Double road,day,Wicked (Bad),No Clouds,dry,driver,Driver,death,35,Male,100,2,There is no,vertigo,1
663,663,663,897136,2021,Abu Dhabi,June,Monday,Before noon,second week,Shock,Not leaving enough distance,Armored road,Petrol station,Khalifa popular bridge,Double road,day,Wicked (Bad),No Clouds,Temple,driver,Driver,death,37,Male,120,4,There is no,Not on or by (20) meters of a,1
664,664,664,897137,2021,Abu Dhabi,Dec,Thursday,Evening,second week,Shock,Preoccupation with the road while driving the vehicle in any way,Al Ain Street - Dubai,External road,Hayer,Double road,Night - Enough lighting,Wicked (Bad),No Clouds,dry,pedestrian,There is no passenger,death,32,Male,140,4,Familiar,Not at intersection,1
665,665,665,897138,2021,Abu Dhabi,March,Sunday,Before noon,The first week,Deterioration,Speed without taking into account the road conditions,An internal street,External road,Al -Ajaban,Double road,day,curve,No Clouds,Sand,driver,Driver,death,33,Male,60,2,There is no,Not on or by (20) meters of a,1
666,666,666,897139,2021,Abu Dhabi,February,Wednesday,At noon,The first week,Be shocked,Preoccupation with the road while driving the vehicle in any way,General Street (Abu Dhabi - Commodities),Residential area,Port,public road,day,Wicked (Bad),No Clouds,dry,passenger,Rapid in the back seat,death,27,Male,160,4,There is no,Not at intersection,1
667,667,667,897140,2021,Abu Dhabi,January,Thursday,Before noon,The first week,Shock,Preoccupation with the road while driving the vehicle in any way,Nahyan First Street,Residential area,full,Double road,day,Wicked (Bad),No Clouds,dry,driver,Bike,death,37,Male,80,3,There is no,Not at intersection,1
668,668,668,897141,2021,Ajman,July,Thursday,Evening,The first week,Cross -100,Enter a major road without making sure that it is free,unknown,Commercial area,Industrial cliff 1,Intersection,day,Wicked (Bad),No Clouds,dry,driver,Driver,death,28,Male,40,0,There is no,Vertical cross intersection,1
669,669,669,897142,2021,Umm Al Quwain,September,Sunday,Before noon,fourth week,Shock,Driving the vehicle under the influence of alcohol,Sheikh Mohammed bin Zayed Street (Umm Al Qain - Ras Al Khaimah),Tunnel / Bridge,Navel,Double road,Night - Enough lighting,crowded,No Clouds,dry,passenger,A passenger in the front seat,death,24,Male,120,3,There is no,Not at intersection,1
670,670,670,897143,2021,Abu Dhabi,January,Wednesday,Before noon,the third week,Shock,Entering a place forbidden,Sheikh Maktoum Bin Rashid Street,Agricultural area,Phantom,Individual,day,Wicked (Bad),fog,Foundation,driver,Driver,death,27,Male,80,2,There is no,Hole,1
671,671,671,897144,2021,Ras Al Khaimah,November,Wednesday,Evening,fourth week,Deterioration,Speed without taking into account the road conditions,Al -Faisal Street near the agencies,Commercial area,Old Ras Al Khaimah,Double road,Night - Enough lighting,Wicked (Bad),No Clouds,Temple,driver,Driver,death,19,Male,100,3,There is no,Not on or by (20) meters of a,1
672,672,672,897145,2021,Umm Al Quwain,March,Tuesday,In the afternoon,The first week,Run,Driving without a driver's license at all,Sheikh Zayed bin Sultan Al Nahyan Street,Petrol station,Falaj Al -Mualla area,public road,Night - Enough lighting,Wicked (Bad),No Clouds,dry,pedestrian,There is no passenger,death,22,Male,80,2,There is no,Not on or by (20) meters of a,1
673,673,673,897146,2021,Abu Dhabi,September,Monday,At noon,fourth week,Cross -100,Preoccupation with the road while driving the vehicle in any way,Al Ain Street - Al -Wajan - Al -Qaa,External road,Custody,Double road,day,Wicked (Bad),No Clouds,dry,driver,Driver,death,36,Male,120,2,There is no,Not at intersection,1
674,674,674,897147,2021,Umm Al Quwain,August,Thursday,In the afternoon,fourth week,A fixed body was shocked outside the road,Negligence and lack of attention,Sheikh Zayed bin Sultan Al Nahyan Street,Others,Falaj Al -Mualla area,public road,Night - Enough lighting,Wicked (Bad),No Clouds,dry,passenger,A passenger in the front seat,death,61,Female,60,2,There is no,Not on or by (20) meters of a,1
675,675,675,897148,2021,Umm Al Quwain,August,Monday,At noon,The fifth week,Be shocked,Negligence and lack of attention,Sheikh Zayed bin Sultan Al Nahyan Street,Tunnel / Bridge,Navel,public road,Night - Enough lighting,Wicked (Bad),No Clouds,dry,driver,Bike,death,30,Male,80,2,There is no,Others,1
676,676,676,897149,2021,Abu Dhabi,April,Monday,In the afternoon,fourth week,A fixed body shocked the road,Tire explosion,Abu Dhabi Road - Al Ain,External road,Magic,Double road,day,Wicked (Bad),No Clouds,dry,pedestrian,There is no passenger,death,45,Male,120,3,Familiar,Not at intersection,1
677,677,677,897150,2021,Abu Dhabi,June,Saturday,At noon,the third week,Shock,Preoccupation with the road while driving the vehicle in any way,El-Shikh Zayed street,Residential area,There is no definition of regions,public road,day,Wicked (Bad),No Clouds,dry,passenger,A passenger in the front seat,death,34,Female,120,4,There is no,Not at intersection,1
678,678,678,897151,2021,Sharjah,November,Thursday,Evening,The first week,Run,Negligence and lack of attention,Cooperation Street,Residential area,Gorgeous,Double road,Night - Enough lighting,Wicked (Bad),No Clouds,dry,pedestrian,There is no passenger,death,36,Female,60,3,He crosses not on transit lines,Not on or by (20) meters of a,1
679,679,679,897152,2021,Abu Dhabi,Dec,Thursday,In the afternoon,the third week,A fixed body shocked the road,Preoccupation with the road while driving the vehicle in any way,Abu Dhabi Road - Al Ain,Tunnel / Bridge,Al -Faya Bridge,bridge,Night - Enough lighting,Wicked (Bad),No Clouds,Temple,driver,Driver,death,45,Male,60,2,There is no,vertigo,1
680,680,680,897153,2021,Ras Al Khaimah,August,Saturday,In the afternoon,second week,Consecutive,Preoccupation with the road while driving the vehicle in any way,Emirates Street Transit Street,Sandy area,Stagnation,public road,Night - Enough lighting,Other (select),No Clouds,Temple,driver,Driver,death,34,Male,120,3,There is no,Not at intersection,1
681,681,681,897154,2021,Sharjah,Dec,Saturday,In the afternoon,The first week,Run,Not to give priority to the infantry crossing,Second Industrial Street,Industrial area,second industrial,Double road,Night - Enough lighting,Wicked (Bad),No Clouds,dry,pedestrian,There is no passenger,death,40,Male,80,3,He crosses pedestrian crossing lines,Not on or by (20) meters of a,1
682,682,682,897155,2021,Fujairah,February,Sunday,Evening,fourth week,Be shocked,Sudden deviation,Kuwait Street,Tunnel / Bridge,The faction area,public road,Night - Enough lighting,Wicked (Bad),No Clouds,Temple,driver,Driver,death,21,Male,60,3,There is no,Not on or by (20) meters of a,1
683,683,683,897156,2021,Umm Al Quwain,September,Sunday,Before noon,fourth week,Shock,Driving the vehicle under the influence of alcohol,Sheikh Mohammed bin Zayed Street (Umm Al Qain - Ras Al Khaimah),Tunnel / Bridge,Navel,Double road,Night - Enough lighting,crowded,No Clouds,dry,passenger,Rapid in the back seat,death,24,Male,120,3,There is no,Not at intersection,1
684,684,684,897157,2021,Abu Dhabi,February,Sunday,Before noon,The first week,A fixed body shocked the road,Preoccupation with the road while driving the vehicle in any way,Al Ain Street - Dubai,External road,Hayer,Double road,day,Wicked (Bad),No Clouds,dry,driver,Driver,death,28,Male,140,4,There is no,Not at intersection,1
685,685,685,897158,2021,Ras Al Khaimah,April,Friday,In the afternoon,The fifth week,Be shocked,Enter a major road without making sure that it is free,Al -Munai’i Street,Mountainous area,Al -Munai’i,vertigo,Night - Enough lighting,Wicked (Bad),No Clouds,dry,passenger,A passenger in the front seat,death,31,Male,100,2,There is no,Not on or by (20) meters of a,1
686,686,686,897159,2021,Abu Dhabi,June,Tuesday,Evening,The first week,Shock,Preoccupation with the road while driving the vehicle in any way,Abu Dhabi Road - Al Ain,External road,Treasury Bridge,Double road,Night - without lighting,Wicked (Bad),No Clouds,dry,driver,Driver,death,42,Male,80,2,There is no,Not on or by (20) meters of a,1
687,687,687,897160,2021,Sharjah,February,Tuesday,Before noon,second week,Deterioration,Sudden deviation,Khorfakkan Road,External road,Sharjah / Al Dhaid,Double road,day,Wicked (Bad),fog,dry,passenger,A passenger in the front seat,death,23,Male,120,2,There is no,Not on or by (20) meters of a,1
688,688,688,897161,2021,Umm Al Quwain,September,Sunday,Before noon,fourth week,Shock,Driving the vehicle under the influence of alcohol,Sheikh Mohammed bin Zayed Street (Umm Al Qain - Ras Al Khaimah),Tunnel / Bridge,Navel,Double road,Night - Enough lighting,crowded,No Clouds,dry,driver,Driver,death,24,Male,120,3,There is no,Not at intersection,1
689,689,689,897162,2021,Abu Dhabi,January,Thursday,Evening,fourth week,A fixed body shocked the road,Preoccupation with the road while driving the vehicle in any way,International airport roads,an airport,There is no definition of regions,vertigo,Night - Enough lighting,Wicked (Bad),No Clouds,Temple,driver,Driver,death,24,Male,80,2,There is no,vertigo,1
690,690,690,897163,2021,Abu Dhabi,February,Thursday,Evening,the third week,A fixed body shocked the road,Not adhering to the mandatory itinerary,Arabian Gulf Street(Thirty),Governmental,Supervisor,public road,Night - Enough lighting,Wicked (Bad),No Clouds,dry,driver,Driver,death,30,Male,120,4,There is no,Not at intersection,1
691,691,691,897164,2021,Abu Dhabi,August,Sunday,Evening,The first week,Run,Preoccupation with the road while driving the vehicle in any way,Tarif road,Tunnel / Bridge,intimate,Individual,Night - Enough lighting,Wicked (Bad),No Clouds,dry,pedestrian,There is no passenger,death,31,Male,140,5,He crosses not on transit lines,Not on or by (20) meters of a,1
692,692,692,897165,2021,Ras Al Khaimah,February,Saturday,In the afternoon,the third week,Shock,Preoccupation with the road while driving the vehicle in any way,Airport Street,Petrol station,Stagnation,public road,Night - Enough lighting,Wicked (Bad),No Clouds,Temple,driver,Driver,death,30,Male,80,2,There is no,Not at intersection,1
693,693,693,897166,2021,Abu Dhabi,August,Thursday,Evening,fourth week,Be shocked,Not to make the route to come from the back by passing from the left side,Reem Island,Residential area,Reem Island,public road,Night - Enough lighting,Wicked (Bad),No Clouds,dry,passenger,Rapid in the back seat,death,71,Male,80,4,There is no,Not at intersection,1
694,694,694,897167,2021,Abu Dhabi,June,Monday,At noon,fourth week,Shock,Preoccupation with the road while driving the vehicle in any way,General Street (Abu Dhabi - Commodities),External road,Commodity,Double road,day,Wicked (Bad),No Clouds,dry,pedestrian,There is no passenger,death,35,Male,160,3,There is no,Not on or by (20) meters of a,1
695,695,695,897168,2021,Abu Dhabi,January,Wednesday,Before noon,the third week,A fixed body shocked the road,Preoccupation with the road while driving the vehicle in any way,Armored road,Commercial area,Industrial Archbishop,vertigo,day,Wicked (Bad),fog,Foundation,driver,Driver,death,31,Male,60,2,There is no,vertigo,1
696,696,696,897169,2021,Abu Dhabi,January,Thursday,Evening,second week,Shock,Leave an animal without guarding,Civil Street - Sweihan,External road,There is no definition of regions,Double road,Night - Enough lighting,Wicked (Bad),fog,dry,passenger,Rapid in the back seat,death,4,Male,140,2,There is no,Not at intersection,1
697,697,697,897170,2021,Abu Dhabi,November,Saturday,Evening,second week,Cross -100,Exaggeration in a place where transgression is forbidden,Old Truck Street,External road,There is no definition of regions,Individual,Night - without lighting,Wicked (Bad),No Clouds,dry,passenger,A passenger in the front seat,Simple,20,Male,100,1,There is no,Not at intersection,1
698,698,698,897171,2021,Ras Al Khaimah,May,Friday,Evening,The first week,A fixed body was shocked outside the road,Not securing the vehicle's stability while standing,Mohammed bin Salem Street,Residential area,Northern,Out of the way,day,Wicked (Bad),No Clouds,Non -temple,pedestrian,There is no passenger,Simple,19,Male,10,0,There is no,Not on or by (20) meters of a,1
699,699,699,897172,2021,Abu Dhabi,August,Monday,Evening,The first week,Shock,Overcoming the red light signal - the arrow signal,Peace Street (Eight),Governmental,There is no definition of regions,Intersection,Night - Enough lighting,Wicked (Bad),No Clouds,dry,passenger,A passenger in the front seat,Simple,32,Male,80,4,There is no,A meeting of half -vertical roads,1
700,700,700,897173,2021,Fujairah,January,Monday,Before noon,fourth week,Be shocked,Sudden deviation,Hamad bin Abdullah Street,Petrol station,City Center area,Double road,Night - Enough lighting,Wicked (Bad),No Clouds,Temple,driver,Driver,Simple,33,Male,60,3,There is no,Not on or by (20) meters of a,1
701,701,701,897174,2021,Sharjah,October,Friday,In the afternoon,second week,Run,Not to give priority to the infantry crossing,corneche Street,Coastal area,Alive,Double road,Night - Enough lighting,Wicked (Bad),No Clouds,dry,pedestrian,There is no passenger,Simple,12,Female,40,2,He crosses pedestrian crossing lines,Not on or by (20) meters of a,1
702,702,702,897175,2021,Ras Al Khaimah,January,Thursday,Evening,fourth week,Shock,Sudden deviation,Emirates Al Saadi Street,Others,The Red Island,public road,Night - Enough lighting,Wicked (Bad),No Clouds,Temple,passenger,Rapid in the back seat,Simple,27,Female,120,2,There is no,Not at intersection,1
703,703,703,897176,2021,Abu Dhabi,Dec,Monday,Before noon,fourth week,Shock,Overcoming the red light signal,Sultan Bin Zayed the First Street (Thirty Two),Commercial area,There is no definition of regions,Intersection,day,Wicked (Bad),No Clouds,dry,driver,Driver,Simple,46,Male,100,3,There is no,Vertical cross intersection,1
704,704,704,897177,2021,Sharjah,May,Saturday,At noon,fourth week,Consecutive,Not leaving enough distance,Khorfakkan Road,Tunnel / Bridge,The forum tunnel to the heavy tunnel,public road,day,Wicked (Bad),No Clouds,dry,driver,Driver,Simple,32,Male,100,2,There is no,Not on or by (20) meters of a,1
705,705,705,897178,2021,Abu Dhabi,Dec,Thursday,At noon,The fifth week,A fixed body shocked the road,Not adhering to the mandatory itinerary,Reem Island,Island,Reem Island,public road,day,Wicked (Bad),No Clouds,dry,driver,Driver,Simple,32,Male,80,2,There is no,Not at intersection,1