,Unnamed: 0.1,Unnamed: 0,Fake ID,Year,City,Month,Day,Time,Week,Type Of Accident,Reasons,Street,Place,Area,Location,Lighting,Road Condition,Weather Condition,Road surface,Lay injured,Injured seat,Degree of injury,Age of the injured,The person's gender,Speed of the road,Number of tracks,Pedestrian behavior,Intersection,Total
706,706,706,897179,2021,Abu Dhabi,June,Sunday,Before noon,second week,Shock,Sudden deviation,Peace Street (Eight),Commercial area,Palace,public road,day,Wicked (Bad),No Clouds,dry,passenger,A passenger in the front seat,Simple,19,Male,100,5,There is no,Multi -legs intersection,1
707,707,707,897180,2021,Abu Dhabi,November,Sunday,At noon,second week,Consecutive,Not adhering to the mandatory itinerary,Banias Street (Al Najd) (Sex),Commercial area,There is no definition of regions,Intersection,day,Wicked (Bad),No Clouds,dry,passenger,Rapid in the back seat,Simple,26,Female,60,4,There is no,Vertical cross intersection,1
708,708,708,897181,2021,Abu Dhabi,January,Tuesday,Before noon,the third week,Shock,Overcoming the red light signal,Rashid between Sayed Al Maktoum Street (Tah),Commercial area,There is no definition of regions,Intersection,day,Wicked (Bad),No Clouds,dry,passenger,A passenger in the front seat,Simple,48,Male,80,4,There is no,Vertical cross intersection,1
709,709,709,897182,2021,Abu Dhabi,November,Friday,At noon,second week,Cross -100,Not adhering to the mandatory itinerary,Jabal Hafit Street,Mountainous area,There is no definition of regions,Double road,day,Wicked (Bad),No Clouds,dry,passenger,Rapid in the back seat,Simple,25,Male,60,2,There is no,Not at intersection,1
710,710,710,897183,2021,Abu Dhabi,March,Sunday,Evening,The first week,Shock,Preoccupation with the road while driving the vehicle in any way,Sweihan Road,External road,The farmer,public road,day,Wicked (Bad),No Clouds,dry,driver,Driver,Simple,41,Female,140,4,There is no,Not at intersection,1
711,711,711,897184,2021,Abu Dhabi,April,Saturday,Before noon,The first week,Shock,Overcoming the red light signal - the arrow signal,Sultan Bin Zayed the First Street (Thirty Two),Residential area,Kindergarten,Intersection,day,Wicked (Bad),No Clouds,dry,pedestrian,There is no passenger,Simple,33,Male,100,4,He crosses pedestrian crossing lines,Vertical cross intersection,1
712,712,712,897185,2021,Abu Dhabi,June,Wednesday,Before noon,the third week,Deterioration,Sudden deviation,Al Ain Street - Al -Wajan - Al -Qaa,External road,Custody,Double road,day,Wicked (Bad),No Clouds,dry,driver,Driver,Simple,31,Female,140,2,There is no,Not at intersection,1
713,713,713,897186,2021,Abu Dhabi,Dec,Tuesday,In the afternoon,The first week,Run,Not to give priority to the infantry crossing,Rashid between Sayed Al Maktoum Street (Tah),Commercial area,Supervisor,public road,day,Wicked (Bad),No Clouds,dry,pedestrian,There is no passenger,Simple,31,Female,80,3,He crosses not on transit lines,Vertical cross intersection,1
714,714,714,897187,2021,Abu Dhabi,February,Saturday,Before noon,second week,Shock,Not leaving enough distance,Abu Dhabi Road - Al Ain,External road,Spear,Double road,day,Wicked (Bad),No Clouds,dry,driver,Driver,Simple,27,Male,160,3,There is no,Not on or by (20) meters of a,1
715,715,715,897188,2021,Abu Dhabi,November,Wednesday,In the afternoon,The first week,Shock,Not leaving enough distance,El-Shikh Zayed street,Commercial area,There is no definition of regions,public road,Night - Enough lighting,Wicked (Bad),No Clouds,dry,driver,Driver,Simple,20,Male,120,4,There is no,Not at intersection,1
716,716,716,897189,2021,Abu Dhabi,March,Thursday,In the afternoon,second week,Shock,Preoccupation with the road while driving the vehicle in any way,Sheikh Maktoum Bin Rashid Street,Tunnel / Bridge,Long Bridge,Individual,day,Wicked (Bad),No Clouds,dry,driver,Driver,Simple,24,Male,140,2,There is no,Not on or by (20) meters of a,1
717,717,717,897190,2021,Abu Dhabi,February,Monday,At noon,The first week,Cross -100,Sir is the opposite of the direction,Al -Mafraq Al -Shawamik Street,External road,Mafraq industrial,Double road,day,Wicked (Bad),No Clouds,dry,driver,Driver,Simple,43,Male,140,4,There is no,A meeting of half -vertical roads,1
718,718,718,897191,2021,Abu Dhabi,March,Thursday,In the afternoon,second week,Shock,Preoccupation with the road while driving the vehicle in any way,Sheikh Maktoum Bin Rashid Street,Tunnel / Bridge,Long Bridge,Individual,day,Wicked (Bad),No Clouds,dry,passenger,Rapid in the back seat,Simple,50,Male,140,2,There is no,Not on or by (20) meters of a,1
719,719,719,897192,2021,Fujairah,February,Sunday,At noon,fourth week,Be shocked,Enter a major road without making sure that it is free,Sheikh Maktoum Bin Rashid Street,External road,Thoban area,Double road,day,Wicked (Bad),No Clouds,Temple,passenger,A passenger in the front seat,Simple,43,Male,100,2,There is no,Hole,1
720,720,720,897193,2021,Fujairah,Dec,Thursday,At noon,fourth week,Consecutive,Not leaving enough distance,The intersection,Residential area,The Sharia area,Intersection,day,Wicked (Bad),No Clouds,Temple,driver,Driver,Simple,28,Male,60,3,There is no,Not on or by (20) meters of a,1
721,721,721,897194,2021,Abu Dhabi,Dec,Tuesday,Evening,the third week,Shock,Overcoming the red light signal,Reem Island,Mosque,Reem Island,Intersection,Night - Enough lighting,Wicked (Bad),No Clouds,dry,passenger,Rapid in the back seat,Simple,32,Female,80,3,There is no,Vertical cross intersection,1
722,722,722,897195,2021,Abu Dhabi,Dec,Wednesday,At noon,The fifth week,Shock,Not adhering to the mandatory itinerary,An internal street,Residential area,Sage,Dhuatatin Road,day,Wicked (Bad),No Clouds,dry,driver,Driver,Simple,23,Male,40,2,There is no,Not at intersection,1
723,723,723,897196,2021,Abu Dhabi,Dec,Thursday,Evening,second week,Shock,Preoccupation with the road while driving the vehicle in any way,Al Ain Street - Dubai,External road,Hayer,Double road,Night - Enough lighting,Wicked (Bad),No Clouds,dry,driver,Driver,Simple,25,Male,140,4,There is no,Not at intersection,1
724,724,724,897197,2021,Abu Dhabi,October,Tuesday,In the afternoon,second week,Shock,Preoccupation with the road while driving the vehicle using the phone,Zayed City Street (New),External road,Zayed City,Individual,day,Wicked (Bad),No Clouds,dry,passenger,A passenger in the front seat,Simple,49,Male,140,2,There is no,Not at intersection,1
725,725,725,897198,2021,Abu Dhabi,June,Tuesday,Evening,second week,Shock,Not leaving enough distance,Sheikh Khalifa bin Zayed Street,Residential area,Sa'adiat Island,Double road,day,Wicked (Bad),No Clouds,dry,driver,Driver,Simple,35,Male,120,3,There is no,Not at intersection,1
726,726,726,897199,2021,Sharjah,May,Friday,Before noon,fourth week,Shock,Preoccupation with the road while driving the vehicle in any way,Maliha Street,Residential area,Mud,Double road,Night - Enough lighting,Wicked (Bad),No Clouds,dry,driver,Driver,Simple,19,Male,80,2,There is no,Hole,1
727,727,727,897200,2021,Abu Dhabi,April,Wednesday,Evening,second week,Shock,Overcoming the red light signal,Rashid between Sayed Al Maktoum Street (Tah),Commercial area,There is no definition of regions,Intersection,Night - Enough lighting,Wicked (Bad),No Clouds,dry,passenger,A passenger in the front seat,Simple,39,Female,100,4,There is no,Vertical cross intersection,1
728,728,728,897201,2021,Sharjah,June,Friday,Evening,fourth week,Be shocked,Not adhering to the mandatory itinerary,Sheikh Khalid bin Mohammed Al Qasimi Street,Mosque,Sheikh Khaled Road,public road,Night - Enough lighting,Wicked (Bad),No Clouds,dry,passenger,Rapid in the back seat,Simple,55,Male,80,3,There is no,Not on or by (20) meters of a,1
729,729,729,897202,2021,Ras Al Khaimah,January,Sunday,At noon,The fifth week,Be shocked,Not adhering to the mandatory itinerary,Al -Qawasim Street,Commercial area,Old Ras Al Khaimah,vertigo,day,Wicked (Bad),No Clouds,Other (select),driver,Driver,Simple,47,Female,80,3,There is no,vertigo,1
730,730,730,897203,2021,Abu Dhabi,March,Tuesday,In the afternoon,the third week,Shock,Preoccupation with the road while driving the vehicle in any way,Sweihan Road,External road,Sweihan,Double road,Night - Enough lighting,Wicked (Bad),No Clouds,dry,passenger,Rapid in the back seat,Simple,81,Female,140,2,There is no,Not at intersection,1
731,731,731,897204,2021,Abu Dhabi,February,Wednesday,Evening,second week,Deterioration,Driving without a driver's license at all,Sheikh Maktoum Bin Rashid Street,Others,Gentott,Dhuatatin Road,Night - Enough lighting,Wicked (Bad),fog,dry,driver,Driver,Simple,19,Male,60,1,There is no,Not on or by (20) meters of a,1
732,732,732,897205,2021,Abu Dhabi,April,Sunday,Before noon,second week,Be shocked,Fatigue and drowsiness,General Street (Abu Dhabi - Commodities),External road,Ruwais,Double road,day,Wicked (Bad),No Clouds,dry,passenger,Rapid in the back seat,Simple,41,Male,160,3,There is no,Not on or by (20) meters of a,1
733,733,733,897206,2021,Abu Dhabi,Dec,Thursday,At noon,The fifth week,Shock,Negligence and lack of attention,Karama Street(Twenty Four),hospital,Kindergarten,Side,day,Wicked (Bad),No Clouds,dry,passenger,A passenger in the front seat,Simple,64,Male,40,2,There is no,Not at intersection,1
734,734,734,897207,2021,Abu Dhabi,Dec,Sunday,Evening,second week,Shock,Fatigue and drowsiness,General Street (Abu Dhabi - Commodities),External road,Abu Al -Abyad Bridge,public road,Night - Enough lighting,Wicked (Bad),No Clouds,dry,driver,Driver,Simple,53,Male,160,4,There is no,Not on or by (20) meters of a,1
735,735,735,897208,2021,Abu Dhabi,February,Friday,In the afternoon,second week,Run,Return back without making sure that the road is free,Hamdan Bin Mohammed Street(Five),Commercial area,Central,Individual,day,Wicked (Bad),No Clouds,dry,pedestrian,There is no passenger,Simple,46,Female,20,2,Familiar,Not at intersection,1
736,736,736,897209,2021,Ras Al Khaimah,January,Friday,In the afternoon,fourth week,Cross -100,The lack of conditions of security and traffic safety,Hamrania Street,External road,Stagnation,Individual,day,Wicked (Bad),No Clouds,Temple,driver,Driver,Simple,33,Male,60,1,There is no,Not on or by (20) meters of a,1
737,737,737,897210,2021,Umm Al Quwain,January,Wednesday,At noon,second week,Be shocked,Enter a major road without making sure that it is free,Market Street,Residential area,Old country area,Intersection,day,Wicked (Bad),No Clouds,dry,passenger,Rapid in the back seat,Simple,26,Male,20,1,There is no,Vertical cross intersection,1
738,738,738,897211,2021,Abu Dhabi,October,Sunday,Before noon,The fifth week,Shock,Not adhering to the mandatory itinerary,corneche Street,Commercial area,The port,Intersection,day,Wicked (Bad),No Clouds,dry,driver,Driver,Simple,30,Female,60,4,There is no,Vertical cross intersection,1
739,739,739,897212,2021,Ras Al Khaimah,February,Monday,Evening,The first week,Be shocked,Enter a major road without making sure that it is free,Sheikh Kayed bin Mohammed Street,Mosque,Al -Uraibi,Double road,day,Wicked (Bad),No Clouds,Temple,driver,Driver,Simple,29,Female,60,2,There is no,Not on or by (20) meters of a,1
740,740,740,897213,2021,Abu Dhabi,October,Tuesday,Before noon,The first week,Shock,Preoccupation with the road while driving the vehicle using the phone,Al Ain Street - Dubai,External road,Vegetable,Double road,day,Wicked (Bad),No Clouds,dry,driver,Driver,Simple,25,Male,140,4,There is no,Not at intersection,1
741,741,741,897214,2021,Sharjah,March,Saturday,In the afternoon,fourth week,Deterioration,Sudden deviation,Sheikh Khalid bin Mohammed Al Qasimi Street,Commercial area,Sheikh Khaled Road,public road,day,Wicked (Bad),No Clouds,dry,driver,Driver,Simple,19,Male,60,2,There is no,Not on or by (20) meters of a,1
742,742,742,897215,2021,Fujairah,September,Thursday,Evening,The fifth week,A fixed body was shocked outside the road,Sudden deviation,New Truck Street roundabout,an airport,Tricks,public road,Night - Enough lighting,Wicked (Bad),No Clouds,Temple,driver,Driver,Simple,37,Male,80,2,There is no,Not on or by (20) meters of a,1
743,743,743,897216,2021,Abu Dhabi,November,Thursday,In the afternoon,The first week,Shock,Enter a major road without making sure that it is free,El-Shikh Zayed street,Tunnel / Bridge,There is no definition of regions,public road,Night - Enough lighting,Wicked (Bad),No Clouds,dry,driver,Driver,Simple,40,Male,100,3,There is no,Not at intersection,1
744,744,744,897217,2021,Abu Dhabi,March,Thursday,Before noon,fourth week,Shock,Overcoming the red light signal - the arrow signal,IPSeventyFiveD Eastern Intersection (Traffic) - Street Thirty One,Governmental,Humper saffron,Intersection,day,Wicked (Bad),No Clouds,dry,driver,Driver,Simple,36,Male,80,5,There is no,Vertical cross intersection,1
745,745,745,897218,2021,Sharjah,April,Friday,In the afternoon,fourth week,Be shocked,Enter a major road without making sure that it is free,Sheikh Khalid bin Mohammed Al Qasimi Street,Residential area,Algeria,Double road,day,Wicked (Bad),No Clouds,dry,driver,Bike,Simple,23,Male,60,2,There is no,A meeting of half -vertical roads,1
746,746,746,897219,2021,Umm Al Quwain,November,Thursday,Evening,the third week,Deterioration,Sudden deviation,Sheikh Mohammed bin Zayed Street (Umm Al Qain - Ras Al Khaimah),Petrol station,Navel,Double road,Night - Enough lighting,Wicked (Bad),No Clouds,dry,passenger,Rapid in the back seat,Simple,28,Male,120,3,There is no,Not on or by (20) meters of a,1
747,747,747,897220,2021,Sharjah,January,Friday,In the afternoon,fourth week,Be shocked,Negligence and lack of attention,Sheikh Mohammed bin Zayed Street,Sandy area,Hamriyah,Intersection,day,Wicked (Bad),No Clouds,Sand,driver,Driver,Simple,13,Male,10,1,There is no,Not on or by (20) meters of a,1
748,748,748,897221,2021,Sharjah,January,Tuesday,Evening,fourth week,Run,Not to give priority to the infantry crossing,Intifada Street,Residential area,Al -Majaz 2,Individual,Night - Enough lighting,Wicked (Bad),No Clouds,dry,pedestrian,There is no passenger,Simple,44,Female,40,1,There is no,Not on or by (20) meters of a,1
749,749,749,897222,2021,Abu Dhabi,November,Saturday,At noon,The first week,Deterioration,Enter a major road without making sure that it is free,Zayed the First Street(Seven),hospital,Central,public road,day,Wicked (Bad),No Clouds,dry,driver,Driver,Simple,26,Male,80,3,There is no,Not at intersection,1
750,750,750,897223,2021,Abu Dhabi,May,Monday,Evening,The first week,Shock,Speed without taking into account the road conditions,General Street (Abu Dhabi - Commodities),Tunnel / Bridge,Ruwais,Double road,Night - Enough lighting,Wicked (Bad),No Clouds,dry,passenger,Rapid in the back seat,Simple,39,Male,80,3,There is no,Not on or by (20) meters of a,1
751,751,751,897224,2021,Abu Dhabi,April,Sunday,Before noon,second week,Be shocked,Fatigue and drowsiness,General Street (Abu Dhabi - Commodities),External road,Ruwais,Double road,day,Wicked (Bad),No Clouds,dry,passenger,Rapid in the back seat,Simple,24,Male,160,3,There is no,Not on or by (20) meters of a,1
752,752,752,897225,2021,Sharjah,July,Tuesday,In the afternoon,fourth week,Fall,Enter a major road without making sure that it is free,Sheikh Saeed Al Qasimi Street,Residential area,Sidra,Individual,day,Wicked (Bad),No Clouds,dry,driver,Driver,Simple,24,Male,60,2,There is no,Hole,1
753,753,753,897226,2021,Abu Dhabi,Dec,Sunday,Evening,fourth week,Shock,Preoccupation with the road while driving the vehicle in any way,Liwa Street,Others,Zayed City,Individual,Night - Enough lighting,Wicked (Bad),No Clouds,dry,driver,Driver,Simple,30,Male,140,2,There is no,Not at intersection,1
754,754,754,897227,2021,Abu Dhabi,June,Wednesday,At noon,The first week,Shock,Failure to adhere to traffic signs,El-Shikh Zayed street,Residential area,There is no definition of regions,public road,day,Wicked (Bad),No Clouds,dry,passenger,Rapid in the back seat,Simple,3,Female,120,4,There is no,Not at intersection,1
755,755,755,897228,2021,Ras Al Khaimah,September,Friday,Before noon,second week,Run,Negligence and lack of attention,Emirates Street Transit Street,Petrol station,Stagnation,Individual,day,Wicked (Bad),No Clouds,dry,pedestrian,There is no passenger,Simple,25,Male,80,1,There is no,Hole,1
756,756,756,897229,2021,Ras Al Khaimah,May,Saturday,Evening,second week,Deterioration,Preoccupation with the road while driving the vehicle in any way,Southern Al -Dhait Street near the Zayed Center,Mosque,Southern,public road,Night - Enough lighting,Wicked (Bad),No Clouds,Temple,passenger,A passenger in the front seat,Simple,27,Male,60,2,There is no,Not at intersection,1
757,757,757,897230,2021,Abu Dhabi,September,Monday,At noon,the third week,Be shocked,Failure to adhere to traffic signs,Riyadh city,Residential area,There is no definition of regions,Intersection,day,Wicked (Bad),No Clouds,dry,passenger,Rapid in the back seat,Simple,14,Male,40,1,There is no,Vertical cross intersection,1
758,758,758,897231,2021,Umm Al Quwain,September,Sunday,Evening,second week,Shock,Preoccupation with the road while driving the vehicle in any way,Emirates Street,External road,Polite area,Double road,Night - Enough lighting,Wicked (Bad),No Clouds,dry,driver,Driver,Simple,25,Male,120,3,There is no,Not at intersection,1
759,759,759,897232,2021,Ras Al Khaimah,June,Monday,Evening,the third week,Be shocked,Sudden deviation,Al -Munai’i Street,Mosque,Al -Munai’i,Double road,Night - Enough lighting,Wicked (Bad),No Clouds,dry,passenger,A passenger in the front seat,Simple,18,Male,60,1,There is no,Not on or by (20) meters of a,1
760,760,760,897233,2021,Abu Dhabi,April,Saturday,Evening,second week,Be shocked,Enter a major road without making sure that it is free,Zayed the First Street(Seven),School,Khalidiya,public road,day,Wicked (Bad),No Clouds,dry,passenger,A passenger in the front seat,Simple,41,Female,80,3,There is no,Not at intersection,1
761,761,761,897234,2021,Sharjah,October,Friday,Before noon,The first week,Non -moving,Negligence and lack of attention,Sheikh Abdullah bin Sultan Al Qasimi Street,Residential area,Shelter,vertigo,day,Wicked (Bad),No Clouds,dry,driver,Bike,Simple,28,Male,60,2,There is no,vertigo,1
762,762,762,897235,2021,Abu Dhabi,June,Tuesday,Evening,second week,Be shocked,Not to make the road / not to give the brigades,An internal street,Residential area,Eclipse,Dhuatatin Road,Night - without lighting,Wicked (Bad),No Clouds,dry,driver,Driver,Simple,31,Male,40,2,There is no,A meeting of half -vertical roads,1
763,763,763,897236,2021,Umm Al Quwain,April,Friday,Before noon,fourth week,Shock,Overing from the right or ingredon is cautious,Sheikh Zayed bin Sultan Al Nahyan Street,Tunnel / Bridge,Navel,Double road,Night - Enough lighting,Wicked (Bad),No Clouds,dry,driver,Driver,Simple,22,Male,100,2,There is no,Not at intersection,1
764,764,764,897237,2021,Abu Dhabi,November,Tuesday,Evening,the third week,Shock,Overcoming the red light signal - the arrow signal,Sultan Bin Zayed the First Street (Thirty Two),Commercial area,There is no definition of regions,Intersection,Night - Enough lighting,Wicked (Bad),No Clouds,dry,passenger,A passenger in the front seat,Simple,27,Female,100,4,There is no,Vertical cross intersection,1
765,765,765,897238,2021,Umm Al Quwain,April,Friday,Before noon,fourth week,Shock,Overing from the right or ingredon is cautious,Sheikh Zayed bin Sultan Al Nahyan Street,Tunnel / Bridge,Navel,Double road,Night - Enough lighting,Wicked (Bad),No Clouds,dry,passenger,A passenger in the front seat,Simple,27,Male,100,2,There is no,Not at intersection,1
766,766,766,897239,2021,Abu Dhabi,Dec,Tuesday,Evening,The first week,Be shocked,Not to give priority to the infantry crossing,Zayed the First Street(Seven),Commercial area,Khalidiya,Intersection,Night - Enough lighting,Wicked (Bad),No Clouds,dry,driver,Driver,Simple,27,Male,80,3,It crosses the crossing lines,Vertical cross intersection,1
767,767,767,897240,2021,Abu Dhabi,February,Saturday,Before noon,the third week,Shock,Preoccupation with the road while driving the vehicle in any way,Abu Dhabi Road - Al Ain,External road,There is no definition of regions,Double road,day,Wicked (Bad),No Clouds,Temple,driver,Driver,Simple,37,Male,160,3,There is no,Not on or by (20) meters of a,1
768,768,768,897241,2021,Abu Dhabi,January,Saturday,In the afternoon,the third week,Deterioration,Not adhering to the mandatory itinerary,Zayed City Street (New),Sandy area,Habshan,vertigo,day,Wicked (Bad),No Clouds,dry,passenger,Rapid in the back seat,Simple,32,Male,50,2,There is no,vertigo,1
769,769,769,897242,2021,Abu Dhabi,November,Tuesday,Before noon,The first week,Shock,Not leaving enough distance,Sheikh Zayed Bridge - Sheikh Zayed Street,Governmental,There is no definition of regions,Individual,day,Wicked (Bad),No Clouds,dry,driver,Driver,Simple,33,Male,120,4,There is no,Not on or by (20) meters of a,1
770,770,770,897243,2021,Umm Al Quwain,January,Wednesday,At noon,second week,Be shocked,Enter a major road without making sure that it is free,Market Street,Residential area,Old country area,Intersection,day,Wicked (Bad),No Clouds,dry,passenger,Rapid in the back seat,Simple,27,Male,20,1,There is no,Vertical cross intersection,1
771,771,771,897244,2021,Abu Dhabi,November,Friday,Evening,The first week,Shock,Not leaving enough distance,Yas Street One,Residential area,Yass Island,Individual,Night - Enough lighting,Wicked (Bad),No Clouds,dry,driver,Driver,Simple,23,Male,100,3,There is no,Not on or by (20) meters of a,1
772,772,772,897245,2021,Abu Dhabi,November,Friday,In the afternoon,the third week,Run,Not to give priority to the infantry crossing,Rashid between Sayed Al Maktoum Street (Tah),Commercial area,Central,Individual,Night - Enough lighting,Wicked (Bad),No Clouds,dry,pedestrian,There is no passenger,Simple,46,Male,40,2,Familiar,Not on or by (20) meters of a,1
773,773,773,897246,2021,Abu Dhabi,August,Saturday,At noon,fourth week,Run,Not to give priority to the infantry crossing,Eastern Street (Al Traffic) (Four),Governmental,There is no definition of regions,Individual,day,Wicked (Bad),No Clouds,dry,pedestrian,There is no passenger,Simple,34,Female,40,2,He crosses not on transit lines,Not on or by (20) meters of a,1
774,774,774,897247,2021,Umm Al Quwain,March,Tuesday,Before noon,the third week,Be shocked,Preoccupation with the road while driving the vehicle in any way,International Federation Street,Residential area,Al -Salamah area b,Intersection,day,Wicked (Bad),No Clouds,dry,pedestrian,There is no passenger,Simple,9,Female,10,1,There is no,Multi -legs intersection,1
775,775,775,897248,2021,Ras Al Khaimah,November,Sunday,Before noon,second week,Shock,Not leaving enough distance,Mohammed bin Salem Street from the roundabout of Mohammed bin Zaid to Dolphin,Others,The Red Island,public road,day,Wicked (Bad),No Clouds,Temple,passenger,Rapid in the back seat,Simple,12,Male,100,2,There is no,Not at intersection,1
776,776,776,897249,2021,Ajman,October,Friday,Evening,the third week,Shock,Not leaving enough distance,Etihad Street,Commercial area,Naimia,Double road,Night - Enough lighting,Wicked (Bad),No Clouds,dry,passenger,Rapid in the back seat,Simple,57,Female,50,0,There is no,A meeting of half -vertical roads,1
777,777,777,897250,2021,Abu Dhabi,October,Sunday,Evening,The fifth week,Cross -100,Driving the vehicle under the influence of alcohol,Armored road,Residential area,Popularism,Double road,Night - Enough lighting,Wicked (Bad),No Clouds,dry,driver,Driver,Simple,23,Male,40,2,There is no,A meeting of half -vertical roads,1
778,778,778,897251,2021,Fujairah,August,Saturday,In the afternoon,fourth week,Run,Negligence and lack of attention,Market Commercial Street,Mosque,Dibba Al -Fujairah / Al -Qayan area,Double road,Night - Enough lighting,Wicked (Bad),No Clouds,Temple,pedestrian,There is no passenger,Simple,37,Female,40,2,There is no,Not on or by (20) meters of a,1
779,779,779,897252,2021,Abu Dhabi,February,Tuesday,At noon,fourth week,Consecutive,Not leaving enough distance,Al Ain Hospital Roundabout,Governmental,Objectionable,vertigo,day,Wicked (Bad),No Clouds,dry,driver,Driver,Simple,31,Female,80,3,There is no,vertigo,1
780,780,780,897253,2021,Sharjah,April,Friday,Evening,fourth week,Deterioration,Driving without a driver's license at all,King Abdulaziz Street,Residential area,Bushra,Double road,Night - Enough lighting,Wicked (Bad),No Clouds,dry,driver,Bike,Simple,33,Male,40,2,There is no,Not on or by (20) meters of a,1
781,781,781,897254,2021,Ras Al Khaimah,November,Friday,Evening,The first week,Shock,Driving under the influence of intoxicant or anesthetic,Al -Munai’i Street,School,Al -Munai’i,Individual,day,Wicked (Bad),No Clouds,dry,driver,Driver,Simple,32,Male,60,1,There is no,Not on or by (20) meters of a,1
782,782,782,897255,2021,Fujairah,April,Thursday,At noon,The first week,Consecutive,Not leaving enough distance,Al -Rashidiya Street,Residential area,Dibba Al -Fujairah / Al -Rashidiya area,public road,day,Wicked (Bad),No Clouds,Temple,driver,Driver,Simple,82,Male,60,2,There is no,Not at intersection,1
783,783,783,897256,2021,Abu Dhabi,October,Friday,Before noon,The first week,A fixed body shocked the road,Preoccupation with the road while driving the vehicle in any way,Umm Al -Nar Road / Shahama,External road,Rest Beach,bridge,day,curve,No Clouds,dry,passenger,A passenger in the front seat,Simple,36,Male,40,2,There is no,Others,1
784,784,784,897257,2021,Abu Dhabi,March,Tuesday,At noon,second week,Shock,Not adhering to the mandatory itinerary,Al Ain Street - Dubai,External road,Hayer,public road,day,Wicked (Bad),No Clouds,dry,driver,Driver,Simple,27,Male,140,4,There is no,Not on or by (20) meters of a,1
785,785,785,897258,2021,Abu Dhabi,November,Monday,In the afternoon,the third week,Be shocked,Failure to adhere to traffic signs,Mina Street(Three),Commercial area,There is no definition of regions,Individual,Night - Enough lighting,Wicked (Bad),No Clouds,dry,passenger,A passenger in the front seat,Simple,33,Male,40,2,There is no,Vertical cross intersection,1
786,786,786,897259,2021,Abu Dhabi,July,Friday,At noon,the third week,Consecutive,Not leaving enough distance,Peace Street (Eight),Commercial area,There is no definition of regions,public road,day,Wicked (Bad),No Clouds,dry,passenger,A passenger in the front seat,Simple,30,Male,80,4,There is no,Not on or by (20) meters of a,1
787,787,787,897260,2021,Abu Dhabi,August,Tuesday,Evening,The fifth week,Be shocked,Not adhering to the mandatory itinerary,Al -Mafraq Al -Shawamik Street,External road,Bani Yas (East),public road,Night - Enough lighting,Wicked (Bad),No Clouds,dry,passenger,A passenger in the front seat,Simple,52,Female,60,3,It crosses the crossing lines,Not on or by (20) meters of a,1
788,788,788,897261,2021,Ras Al Khaimah,March,Monday,At noon,The fifth week,Non -moving,Tire explosion,Kadra Street - Dafta,External road,Disgust,Double road,day,Wicked (Bad),No Clouds,dry,passenger,A passenger in the front seat,Simple,43,Female,120,2,There is no,Not on or by (20) meters of a,1
789,789,789,897262,2021,Abu Dhabi,Dec,Saturday,At noon,The first week,Shock,Not leaving enough distance,There is no definition,Residential area,Between the two bridges,Intersection,day,Wicked (Bad),No Clouds,dry,driver,Driver,Simple,40,Female,80,4,There is no,Vertical cross intersection,1
790,790,790,897263,2021,Sharjah,September,Friday,Before noon,The first week,Be shocked,Preoccupation with the road while driving the vehicle in any way,Raqqa Street,Residential area,Algeria,Individual,Night - Enough lighting,Wicked (Bad),No Clouds,dry,driver,Bike,Simple,28,Male,40,2,There is no,Not on or by (20) meters of a,1
791,791,791,897264,2021,Ras Al Khaimah,June,Monday,Evening,the third week,Be shocked,Sudden deviation,Al -Munai’i Street,Mosque,Al -Munai’i,Double road,Night - Enough lighting,Wicked (Bad),No Clouds,dry,passenger,A passenger in the front seat,Simple,18,Male,60,1,There is no,Not on or by (20) meters of a,1
792,792,792,897265,2021,Umm Al Quwain,November,Thursday,Evening,the third week,Deterioration,Sudden deviation,Sheikh Mohammed bin Zayed Street (Umm Al Qain - Ras Al Khaimah),Petrol station,Navel,Double road,Night - Enough lighting,Wicked (Bad),No Clouds,dry,driver,Driver,Simple,35,Male,120,3,There is no,Not on or by (20) meters of a,1
793,793,793,897266,2021,Abu Dhabi,July,Friday,At noon,The fifth week,Shock,Not to make the road / not to give the brigades,There is no definition,Residential area,Industrial Archbishop,Intersection,day,Wicked (Bad),No Clouds,dry,passenger,Rapid in the back seat,Simple,21,Male,60,2,There is no,Vertical cross intersection,1