,Unnamed: 0.1,Unnamed: 0,Fake ID,Year,City,Month,Day,Time,Week,Type Of Accident,Reasons,Street,Place,Area,Location,Lighting,Road Condition,Weather Condition,Road surface,Lay injured,Injured seat,Degree of injury,Age of the injured,The person's gender,Speed of the road,Number of tracks,Pedestrian behavior,Intersection,Total
794,794,794,897267,2021,Abu Dhabi,November,Monday,At noon,the third week,Shock,Not leaving enough distance,Sultan Bin Zayed the First Street (Thirty Two),School,There is no definition of regions,public road,day,Wicked (Bad),No Clouds,dry,driver,Driver,Simple,52,Female,80,3,There is no,Not at intersection,1
795,795,795,897268,2021,Abu Dhabi,Dec,Saturday,In the afternoon,fourth week,Shock,Preoccupation with the road while driving the vehicle in any way,There is no definition,Tunnel / Bridge,Between the two bridges,Double road,day,Wicked (Bad),No Clouds,dry,driver,Driver,Simple,36,Male,100,3,There is no,Not at intersection,1
796,796,796,897269,2021,Ras Al Khaimah,January,Tuesday,Evening,fourth week,Consecutive,Not leaving enough distance,Street,Others,Chant,Double road,day,Wicked (Bad),No Clouds,dry,passenger,A passenger in the front seat,Simple,28,Female,80,3,There is no,Not on or by (20) meters of a,1
797,797,797,897270,2021,Fujairah,October,Thursday,In the afternoon,the third week,A fixed body was shocked outside the road,Sudden deviation,Hala Street,Residential area,Dibba Al -Fujairah / Hala,Double road,Night - Enough lighting,Wicked (Bad),No Clouds,Temple,passenger,A passenger in the front seat,Simple,15,Male,100,2,There is no,Not on or by (20) meters of a,1
798,798,798,897271,2021,Abu Dhabi,February,Tuesday,In the afternoon,second week,Run,Preoccupation with the road while driving the vehicle in any way,The tall roundabout,Residential area,The farmer,Dhuatatin Road,Night - Enough lighting,Wicked (Bad),No Clouds,Temple,pedestrian,There is no passenger,Simple,8,Male,60,2,He crosses not on transit lines,Not on or by (20) meters of a,1
799,799,799,897272,2021,Sharjah,November,Monday,In the afternoon,second week,Run,Return back without making sure that the road is free,Hamriyah,Commercial area,Hamriyah,Other (select),Night - Enough lighting,Wicked (Bad),No Clouds,dry,pedestrian,There is no passenger,Simple,36,Male,10,1,There is no,Others,1
800,800,800,897273,2021,Abu Dhabi,October,Friday,At noon,The first week,Shock,Driving the vehicle under the influence of alcohol,Corniche intersection - Rashid bin Saeed Al Maktoum,Commercial area,Central (West),public road,day,Wicked (Bad),No Clouds,dry,driver,Driver,Simple,67,Male,80,4,There is no,A meeting of half -vertical roads,1
801,801,801,897274,2021,Ras Al Khaimah,March,Sunday,At noon,the third week,Be shocked,Enter a major road without making sure that it is free,Mohammed bin Salem Street from the roundabout of Mohammed bin Zaid to Dolphin,Others,The Red Island,Other (select),day,Wicked (Bad),No Clouds,Temple,passenger,A passenger in the front seat,Simple,18,Female,100,2,There is no,Hole,1
802,802,802,897275,2021,Abu Dhabi,April,Wednesday,Evening,second week,Shock,Overcoming the red light signal,Rashid between Sayed Al Maktoum Street (Tah),Commercial area,There is no definition of regions,Intersection,Night - Enough lighting,Wicked (Bad),No Clouds,dry,driver,Driver,Simple,35,Female,100,4,There is no,Vertical cross intersection,1
803,803,803,897276,2021,Fujairah,Dec,Thursday,In the afternoon,fourth week,Consecutive,Not leaving enough distance,Najimat Street,Commercial area,Najimat area,public road,day,Wicked (Bad),No Clouds,Temple,passenger,Rapid in the back seat,Simple,24,Male,100,2,There is no,Not on or by (20) meters of a,1
804,804,804,897277,2021,Abu Dhabi,Dec,Friday,Evening,The fifth week,Be shocked,Not to make the road / not to give the brigades,Rashid between Sayed Al Maktoum Street (Tah),Commercial area,Supervisor,public road,Night - Enough lighting,Wicked (Bad),No Clouds,dry,driver,Driver,Simple,36,Male,80,3,There is no,Not at intersection,1
805,805,805,897278,2021,Abu Dhabi,Dec,Thursday,Evening,The first week,Run,Speed without taking into account the road conditions,Hamdan Bin Mohammed Street(Five),Commercial area,There is no definition of regions,Intersection,Night - Enough lighting,Wicked (Bad),No Clouds,dry,pedestrian,There is no passenger,Simple,22,Female,60,3,Familiar,Vertical cross intersection,1
806,806,806,897279,2021,Ras Al Khaimah,May,Saturday,Evening,second week,Be shocked,Negligence and lack of attention,Khatt Al -Fahlin Street,Mosque,Stagnation,Dhuatatin Road,Night - Enough lighting,Wicked (Bad),No Clouds,Temple,driver,Driver,Simple,22,Male,60,1,There is no,Not at intersection,1
807,807,807,897280,2021,Abu Dhabi,November,Saturday,At noon,the third week,Shock,Overcoming the red light signal,IP63a intersection of Marina Mall,Commercial area,green head,Intersection,day,Wicked (Bad),No Clouds,dry,driver,Driver,Simple,49,Male,80,4,There is no,Vertical cross intersection,1
808,808,808,897281,2021,Abu Dhabi,November,Tuesday,At noon,the third week,Be shocked,Tire explosion,Sheikh Maktoum Bin Rashid Street,External road,Sayeh Al -Sidair,Double road,day,Wicked (Bad),No Clouds,dry,driver,Driver,Simple,36,Male,140,4,There is no,Not on or by (20) meters of a,1
809,809,809,897282,2021,Abu Dhabi,February,Friday,Before noon,The first week,Run,Fatigue and drowsiness,Nissan Najda Showroom - Al Masaood Automobiles,Commercial area,Zayed City (Abu Dhabi),Intersection,day,Wicked (Bad),No Clouds,dry,driver,Driver,Simple,59,Male,80,3,There is no,Vertical cross intersection,1
810,810,810,897283,2021,Sharjah,November,Thursday,At noon,the third week,Deterioration,Sudden deviation,Hamda popularity,Tunnel / Bridge,Al Dhaid / Al Madam,Double road,day,Wicked (Bad),No Clouds,dry,driver,Driver,Simple,62,Male,100,2,There is no,Not at intersection,1
811,811,811,897284,2021,Ras Al Khaimah,October,Thursday,In the afternoon,second week,Deterioration,Sudden deviation,Al -Ittihad Street from Al -Sarramic Roundabout to Morgan Borders,Others,The Red Island,public road,Night - Enough lighting,Wicked (Bad),No Clouds,Temple,passenger,A passenger in the front seat,Simple,16,Male,120,2,There is no,Not at intersection,1
812,812,812,897285,2021,Abu Dhabi,October,Friday,At noon,The fifth week,Shock,Preoccupation with the road while driving the vehicle in any way,Sheikh Maktoum Bin Rashid Street,Tunnel / Bridge,Sih Al -Shuaib Bridge,Individual,day,Wicked (Bad),No Clouds,dry,driver,Driver,Simple,31,Male,140,4,There is no,Not on or by (20) meters of a,1
813,813,813,897286,2021,Abu Dhabi,June,Sunday,Evening,the third week,Be shocked,Overcoming the red light signal,Intersection of the Arabian Gulf - Al Saada,garden,Supervisor,Intersection,day,Wicked (Bad),No Clouds,dry,passenger,Rapid in the back seat,Simple,35,Male,100,4,There is no,Not on or by (20) meters of a,1
814,814,814,897287,2021,Abu Dhabi,February,Friday,Evening,The first week,Shock,Driving the vehicle under the influence of alcohol,Tarif road,Residential area,Intimate bridge,Dhuatatin Road,Night - weak lighting,Wicked (Bad),No Clouds,Temple,driver,Driver,Simple,43,Male,100,2,There is no,Not on or by (20) meters of a,1
815,815,815,897288,2021,Abu Dhabi,October,Monday,Before noon,the third week,Cross -100,Not adhering to the mandatory itinerary,Hell Road,External road,Intimate bridge,Dhuatatin Road,day,Wicked (Bad),No Clouds,dry,driver,Driver,Simple,31,Male,100,2,There is no,Not on or by (20) meters of a,1
816,816,816,897289,2021,Ajman,November,Tuesday,Evening,the third week,Run,Negligence and lack of attention,Moaz bin Jabal Street,Residential area,Naimia,Double road,Night - weak lighting,Wicked (Bad),No Clouds,dry,pedestrian,There is no passenger,Medium,38,Male,40,0,There is no,Not on or by (20) meters of a,1
817,817,817,897290,2021,Abu Dhabi,October,Tuesday,In the afternoon,second week,A fixed body was shocked outside the road,Preoccupation with the road while driving the vehicle in any way,Abu Dhabi Road - Al Ain,Residential area,Mohammed bin Zayed City,Double road,Night - Enough lighting,Wicked (Bad),No Clouds,dry,driver,Driver,Medium,32,Male,60,2,There is no,Not on or by (20) meters of a,1
818,818,818,897291,2021,Abu Dhabi,November,Tuesday,Evening,The fifth week,Shock,Enter a major road without making sure that it is free,Tarif road,External road,intimate,Individual,day,Wicked (Bad),No Clouds,dry,driver,Driver,Medium,37,Male,160,4,There is no,Not on or by (20) meters of a,1
819,819,819,897292,2021,Sharjah,September,Tuesday,Before noon,second week,Cross -100,Not leaving enough distance,Al Dhaid Sharjah Street,External road,Rahmaniyah 1,Double road,day,Wicked (Bad),No Clouds,dry,driver,Bike,Medium,22,Male,100,3,There is no,Not at intersection,1
820,820,820,897293,2021,Abu Dhabi,March,Thursday,Before noon,the third week,Shock,Not leaving enough distance,Municipal Street,Governmental,Jimmy,Double road,day,Wicked (Bad),No Clouds,dry,driver,Driver,Medium,71,Female,80,3,There is no,Not at intersection,1
821,821,821,897294,2021,Abu Dhabi,March,Thursday,At noon,fourth week,Shock,Preoccupation with the road while driving the vehicle in any way,There is no definition,Industrial area,Industrial Archbishop,public road,day,Wicked (Bad),No Clouds,dry,driver,Driver,Medium,38,Male,40,3,There is no,Not on or by (20) meters of a,1
822,822,822,897295,2021,Abu Dhabi,November,Friday,Evening,fourth week,Cross -100,Sudden deviation,Abu Dhabi Road - Al Ain,Others,Al Wathba (East + West),Individual,Night - Enough lighting,Wicked (Bad),No Clouds,dry,driver,Driver,Medium,19,Male,80,1,There is no,Not on or by (20) meters of a,1
823,823,823,897296,2021,Abu Dhabi,May,Wednesday,Before noon,the third week,Be shocked,Overcoming the red light signal,Abu Dhabi Road - Al Ain,Residential area,Mohammed bin Zayed City,Intersection,day,Wicked (Bad),No Clouds,dry,passenger,A passenger in the front seat,Medium,10,Female,60,3,There is no,Vertical cross intersection,1
824,824,824,897297,2021,Sharjah,February,Monday,Evening,the third week,Deterioration,Failure to adhere to traffic signs,Nahda Street,Residential area,Nomination,Intersection,Night - Enough lighting,Wicked (Bad),No Clouds,dry,driver,Bike,Medium,32,Male,60,3,There is no,Vertical cross intersection,1
825,825,825,897298,2021,Sharjah,July,Friday,In the afternoon,The first week,Be shocked,Enter a major road without making sure that it is free,University City Street,Commercial area,Mawlh,Individual,day,Hole,No Clouds,dry,driver,Bike,Medium,21,Male,40,1,There is no,Not on or by (20) meters of a,1
826,826,826,897299,2021,Ajman,August,Monday,In the afternoon,The first week,Run,Negligence and lack of attention,Badr Street,Commercial area,Naimia,Double road,day,Wicked (Bad),No Clouds,dry,pedestrian,There is no passenger,Medium,6,Female,60,0,There is no,Not on or by (20) meters of a,1
827,827,827,897300,2021,Abu Dhabi,October,Friday,At noon,The fifth week,Shock,Overcoming the red light signal,Corniche intersection - Street Thirty Two,Commercial area,Khalidiya,Intersection,day,Wicked (Bad),No Clouds,dry,driver,Bike,Medium,22,Male,80,3,There is no,Vertical cross intersection,1
828,828,828,897301,2021,Abu Dhabi,January,Tuesday,Evening,the third week,A fixed body shocked the road,Sudden deviation,Hazaa Bin Zayed the First Street(Eleven),Commercial area,Unit,public road,Night - Enough lighting,Wicked (Bad),No Clouds,dry,driver,Bike,Medium,26,Male,60,3,There is no,Not on or by (20) meters of a,1
829,829,829,897302,2021,Ras Al Khaimah,February,Wednesday,In the afternoon,fourth week,Run,Negligence and lack of attention,Mohammed bin Salem Street,Residential area,Southern,Individual,Night - without lighting,Wicked (Bad),No Clouds,Temple,pedestrian,There is no passenger,Medium,43,Male,40,1,He crosses not on transit lines,A meeting of half -vertical roads,1
830,830,830,897303,2021,Umm Al Quwain,July,Monday,Before noon,second week,A fixed body was shocked outside the road,Preoccupation with the road while driving the vehicle in any way,Emirates Street,Others,Polite area,Double road,Night - Enough lighting,Wicked (Bad),No Clouds,dry,driver,Driver,Medium,24,Male,120,2,There is no,Not on or by (20) meters of a,1
831,831,831,897304,2021,Ajman,January,Tuesday,Evening,second week,Run,Negligence and lack of attention,unknown,Commercial area,Rashidiya,Individual,Night - weak lighting,Wicked (Bad),No Clouds,dry,pedestrian,There is no passenger,Medium,7,Male,20,0,There is no,A meeting of half -vertical roads,1
832,832,832,897305,2021,Abu Dhabi,October,Monday,Before noon,second week,A fixed body was shocked outside the road,Preoccupation with the road while driving the vehicle in any way,Truck Road (Abu Dhabi-Al Ain),External road,Al Wathba Camel Square,Individual,day,Wicked (Bad),No Clouds,dry,driver,Driver,Medium,34,Male,100,1,There is no,Not on or by (20) meters of a,1
833,833,833,897306,2021,Abu Dhabi,January,Thursday,Evening,fourth week,Deterioration,Speed without taking into account the road conditions,Rashid between Sayed Al Maktoum Street (Tah),Commercial area,There is no definition of regions,Individual,Night - Enough lighting,Wicked (Bad),No Clouds,dry,driver,Bike,Medium,36,Male,40,2,There is no,Not on or by (20) meters of a,1
834,834,834,897307,2021,Sharjah,January,Tuesday,Before noon,second week,Shock,Negligence and lack of attention,Third industrial street,Industrial area,Third industrial,Double road,day,Wicked (Bad),No Clouds,dry,driver,Driver,Medium,48,Male,60,3,There is no,Not on or by (20) meters of a,1
835,835,835,897308,2021,Abu Dhabi,March,Saturday,In the afternoon,fourth week,Shock,Overcoming the red light signal - the arrow signal,Corniche intersection - Street Thirty Two,Commercial area,Khalidiya,Intersection,Night - Enough lighting,Wicked (Bad),No Clouds,dry,passenger,Rapid in the back seat,Medium,47,Female,80,4,There is no,Vertical cross intersection,1
836,836,836,897309,2021,Abu Dhabi,July,Friday,Evening,second week,Run,Not to give priority to the infantry crossing,Khalifa Bin Zayed Street,Governmental,Sih bin Ammar,public road,Night - Enough lighting,Wicked (Bad),No Clouds,dry,pedestrian,There is no passenger,Medium,27,Male,100,3,He crosses not on transit lines,Not at intersection,1
837,837,837,897310,2021,Abu Dhabi,October,Monday,In the afternoon,The first week,Be shocked,Not to make the road / not to give the brigades,An internal street,Residential area,Salamat,Intersection,Night - Enough lighting,Wicked (Bad),No Clouds,dry,driver,Driver,Medium,23,Male,40,2,There is no,Vertical cross intersection,1
838,838,838,897311,2021,Abu Dhabi,September,Thursday,At noon,second week,Run,Preoccupation with the road while driving the vehicle in any way,IP49A Al Sharqi intersection (traffic) - Muhammad bin Khalifa,Governmental,Unit,Intersection,day,Wicked (Bad),No Clouds,dry,pedestrian,There is no passenger,Medium,27,Male,80,4,He crosses not on transit lines,Not on or by (20) meters of a,1
839,839,839,897312,2021,Abu Dhabi,February,Thursday,In the afternoon,second week,Fall,Not securing the rise and descent of passengers,Truck Road (Abu Dhabi-Al Ain),External road,Al Wathba Palace,Double road,Night - Enough lighting,Wicked (Bad),No Clouds,dry,passenger,A passenger in the front seat,Medium,28,Male,80,2,There is no,Not on or by (20) meters of a,1
840,840,840,897313,2021,Fujairah,October,Wednesday,At noon,The first week,Deterioration,Sudden deviation,The new Sakmam roundabout,Commercial area,Sakmkm area,vertigo,day,Wicked (Bad),No Clouds,Temple,passenger,A passenger in the front seat,Medium,25,Male,60,2,There is no,vertigo,1
841,841,841,897314,2021,Sharjah,February,Tuesday,Before noon,second week,Deterioration,Sudden deviation,Khorfakkan Road,External road,Sharjah / Al Dhaid,Double road,day,Wicked (Bad),fog,dry,passenger,Rapid in the back seat,Medium,24,Male,120,2,There is no,Not on or by (20) meters of a,1
842,842,842,897315,2021,Abu Dhabi,April,Saturday,At noon,second week,Shock,Preoccupation with the road while driving the vehicle in any way,Al -Mafraq Al -Shawamik Street,Residential area,Tall,Double road,day,Wicked (Bad),No Clouds,dry,driver,Driver,Medium,31,Male,80,3,There is no,Not on or by (20) meters of a,1
843,843,843,897316,2021,Sharjah,February,Wednesday,Evening,fourth week,Shock,Preoccupation with the road while driving the vehicle in any way,Sheikh Khalid bin Saqr Al Qasimi Street,Residential area,Palm,Intersection,Night - Enough lighting,The movement is suspended,No Clouds,dry,driver,Bike,Medium,22,Male,60,5,There is no,Vertical cross intersection,1
844,844,844,897317,2021,Abu Dhabi,June,Monday,Evening,the third week,A fixed body was shocked outside the road,Preoccupation with the road while driving the vehicle in any way,Armored road,Commercial area,Industrial armored bridge,Double road,Night - Enough lighting,Wicked (Bad),No Clouds,dry,driver,Driver,Medium,36,Male,60,3,There is no,vertigo,1
845,845,845,897318,2021,Abu Dhabi,November,Thursday,Before noon,fourth week,Deterioration,Speed without taking into account the road conditions,An internal street,Residential area,Shuaiba,public road,day,Wicked (Bad),No Clouds,dry,driver,Bike,Medium,28,Male,80,2,There is no,Not at intersection,1
846,846,846,897319,2021,Abu Dhabi,January,Sunday,In the afternoon,The first week,Shock,Enter a major road without making sure that it is free,Al Ain Street - Abuiriya,External road,Abu Kira,Double road,Night - Enough lighting,Wicked (Bad),No Clouds,dry,passenger,Rapid in the back seat,Medium,43,Female,140,2,There is no,Hole,1
847,847,847,897320,2021,Abu Dhabi,November,Friday,At noon,The first week,Run,Preoccupation with the road while driving the vehicle in any way,Abu Dhabi Road - Al Ain,Tunnel / Bridge,Al Wathba (East + West),Double road,day,crowded,No Clouds,Temple,pedestrian,There is no passenger,Medium,32,Female,160,3,There is no,Not on or by (20) meters of a,1
848,848,848,897321,2021,Abu Dhabi,April,Friday,At noon,The first week,Shock,Overcoming the red light signal,IP1E Rashid bin Saeed Al Maktoum - Al Falah intersection,Commercial area,Lagier,Intersection,Night - Enough lighting,Wicked (Bad),No Clouds,dry,pedestrian,There is no passenger,Medium,51,Female,80,4,He crosses pedestrian crossing lines,Vertical cross intersection,1
849,849,849,897322,2021,Abu Dhabi,March,Monday,Evening,The first week,Run,Not to give priority to the infantry crossing,Arabian Gulf Street(Thirty),Petrol station,There is no definition of regions,public road,Night - Enough lighting,Wicked (Bad),No Clouds,dry,pedestrian,There is no passenger,Medium,49,Female,40,1,There is no,Not at intersection,1
850,850,850,897323,2021,Abu Dhabi,Dec,Tuesday,Evening,fourth week,Run,Preoccupation with the road while driving the vehicle in any way,Hazaa Bin Zayed the First Street(Eleven),Commercial area,Reem Island,public road,Night - Enough lighting,Wicked (Bad),No Clouds,Temple,pedestrian,There is no passenger,Medium,42,Male,80,3,There is no,Not at intersection,1
851,851,851,897324,2021,Abu Dhabi,March,Wednesday,In the afternoon,The fifth week,Be shocked,Failure to adhere to traffic signs,Riyadh city,Residential area,There is no definition of regions,Intersection,day,Wicked (Bad),No Clouds,dry,driver,Driver,Medium,24,Male,60,2,There is no,Not on or by (20) meters of a,1
852,852,852,897325,2021,Ajman,April,Thursday,Before noon,the third week,Run,Negligence and lack of attention,Hill Street,Commercial area,Kindergarten,Intersection,Night - Enough lighting,Wicked (Bad),No Clouds,dry,pedestrian,There is no passenger,Medium,69,Male,40,0,He crosses not on transit lines,A meeting of half -vertical roads,1
853,853,853,897326,2021,Abu Dhabi,March,Monday,In the afternoon,The first week,Shock,Not adhering to the mandatory itinerary,Intereke Fen Hamdan between Muhammad - Rashid between Sayed Al Maktoum,Commercial area,Central (West),Intersection,Night - Enough lighting,Wicked (Bad),No Clouds,dry,driver,Driver,Medium,22,Male,80,3,There is no,Vertical cross intersection,1
854,854,854,897327,2021,Ajman,November,Tuesday,In the afternoon,fourth week,Run,Negligence and lack of attention,unknown,Commercial area,Rashidiya,Double road,Night - Enough lighting,Wicked (Bad),No Clouds,dry,pedestrian,There is no passenger,Medium,69,Female,60,0,There is no,vertigo,1
855,855,855,897328,2021,Ajman,Dec,Monday,At noon,The first week,Run,Negligence and lack of attention,Al Nuaimia Street,Commercial area,Naimia,Other (select),day,Wicked (Bad),No Clouds,dry,pedestrian,There is no passenger,Medium,3,Male,40,0,There is no,Not on or by (20) meters of a,1
856,856,856,897329,2021,Abu Dhabi,January,Saturday,Before noon,the third week,Run,Preoccupation with the road while driving the vehicle in any way,Armored road,Industrial area,Industrial Archbishop,Double road,day,Wicked (Bad),No Clouds,dry,pedestrian,There is no passenger,Medium,39,Male,80,3,He crosses not on transit lines,Not on or by (20) meters of a,1
857,857,857,897330,2021,Abu Dhabi,July,Wednesday,Before noon,The first week,A fixed body was shocked outside the road,Speed without taking into account the road conditions,Yas Street One,Residential area,Yass Island,Double road,day,curve,No Clouds,dry,passenger,A passenger in the front seat,Medium,18,Female,80,2,There is no,Not on or by (20) meters of a,1
858,858,858,897331,2021,Abu Dhabi,November,Wednesday,In the afternoon,fourth week,Shock,Driving the vehicle under the influence of narcotic substances or mental effects or,Sheikh Mohammed bin Rashid Al Maktoum Street,External road,There is no definition of regions,Double road,Night - Enough lighting,Wicked (Bad),No Clouds,dry,driver,Driver,Medium,32,Male,140,4,There is no,Not on or by (20) meters of a,1
859,859,859,897332,2021,Abu Dhabi,August,Sunday,Evening,the third week,A fixed body shocked the road,Speed without taking into account the road conditions,Al -Hir Street - Al -Shweib,External road,Shuwaib,Individual,Night - Enough lighting,Wicked (Bad),No Clouds,dry,passenger,A passenger in the front seat,Medium,26,Male,120,2,There is no,Not at intersection,1
860,860,860,897333,2021,Abu Dhabi,November,Tuesday,Evening,fourth week,A fixed body shocked the road,Preoccupation with the road while driving the vehicle in any way,Armored road,Industrial area,Industrial armored bridge,vertigo,Night - Enough lighting,Wicked (Bad),No Clouds,dry,driver,Driver,Medium,40,Male,40,2,There is no,vertigo,1
861,861,861,897334,2021,Abu Dhabi,November,Saturday,Before noon,The first week,A fixed body was shocked outside the road,Preoccupation with the road while driving the vehicle using the phone,Abu Dhabi Road - Al Ain,External road,Perfection,Double road,day,Wicked (Bad),No Clouds,dry,driver,Driver,Medium,31,Male,120,2,There is no,Not on or by (20) meters of a,1
862,862,862,897335,2021,Sharjah,October,Saturday,Before noon,The fifth week,Deterioration,Sudden deviation,Hamriyah,Residential area,Hamriyah,Individual,Night - without lighting,Wicked (Bad),No Clouds,Sand,passenger,A passenger in the front seat,Medium,17,Male,10,1,There is no,Not on or by (20) meters of a,1
863,863,863,897336,2021,Abu Dhabi,March,Monday,Evening,second week,A fixed body was shocked outside the road,Preoccupation with the road while driving the vehicle in any way,Sheikh Mohammed bin Rashid Al Maktoum Street,External road,-,public road,Night - Enough lighting,Wicked (Bad),No Clouds,dry,driver,Driver,Medium,24,Male,140,4,There is no,Not on or by (20) meters of a,1
864,864,864,897337,2021,Abu Dhabi,August,Saturday,At noon,fourth week,Shock,Overcoming the red light signal,Khalid bin Sultan Street,School,Al -Mijiei,Double road,day,Wicked (Bad),No Clouds,dry,driver,Driver,Medium,27,Male,80,3,He crosses pedestrian crossing lines,Others,1
865,865,865,897338,2021,Abu Dhabi,June,Wednesday,At noon,The first week,Consecutive,Preoccupation with the road while driving the vehicle in any way,Truck Street,Tunnel / Bridge,Bare,Double road,day,Wicked (Bad),No Clouds,dry,passenger,A passenger in the front seat,Medium,29,Female,120,3,There is no,Not at intersection,1
866,866,866,897339,2021,Abu Dhabi,August,Saturday,Evening,second week,A fixed body was shocked outside the road,Preoccupation with the road while driving the vehicle using the phone,Road Road Road,External road,Rawf Kindergarten Bridge Bridge,Double road,Night - weak lighting,curve,No Clouds,dry,driver,Bike,Medium,34,Male,60,2,There is no,Not on or by (20) meters of a,1
867,867,867,897340,2021,Abu Dhabi,March,Monday,In the afternoon,The first week,Shock,Not adhering to the mandatory itinerary,Intereke Fen Hamdan between Muhammad - Rashid between Sayed Al Maktoum,Commercial area,Central (West),Intersection,Night - Enough lighting,Wicked (Bad),No Clouds,dry,pedestrian,There is no passenger,Medium,30,Female,80,3,Familiar,Vertical cross intersection,1
868,868,868,897341,2021,Fujairah,February,Wednesday,At noon,fourth week,Be shocked,Enter a major road without making sure that it is free,Al -Fasil Street - inside,Residential area,The faction area,Intersection,day,Wicked (Bad),No Clouds,Temple,driver,Bike,Medium,29,Male,40,2,There is no,Vertical cross intersection,1
869,869,869,897342,2021,Abu Dhabi,January,Sunday,In the afternoon,the third week,Deterioration,Speed without taking into account the road conditions,Umm Al -Zamoul Street,External road,Mother of Zamul,Out of the way,Night - without lighting,Hole,No Clouds,dry,driver,Driver,Medium,48,Male,40,1,There is no,Not at intersection,1
870,870,870,897343,2021,Abu Dhabi,March,Thursday,At noon,the third week,Be shocked,Not adhering to the mandatory itinerary,El-Shikh Zayed street,Residential area,There is no definition of regions,public road,Night - Enough lighting,Wicked (Bad),No Clouds,dry,driver,Bike,Medium,34,Male,100,4,There is no,Vertical cross intersection,1
871,871,871,897344,2021,Abu Dhabi,January,Friday,Evening,fourth week,Shock,Overcoming the red light signal,Intersection of the Arabian Gulf - Al Saada,Residential area,Supervisor,Intersection,Night - Enough lighting,Wicked (Bad),No Clouds,dry,driver,Driver,Medium,31,Male,100,4,There is no,Vertical cross intersection,1
872,872,872,897345,2021,Ras Al Khaimah,March,Monday,Before noon,fourth week,Run,Negligence and lack of attention,Wadi Shahm Street,Residential area,Hide,Dhuatatin Road,Night - without lighting,Wicked (Bad),No Clouds,Temple,pedestrian,There is no passenger,Medium,13,Female,40,2,He crosses not on transit lines,Not at intersection,1
873,873,873,897346,2021,Abu Dhabi,October,Saturday,At noon,The fifth week,Shock,Sudden deviation,Hazza Bin Sultan Street,External road,Reefs,public road,day,Wicked (Bad),No Clouds,dry,driver,Driver,Medium,19,Male,140,2,There is no,Not at intersection,1
874,874,874,897347,2021,Abu Dhabi,October,Wednesday,At noon,the third week,A fixed body shocked the road,Preoccupation with the road while driving the vehicle in any way,Abu Dhabi Road - Al Ain,Residential area,The Military Renaissance City,vertigo,day,Wicked (Bad),No Clouds,dry,driver,Driver,Medium,23,Male,60,2,There is no,Not on or by (20) meters of a,1
875,875,875,897348,2021,Ras Al Khaimah,Dec,Sunday,Evening,fourth week,Be shocked,Enter a major road without making sure that it is free,Al -Faisal Street,Commercial area,Old Ras Al Khaimah,Other (select),Night - Enough lighting,crowded,No Clouds,Temple,driver,Driver,Medium,29,Female,80,2,He crosses pedestrian crossing lines,Not on or by (20) meters of a,1
876,876,876,897349,2021,Umm Al Quwain,October,Tuesday,At noon,the third week,Be shocked,Enter a major road without making sure that it is free,International Federation Street,Commercial area,The Rafeh area,Other (select),Night - weak lighting,Wicked (Bad),No Clouds,dry,driver,Bike,Medium,25,Male,20,0,There is no,Multi -legs intersection,1
877,877,877,897350,2021,Abu Dhabi,March,Sunday,At noon,fourth week,Run,Transit of infantry red lighting,IP92 Eastern intersection (traffic) - Street 23,Residential area,Humper saffron,Intersection,day,Wicked (Bad),No Clouds,dry,pedestrian,There is no passenger,Medium,22,Male,100,4,It crosses the crossing lines,Vertical cross intersection,1
878,878,878,897351,2021,Abu Dhabi,November,Monday,In the afternoon,second week,Shock,Preoccupation with the road while driving the vehicle in any way,Abu Dhabi Road - Al Ain,Residential area,Bani Yas (East),Individual,Night - Enough lighting,Wicked (Bad),No Clouds,dry,driver,Bike,Medium,34,Male,80,2,There is no,Not on or by (20) meters of a,1
879,879,879,897352,2021,Sharjah,August,Tuesday,Evening,the third week,Be shocked,Enter a major road without making sure that it is free,The first industrial street,Residential area,The first industrial,Double road,Night - Enough lighting,Wicked (Bad),No Clouds,dry,passenger,Rapid in the back seat,Medium,30,Male,60,3,There is no,Not on or by (20) meters of a,1