,Unnamed: 0.1,Unnamed: 0,Fake ID,Year,City,Month,Day,Time,Week,Type Of Accident,Reasons,Street,Place,Area,Location,Lighting,Road Condition,Weather Condition,Road surface,Lay injured,Injured seat,Degree of injury,Age of the injured,The person's gender,Speed of the road,Number of tracks,Pedestrian behavior,Intersection,Total
880,880,880,897353,2021,Sharjah,June,Sunday,At noon,fourth week,Shock,Driving under the influence of intoxicant or anesthetic,Suhaila roundabout,External road,Sohaila,Double road,day,Wicked (Bad),No Clouds,dry,driver,Driver,Medium,40,Male,100,2,There is no,Not at intersection,1
881,881,881,897354,2021,Ajman,November,Wednesday,At noon,fourth week,Run,Negligence and lack of attention,Badr Street,Commercial area,Naimia,Double road,day,Wicked (Bad),No Clouds,dry,pedestrian,There is no passenger,Medium,14,Male,40,0,There is no,Not on or by (20) meters of a,1
882,882,882,897355,2021,Abu Dhabi,February,Sunday,Evening,fourth week,Cross -100,Sir is the opposite of the direction,International airport roads,Residential area,Khalifa City (a),Double road,Night - without lighting,Wicked (Bad),No Clouds,dry,driver,Driver,Medium,46,Male,40,2,There is no,Not on or by (20) meters of a,1
883,883,883,897356,2021,Abu Dhabi,September,Thursday,Before noon,second week,A fixed body was shocked outside the road,Driving the vehicle under the influence of narcotic substances or mental effects or,An internal street,Residential area,Merkhania,Individual,day,Wicked (Bad),No Clouds,dry,driver,Driver,Medium,52,Male,40,0,There is no,Not on or by (20) meters of a,1
884,884,884,897357,2021,Ras Al Khaimah,January,Friday,In the afternoon,fourth week,Cross -100,The lack of conditions of security and traffic safety,Hamrania Street,External road,Stagnation,Individual,day,Wicked (Bad),No Clouds,Temple,passenger,Rapid in the back seat,Medium,35,Female,60,1,There is no,Not on or by (20) meters of a,1
885,885,885,897358,2021,Sharjah,November,Monday,Before noon,The fifth week,Shock,Not leaving enough distance,Sheikh Khalifa bin Zayed Street,Tunnel / Bridge,Fourth industrial,Double road,day,Wicked (Bad),No Clouds,dry,driver,Driver,Medium,47,Male,80,3,There is no,Not on or by (20) meters of a,1
886,886,886,897359,2021,Abu Dhabi,July,Monday,Evening,the third week,Run,Preoccupation with the road while driving the vehicle in any way,There is no definition,Commercial area,Bracelet,Double road,Night - Enough lighting,Wicked (Bad),No Clouds,dry,pedestrian,There is no passenger,Medium,44,Male,60,3,He crosses pedestrian crossing lines,Not on or by (20) meters of a,1
887,887,887,897360,2021,Sharjah,March,Friday,Evening,The first week,Run,Negligence and lack of attention,Nahda Street,Residential area,Nomination,Individual,Night - Enough lighting,Wicked (Bad),No Clouds,dry,pedestrian,There is no passenger,Medium,15,Male,40,1,He crosses not on transit lines,Others,1
888,888,888,897361,2021,Umm Al Quwain,August,Sunday,Evening,the third week,Shock,Preoccupation with the road while driving the vehicle in any way,Sheikh Mohammed bin Zayed Street (Umm Al Qain - Ras Al Khaimah),External road,Navel,Double road,day,Wicked (Bad),No Clouds,dry,passenger,A passenger in the front seat,Medium,37,Female,120,3,There is no,Not at intersection,1
889,889,889,897362,2021,Abu Dhabi,February,Saturday,Before noon,fourth week,Run,Preoccupation with the road while driving the vehicle in any way,Armored road,Commercial area,Industrial armored bridge,Individual,day,Wicked (Bad),No Clouds,dry,pedestrian,There is no passenger,Medium,21,Male,80,2,He crosses not on transit lines,Not on or by (20) meters of a,1
890,890,890,897363,2021,Ras Al Khaimah,May,Saturday,In the afternoon,the third week,Be shocked,Preoccupation with the road while driving the vehicle in any way,Wadi Al -Bayh Street,Mountainous area,Sih Al -Barirat,Dhuatatin Road,day,Wicked (Bad),No Clouds,Temple,passenger,Rapid in the back seat,Medium,27,Male,60,2,There is no,Others,1
891,891,891,897364,2021,Ras Al Khaimah,June,Monday,Before noon,the third week,Be shocked,Enter a major road without making sure that it is free,Al Montaser Street,Commercial area,Palm,Individual,day,Wicked (Bad),No Clouds,Temple,driver,Driver,Medium,38,Male,80,3,There is no,Not on or by (20) meters of a,1
892,892,892,897365,2021,Abu Dhabi,September,Thursday,Evening,fourth week,Be shocked,Preoccupation with the road while driving the vehicle in any way,Abu Dhabi Road - Al Ain,External road,Al Wathba (East + West),Double road,day,Wicked (Bad),No Clouds,dry,driver,Driver,Medium,36,Female,160,3,There is no,Not on or by (20) meters of a,1
893,893,893,897366,2021,Ras Al Khaimah,March,Friday,Before noon,second week,Run,Driving without a driver's license at all,Al Montaser Street,hospital,Palm,parking,day,Other (select),No Clouds,Temple,pedestrian,There is no passenger,Medium,45,Male,20,1,There is no,Not on or by (20) meters of a,1
894,894,894,897367,2021,Abu Dhabi,November,Tuesday,Before noon,The fifth week,Cross -100,Sir is the opposite of the direction,An internal street,Residential area,Salamat,Double road,day,Wicked (Bad),No Clouds,dry,driver,Bike,Medium,28,Male,40,1,There is no,Not on or by (20) meters of a,1
895,895,895,897368,2021,Umm Al Quwain,January,Monday,Before noon,fourth week,Be shocked,Preoccupation with the road while driving the vehicle in any way,Sheikh Mohammed bin Zayed Street (Umm Al Qain - Ras Al Khaimah),Tunnel / Bridge,Navel,Double road,Night - Enough lighting,Wicked (Bad),No Clouds,dry,driver,Driver,Medium,43,Male,140,3,There is no,Not on or by (20) meters of a,1
896,896,896,897369,2021,Abu Dhabi,November,Saturday,Evening,The first week,Cross -100,Sir is the opposite of the direction,An internal street,Residential area,Magic,Double road,Night - weak lighting,Wicked (Bad),No Clouds,dry,driver,Driver,Medium,42,Male,40,2,There is no,Not at intersection,1
897,897,897,897370,2021,Ras Al Khaimah,October,Thursday,In the afternoon,The first week,Run,Not adhering to the mandatory itinerary,Sheikh Rashid bin Saeed Street,Commercial area,Northern,Double road,day,Wicked (Bad),No Clouds,Temple,driver,Driver,Medium,45,Male,40,1,There is no,Not on or by (20) meters of a,1
898,898,898,897371,2021,Abu Dhabi,February,Saturday,At noon,fourth week,Shock,Not leaving enough distance,Municipal Street,hospital,Jimmy,vertigo,day,Wicked (Bad),No Clouds,dry,driver,Bike,Medium,29,Male,60,3,There is no,Not on or by (20) meters of a,1
899,899,899,897372,2021,Abu Dhabi,August,Sunday,Evening,The first week,A fixed body shocked the road,Preoccupation with the road while driving the vehicle in any way,Toward,Residential area,Tall,vertigo,Night - Enough lighting,Wicked (Bad),No Clouds,dry,driver,Bike,Medium,22,Male,40,2,There is no,vertigo,1
900,900,900,897373,2021,Abu Dhabi,October,Friday,In the afternoon,the third week,Run,Preoccupation with the road while driving the vehicle in any way,Abu Dhabi Road - Al Ain,hospital,Bani Yas (East),Double road,Night - Enough lighting,Wicked (Bad),No Clouds,dry,pedestrian,There is no passenger,Medium,32,Male,60,3,There is no,Not on or by (20) meters of a,1
901,901,901,897374,2021,Ras Al Khaimah,April,Sunday,In the afternoon,fourth week,Be shocked,The lack of conditions of security and traffic safety,Shama Street,Commercial area,Include,public road,Night - Enough lighting,Other (select),No Clouds,Temple,driver,Driver,Medium,11,Male,60,2,There is no,Vertical cross intersection,1
902,902,902,897375,2021,Abu Dhabi,June,Monday,Evening,the third week,Be shocked,Enter a major road without making sure that it is free,Hazaa Bin Zayed the First Street(Eleven),Commercial area,Unit,Individual,Night - Enough lighting,Wicked (Bad),No Clouds,dry,driver,Bike,Medium,39,Male,80,4,There is no,Not on or by (20) meters of a,1
903,903,903,897376,2021,Abu Dhabi,March,Friday,At noon,The first week,Shock,Preoccupation with the road while driving the vehicle in any way,Sheikh Maktoum Bin Rashid Street,External road,Sih Al -Shuaib,Double road,day,Wicked (Bad),No Clouds,dry,passenger,A passenger in the front seat,Medium,17,Male,140,4,There is no,Not on or by (20) meters of a,1
904,904,904,897377,2021,Abu Dhabi,October,Friday,At noon,The fifth week,Shock,Preoccupation with the road while driving the vehicle in any way,Sheikh Maktoum Bin Rashid Street,Tunnel / Bridge,Sih Al -Shuaib Bridge,Individual,day,Wicked (Bad),No Clouds,dry,passenger,A passenger in the front seat,Medium,27,Male,140,4,There is no,Not on or by (20) meters of a,1
905,905,905,897378,2021,Umm Al Quwain,Dec,Wednesday,Before noon,The fifth week,Be shocked,Enter a major road without making sure that it is free,International Federation Street,Residential area,Al -Salamah area a,Intersection,day,Wicked (Bad),No Clouds,dry,passenger,A passenger in the front seat,Medium,24,Female,30,1,There is no,Multi -legs intersection,1
906,906,906,897379,2021,Abu Dhabi,September,Wednesday,In the afternoon,The fifth week,Run,Negligence and lack of attention,El-Shikh Zayed street,Petrol station,There is no definition of regions,Individual,Night - Enough lighting,Wicked (Bad),No Clouds,dry,pedestrian,There is no passenger,Medium,71,Male,40,2,He crosses not on transit lines,Not at intersection,1
907,907,907,897380,2021,Abu Dhabi,August,Monday,Evening,The first week,Shock,Overcoming the red light signal - the arrow signal,Peace Street (Eight),Governmental,There is no definition of regions,Intersection,Night - Enough lighting,Wicked (Bad),No Clouds,dry,driver,Driver,Medium,26,Male,80,4,There is no,A meeting of half -vertical roads,1
908,908,908,897381,2021,Fujairah,Dec,Monday,Evening,second week,Shock,Enter a major road without making sure that it is free,Al -Fasil Street - outside,hospital,The faction area,Double road,Night - Enough lighting,Wicked (Bad),No Clouds,Temple,driver,Bike,Medium,24,Male,80,3,There is no,Not on or by (20) meters of a,1
909,909,909,897382,2021,Abu Dhabi,Dec,Monday,Evening,fourth week,Be shocked,Overcoming the red light signal,Shakhboot Bin Sultan Street,External road,Ventricle,Intersection,Night - Enough lighting,Wicked (Bad),No Clouds,dry,passenger,A passenger in the front seat,Medium,57,Female,80,3,There is no,Multi -legs intersection,1
910,910,910,897383,2021,Abu Dhabi,January,Saturday,Evening,second week,Shock,Negligence and lack of attention,Rashid between Sayed Al Maktoum Street (Tah),Mosque,There is no definition of regions,Individual,Night - Enough lighting,Wicked (Bad),No Clouds,dry,driver,Driver,Medium,7,Male,40,1,There is no,Not on or by (20) meters of a,1
911,911,911,897384,2021,Abu Dhabi,January,Wednesday,Evening,The first week,Shock,Not adhering to the mandatory itinerary,Zayed the First Street(Seven),Commercial area,Central,public road,Night - Enough lighting,Wicked (Bad),No Clouds,dry,driver,Bike,Medium,25,Male,40,2,There is no,Vertical cross intersection,1
912,912,912,897385,2021,Ras Al Khaimah,November,Saturday,At noon,The first week,Deterioration,Preoccupation with the road while driving the vehicle in any way,Sheikh Rashid bin Saeed Street,Residential area,Northern,public road,Night - Enough lighting,Wicked (Bad),No Clouds,Temple,driver,Bike,Medium,35,Male,80,2,There is no,Not at intersection,1
913,913,913,897386,2021,Abu Dhabi,April,Monday,Evening,the third week,Shock,Negligence and lack of attention,IPTwo Zayed the First Intersection - Khaled Bin Al Waleed,Residential area,Fortress,Intersection,Night - Enough lighting,Wicked (Bad),No Clouds,dry,driver,Driver,Medium,11,Male,80,4,It crosses the crossing lines,Vertical cross intersection,1
914,914,914,897387,2021,Abu Dhabi,June,Wednesday,Before noon,The first week,Be shocked,Not to make the road / not to give the brigades,An internal street,External road,Caramel,Dhuatatin Road,day,Wicked (Bad),No Clouds,dry,passenger,A passenger in the front seat,Medium,37,Male,80,2,There is no,A meeting of half -vertical roads,1
915,915,915,897388,2021,Abu Dhabi,November,Saturday,At noon,the third week,Be shocked,Not to give priority to the infantry crossing,Khalid bin Sultan Street,Residential area,full,Individual,day,Wicked (Bad),No Clouds,dry,driver,Driver,Medium,57,Male,60,1,He crosses pedestrian crossing lines,Not on or by (20) meters of a,1
916,916,916,897389,2021,Ras Al Khaimah,October,Friday,Evening,fourth week,A fixed body was shocked outside the road,Sudden deviation,Emirates Al Saadi Street,Industrial area,The Red Island,public road,Night - Enough lighting,Wicked (Bad),No Clouds,Temple,passenger,A passenger in the front seat,Medium,30,Female,80,2,There is no,Not at intersection,1
917,917,917,897390,2021,Abu Dhabi,January,Friday,In the afternoon,the third week,Deterioration,Speed without taking into account the road conditions,Old Truck Street,Sandy area,There is no definition of regions,Other (select),day,Barrier,No Clouds,Sand,driver,Bike,Medium,32,Male,40,1,There is no,Not at intersection,1
918,918,918,897391,2021,Abu Dhabi,January,Monday,Before noon,fourth week,A fixed body was shocked outside the road,Preoccupation with the road while driving the vehicle in any way,Sheikh Maktoum Bin Rashid Street,Residential area,Al Shaila,Double road,day,Wicked (Bad),No Clouds,dry,driver,Driver,Medium,22,Male,80,2,There is no,Not on or by (20) meters of a,1
919,919,919,897392,2021,Abu Dhabi,April,Sunday,Before noon,second week,Deterioration,Preoccupation with the road while driving the vehicle in any way,Umm Al -Zamoul Street,External road,Mother of Zamul,Double road,day,Wicked (Bad),No Clouds,dry,passenger,Rapid in the back seat,Medium,22,Male,120,2,There is no,Not at intersection,1
920,920,920,897393,2021,Abu Dhabi,January,Friday,Evening,the third week,Shock,Not leaving enough distance,Roin Road,Sandy area,sedate,public road,Night - without lighting,Wicked (Bad),fog,Foundation,passenger,Rapid in the back seat,Medium,28,Female,100,2,There is no,Not on or by (20) meters of a,1
921,921,921,897394,2021,Ajman,August,Wednesday,Evening,the third week,Run,Negligence and lack of attention,Kuwait Street,Commercial area,Naimia,Individual,Night - Enough lighting,Wicked (Bad),No Clouds,dry,pedestrian,There is no passenger,Medium,41,Female,60,0,There is no,Not on or by (20) meters of a,1
922,922,922,897395,2021,Abu Dhabi,February,Friday,At noon,fourth week,Cross -100,Enter a major road without making sure that it is free,Banias Street (Al Najd) (Sex),hospital,There is no definition of regions,Double road,day,Wicked (Bad),No Clouds,dry,driver,Bike,Medium,32,Male,80,3,There is no,Not on or by (20) meters of a,1
923,923,923,897396,2021,Sharjah,October,Saturday,Before noon,second week,Run,Negligence and lack of attention,Corniche Al Mamzar Street,Residential area,Gorgeous,Double road,Night - Enough lighting,Wicked (Bad),No Clouds,dry,pedestrian,There is no passenger,Medium,34,Female,60,2,Familiar,Not on or by (20) meters of a,1
924,924,924,897397,2021,Sharjah,February,Tuesday,Before noon,second week,Deterioration,Sudden deviation,Khorfakkan Road,External road,Sharjah / Al Dhaid,Double road,day,Wicked (Bad),fog,dry,passenger,Rapid in the back seat,Medium,26,Male,120,2,There is no,Not on or by (20) meters of a,1
925,925,925,897398,2021,Abu Dhabi,September,Saturday,Evening,second week,Be shocked,Enter a major road without making sure that it is free,An internal street,Residential area,Maqam,Double road,Night - Enough lighting,Wicked (Bad),No Clouds,dry,driver,Driver,Medium,32,Male,40,2,There is no,Hole,1
926,926,926,897399,2021,Ras Al Khaimah,October,Saturday,Evening,second week,Be shocked,Sudden deviation,Dafta Street,Mountainous area,Inconsistent,public road,day,Wicked (Bad),No Clouds,Temple,passenger,A passenger in the front seat,Medium,25,Male,100,2,There is no,Not at intersection,1
927,927,927,897400,2021,Ras Al Khaimah,August,Tuesday,At noon,the third week,Shock,Not leaving enough distance,Asfni Street,Agricultural area,Wadi describe me,Individual,day,curve,No Clouds,dry,driver,Driver,Medium,20,Male,60,1,There is no,Not on or by (20) meters of a,1
928,928,928,897401,2021,Abu Dhabi,January,Wednesday,Before noon,the third week,Consecutive,Not leaving enough distance,Sheikh Maktoum Bin Rashid Street,Governmental,Sih Al -Shuaib,Double road,day,Wicked (Bad),No Clouds,Temple,driver,Driver,Medium,43,Male,140,4,There is no,Not on or by (20) meters of a,1
929,929,929,897402,2021,Fujairah,March,Saturday,At noon,second week,Shock,Enter a major road without making sure that it is free,Sword Roundabout,Commercial area,Flyer,Double road,day,Wicked (Bad),No Clouds,Temple,driver,Driver,Medium,35,Male,40,3,There is no,vertigo,1
930,930,930,897403,2021,Abu Dhabi,March,Monday,Evening,fourth week,Run,Preoccupation with the road while driving the vehicle using the phone,Al -Mafraq Al -Shawamik Street,Residential area,Tall,Double road,Night - Enough lighting,Wicked (Bad),No Clouds,dry,pedestrian,There is no passenger,Medium,50,Male,60,1,There is no,Not on or by (20) meters of a,1
931,931,931,897404,2021,Abu Dhabi,September,Wednesday,Before noon,second week,Shock,Preoccupation with the road while driving the vehicle in any way,Al -Mafraq Al -Shawamik Street,External road,Al -Shawmikh Bridge,public road,day,Wicked (Bad),No Clouds,dry,passenger,A passenger in the front seat,Medium,33,Male,120,4,There is no,Not on or by (20) meters of a,1
932,932,932,897405,2021,Abu Dhabi,May,Saturday,Before noon,The first week,Shock,Sudden deviation,Abu Dhabi Road - Al Ain,Residential area,Mohammed bin Zayed City,Other (select),Night - Enough lighting,Wicked (Bad),No Clouds,dry,driver,Bike,Medium,28,Male,40,1,There is no,Not at intersection,1
933,933,933,897406,2021,Abu Dhabi,August,Friday,At noon,The first week,Cross -100,Overcoming the red light signal - the arrow signal,IPThirtyThreeB Al Falah intersection - Arabian Gulf,Commercial area,Ventricle,Intersection,day,Wicked (Bad),No Clouds,dry,driver,Driver,Medium,47,Male,80,3,There is no,Vertical cross intersection,1
934,934,934,897407,2021,Sharjah,July,Wednesday,At noon,second week,Shock,Not adhering to the mandatory itinerary,Sheikh Mohammed bin Zayed Street,Commercial area,Mouleeh commercial,Individual,day,Wicked (Bad),No Clouds,dry,driver,Bike,Medium,30,Male,40,1,There is no,Not on or by (20) meters of a,1
935,935,935,897408,2021,Abu Dhabi,March,Sunday,At noon,the third week,Deterioration,Sudden deviation,Hazza Bin Sultan Street,Residential area,Fold,public road,day,Wicked (Bad),No Clouds,dry,driver,Bike,Medium,27,Male,80,3,There is no,Not at intersection,1
936,936,936,897409,2021,Abu Dhabi,October,Sunday,At noon,second week,Shock,Not to give priority to the infantry crossing,Banias Street (Al Najd) (Sex),Residential area,Central,public road,day,Wicked (Bad),No Clouds,dry,driver,Bike,Medium,40,Male,60,3,There is no,Not at intersection,1
937,937,937,897410,2021,Umm Al Quwain,November,Saturday,Evening,second week,Shock,Not leaving enough distance,International Federation Street,Residential area,Al -Salamah area a,Double road,day,Wicked (Bad),No Clouds,dry,driver,Bike,Medium,23,Male,60,1,There is no,Not at intersection,1
938,938,938,897411,2021,Ras Al Khaimah,April,Friday,Before noon,second week,Run,Preoccupation with the road while driving the vehicle in any way,Al -Faisal Street near the agencies,Commercial area,Old Ras Al Khaimah,public road,Night - Enough lighting,Wicked (Bad),No Clouds,Temple,pedestrian,There is no passenger,Medium,0,Male,80,3,He crosses not on transit lines,Not at intersection,1
939,939,939,897412,2021,Abu Dhabi,July,Friday,Evening,The fifth week,A fixed body shocked the road,Driving the vehicle under the influence of alcohol,Rashid between Sayed Al Maktoum Street (Tah),Mosque,Segment,public road,Night - Enough lighting,Wicked (Bad),No Clouds,dry,driver,Driver,Medium,38,Male,100,4,There is no,Not at intersection,1
940,940,940,897413,2021,Abu Dhabi,February,Thursday,At noon,second week,A fixed body shocked the road,Negligence and lack of attention,Sweihan Street - Al Hir,External road,All regions,Double road,day,Wicked (Bad),No Clouds,dry,driver,Driver,Medium,44,Male,140,2,There is no,Not at intersection,1
941,941,941,897414,2021,Abu Dhabi,February,Monday,In the afternoon,fourth week,Shock,Preoccupation with the road while driving the vehicle in any way,Sheikh Maktoum Bin Rashid Street,Residential area,Al -Ajaban,Intersection,day,Wicked (Bad),No Clouds,dry,passenger,A passenger in the front seat,Medium,20,Male,60,2,There is no,A meeting of half -vertical roads,1
942,942,942,897415,2021,Abu Dhabi,April,Tuesday,Before noon,second week,Shock,Driving the vehicle under the influence of alcohol,Sheikh Maktoum Bin Rashid Street,Tunnel / Bridge,Al -Ajaban Bridge,Intersection,day,Wicked (Bad),No Clouds,dry,driver,Driver,Medium,47,Male,140,4,There is no,Not on or by (20) meters of a,1
943,943,943,897416,2021,Abu Dhabi,February,Saturday,Before noon,second week,Shock,Not leaving enough distance,Abu Dhabi Road - Al Ain,External road,Spear,Double road,day,Wicked (Bad),No Clouds,dry,passenger,Rapid in the back seat,Medium,61,Female,160,3,There is no,Not on or by (20) meters of a,1
944,944,944,897417,2021,Abu Dhabi,March,Thursday,At noon,the third week,Be shocked,Sudden deviation,Abu Dhabi Road - Al Ain,Tunnel / Bridge,Perfection,Double road,day,Wicked (Bad),No Clouds,dry,driver,Driver,Medium,36,Female,160,3,There is no,Not on or by (20) meters of a,1
945,945,945,897418,2021,Abu Dhabi,June,Tuesday,Evening,the third week,Shock,Enter a major road without making sure that it is free,International airport roads,External road,There is no definition of regions,Individual,day,Wicked (Bad),No Clouds,dry,driver,Driver,Medium,25,Female,100,2,There is no,Hole,1
946,946,946,897419,2021,Sharjah,Dec,Friday,At noon,The first week,Shock,Driving under the influence of intoxicant or anesthetic,Fourth Industrial Street,Industrial area,The tenth industrial,Individual,day,Wicked (Bad),No Clouds,dry,driver,Driver,Medium,37,Male,40,1,There is no,Not on or by (20) meters of a,1
947,947,947,897420,2021,Abu Dhabi,May,Saturday,In the afternoon,The first week,Shock,Not adhering to the mandatory itinerary,IP38C Abu Dhabi Mall intersection,Commercial area,The port,Intersection,Night - Enough lighting,Wicked (Bad),No Clouds,dry,driver,Bike,Medium,25,Male,60,4,There is no,Vertical cross intersection,1
948,948,948,897421,2021,Abu Dhabi,July,Saturday,In the afternoon,The first week,Deterioration,Sudden deviation,An internal street,Residential area,The reefs,Double road,day,Wicked (Bad),No Clouds,dry,driver,Driver,Medium,29,Male,40,2,There is no,Not at intersection,1
949,949,949,897422,2021,Ajman,November,Monday,Evening,The first week,Run,Negligence and lack of attention,Ajman Ring Street,Residential area,Naimia,Double road,Night - Enough lighting,Wicked (Bad),No Clouds,dry,pedestrian,There is no passenger,Medium,36,Female,60,0,There is no,Not on or by (20) meters of a,1
950,950,950,897423,2021,Abu Dhabi,January,Thursday,At noon,fourth week,Shock,Sudden deviation,Tarif road,External road,Arian,Double road,day,Wicked (Bad),No Clouds,dry,driver,Driver,Medium,40,Male,160,5,There is no,Not on or by (20) meters of a,1
951,951,951,897424,2021,Ajman,November,Monday,Before noon,fourth week,Be shocked,Sudden deviation,Sheikh Mohammed bin Zayed Street,External road,Hill,Double road,Night - Enough lighting,Wicked (Bad),No Clouds,dry,driver,Bike,Medium,31,Male,120,0,There is no,Not on or by (20) meters of a,1
952,952,952,897425,2021,Abu Dhabi,October,Friday,At noon,the third week,Cross -100,Overcoming the red light signal,Institute's roundabout,Mosque,Objectionable,Intersection,day,Wicked (Bad),No Clouds,dry,driver,Driver,Medium,53,Female,80,3,There is no,A meeting of half -vertical roads,1
953,953,953,897426,2021,Ras Al Khaimah,February,Saturday,In the afternoon,fourth week,Non -moving,Preoccupation with the road while driving the vehicle in any way,Jabal Jais Street,Mountainous area,Whisper,Double road,Night - without lighting,Wicked (Bad),No Clouds,dry,driver,Driver,Medium,34,Male,60,2,There is no,Not on or by (20) meters of a,1
954,954,954,897427,2021,Abu Dhabi,January,Thursday,Evening,the third week,Deterioration,Speed without taking into account the road conditions,An internal street,Sandy area,Al Masoudi,Other (select),Night - without lighting,Wicked (Bad),No Clouds,Sand,driver,Driver,Medium,22,Male,40,1,There is no,Not at intersection,1
955,955,955,897428,2021,Abu Dhabi,October,Friday,Before noon,The fifth week,Shock,Not leaving enough distance,Zayed City Street (New),Petrol station,Zayed City,Double road,Night - Enough lighting,Wicked (Bad),No Clouds,dry,passenger,A passenger in the front seat,Medium,28,Male,140,2,There is no,Not on or by (20) meters of a,1
956,956,956,897429,2021,Abu Dhabi,March,Sunday,Evening,The first week,Shock,Preoccupation with the road while driving the vehicle in any way,Sweihan Road,External road,The farmer,public road,day,Wicked (Bad),No Clouds,dry,passenger,A passenger in the front seat,Medium,22,Female,140,4,There is no,Not at intersection,1
957,957,957,897430,2021,Abu Dhabi,July,Monday,Evening,The first week,Run,Negligence and lack of attention,An internal street,Sandy area,Jag,Out of the way,Night - without lighting,Other (select),No Clouds,Non -temple,pedestrian,There is no passenger,Medium,23,Male,40,0,He crosses not on transit lines,Not at intersection,1
958,958,958,897431,2021,Abu Dhabi,October,Friday,At noon,The fifth week,Be shocked,Overcoming the red light signal,Hamdan bin Mohammed Street (Al Ain),Governmental,Jimmy,Double road,day,Wicked (Bad),No Clouds,dry,driver,Bike,Medium,28,Male,80,3,There is no,Multi -legs intersection,1
959,959,959,897432,2021,Abu Dhabi,November,Saturday,Evening,second week,Cross -100,Exaggeration in a place where transgression is forbidden,Old Truck Street,External road,There is no definition of regions,Individual,Night - without lighting,Wicked (Bad),No Clouds,dry,driver,Driver,Medium,24,Male,100,1,There is no,Not at intersection,1
960,960,960,897433,2021,Ras Al Khaimah,October,Saturday,Evening,second week,Be shocked,Sudden deviation,Dafta Street,Mountainous area,Inconsistent,public road,day,Wicked (Bad),No Clouds,Temple,driver,Driver,Medium,40,Male,100,2,There is no,Not at intersection,1
961,961,961,897434,2021,Ras Al Khaimah,Dec,Friday,Evening,The first week,Deterioration,Sudden deviation,Al -Munai’i Street,Mountainous area,Al -Munai’i,Double road,day,Wicked (Bad),No Clouds,Temple,driver,Bike,Medium,33,Male,100,2,There is no,Others,1
962,962,962,897435,2021,Abu Dhabi,November,Sunday,Before noon,fourth week,Cross -100,Not adhering to the mandatory itinerary,An internal street,Residential area,Disadvantages,Individual,day,Wicked (Bad),No Clouds,dry,driver,Driver,Medium,60,Male,60,2,There is no,Not on or by (20) meters of a,1
963,963,963,897436,2021,Abu Dhabi,March,Tuesday,Before noon,The fifth week,A fixed body was shocked outside the road,Not adhering to the mandatory itinerary,Entrance to the Corniche - Sheikh Zayed Tunnel - Sheikh Zayed Road,Tunnel / Bridge,There is no definition of regions,public road,Night - Enough lighting,Wicked (Bad),No Clouds,dry,driver,Bike,Medium,22,Male,80,3,There is no,Not at intersection,1
964,964,964,897437,2021,Abu Dhabi,November,Thursday,Evening,the third week,Run,Not to give priority to the infantry crossing,Eastern Street (Al Traffic) (Four),School,Humper saffron,public road,Night - Enough lighting,Wicked (Bad),No Clouds,Temple,pedestrian,There is no passenger,Medium,30,Male,40,2,He crosses not on transit lines,Vertical cross intersection,1
965,965,965,897438,2021,Abu Dhabi,Dec,Monday,In the afternoon,fourth week,Shock,Not leaving enough distance,Sheikh Maktoum Bin Rashid Street,External road,Sih Al -Shuaib Bridge,public road,Night - Enough lighting,Wicked (Bad),No Clouds,dry,passenger,A passenger in the front seat,Medium,29,Male,140,4,There is no,Not on or by (20) meters of a,1
966,966,966,897439,2021,Abu Dhabi,April,Sunday,Before noon,the third week,Shock,Fatigue and drowsiness,There is no definition,External road,There is no definition of regions,public road,day,Wicked (Bad),No Clouds,dry,driver,Driver,Medium,43,Male,160,5,There is no,Not on or by (20) meters of a,1
967,967,967,897440,2021,Abu Dhabi,February,Wednesday,Evening,fourth week,A fixed body shocked the road,Negligence and lack of attention,Lamp,Residential area,Healer,vertigo,day,Wicked (Bad),No Clouds,dry,driver,Driver,Medium,27,Male,80,3,There is no,vertigo,1
968,968,968,897441,2021,Abu Dhabi,October,Tuesday,Before noon,The first week,Shock,Failure to adhere to traffic signs,Al -Mafraq Al -Shawamik Street,Residential area,Tall,Intersection,day,Wicked (Bad),No Clouds,dry,passenger,Rapid in the back seat,Medium,19,Male,60,1,There is no,Vertical cross intersection,1