,Unnamed: 0.1,Unnamed: 0,Fake ID,Year,City,Month,Day,Time,Week,Type Of Accident,Reasons,Street,Place,Area,Location,Lighting,Road Condition,Weather Condition,Road surface,Lay injured,Injured seat,Degree of injury,Age of the injured,The person's gender,Speed of the road,Number of tracks,Pedestrian behavior,Intersection,Total
969,969,969,897442,2021,Ras Al Khaimah,May,Wednesday,At noon,the third week,Run,Sudden deviation,Khorkheir Street,External road,Hide,Double road,day,Wicked (Bad),No Clouds,Temple,pedestrian,There is no passenger,Medium,29,Male,100,2,Familiar,Not on or by (20) meters of a,1
970,970,970,897443,2021,Abu Dhabi,March,Wednesday,Evening,The first week,Run,Speed without taking into account the road conditions,Street Thirty One,Commercial area,Humper saffron,Individual,Night - Enough lighting,Wicked (Bad),No Clouds,dry,pedestrian,There is no passenger,Medium,35,Male,40,1,He crosses not on transit lines,Not on or by (20) meters of a,1
971,971,971,897444,2021,Sharjah,August,Monday,Evening,The first week,Run,Negligence and lack of attention,Cooperation Street,Residential area,Gorgeous,Double road,Night - Enough lighting,Wicked (Bad),No Clouds,dry,pedestrian,There is no passenger,Medium,40,Male,60,3,There is no,Not on or by (20) meters of a,1
972,972,972,897445,2021,Ras Al Khaimah,May,Sunday,Evening,The first week,Be shocked,Enter a major road without making sure that it is free,Public Public Street,Residential area,Stagnation,Individual,Night - Enough lighting,Wicked (Bad),No Clouds,Temple,driver,Driver,Medium,29,Male,40,1,There is no,Vertical cross intersection,1
973,973,973,897446,2021,Sharjah,November,Friday,In the afternoon,the third week,Be shocked,Sudden deviation,Sheikh Khalid bin Khalid Al Qasimi Street,Residential area,Ramtha,Double road,Night - Enough lighting,Wicked (Bad),No Clouds,dry,passenger,Rapid in the back seat,Medium,5,Male,60,3,There is no,Not on or by (20) meters of a,1
974,974,974,897447,2021,Abu Dhabi,July,Tuesday,At noon,The first week,Shock,Not leaving enough distance,Al Ain Street - Al -Wajan - Al -Qaa,External road,Junction,Double road,day,Wicked (Bad),No Clouds,dry,driver,Driver,Medium,19,Male,140,2,There is no,Not at intersection,1
975,975,975,897448,2021,Abu Dhabi,October,Friday,At noon,The fifth week,Deterioration,Sudden deviation,Abu Dhabi Road - Al Ain,Residential area,Mohammed bin Zayed City,Double road,day,Wicked (Bad),No Clouds,dry,driver,Driver,Medium,14,Male,60,2,There is no,Not on or by (20) meters of a,1
976,976,976,897449,2021,Abu Dhabi,May,Tuesday,At noon,fourth week,Be shocked,Enter a major road without making sure that it is free,Armored road,Residential area,Mohammed bin Zayed City,Dhuatatin Road,day,Wicked (Bad),No Clouds,Temple,driver,Bike,Medium,30,Male,60,2,There is no,A meeting of half -vertical roads,1
977,977,977,897450,2021,Abu Dhabi,May,Friday,Evening,second week,Deterioration,Preoccupation with the road while driving the vehicle in any way,Armored road,External road,Industrial armored bridge,Double road,Night - Enough lighting,Wicked (Bad),No Clouds,dry,driver,Bike,Medium,28,Male,120,4,There is no,A meeting of half -vertical roads,1
978,978,978,897451,2021,Abu Dhabi,November,Friday,Evening,The first week,Be shocked,Not adhering to the mandatory itinerary,Arabian Gulf Street(Thirty),Residential area,Segment,Intersection,Night - Enough lighting,Wicked (Bad),No Clouds,dry,driver,Driver,Medium,31,Male,80,4,There is no,Multi -legs intersection,1
979,979,979,897452,2021,Ajman,October,Wednesday,Evening,fourth week,Run,Negligence and lack of attention,Al -Bara Bin Malik Street,Commercial area,Naimia,Individual,Night - Enough lighting,Wicked (Bad),No Clouds,dry,pedestrian,There is no passenger,Medium,45,Male,40,0,There is no,A meeting of half -vertical roads,1
980,980,980,897453,2021,Abu Dhabi,November,Tuesday,Before noon,second week,Shock,Preoccupation with the road while driving the vehicle in any way,Etihad Street,External road,Swallow,public road,day,Wicked (Bad),No Clouds,dry,driver,Driver,Medium,40,Male,140,3,There is no,Not at intersection,1
981,981,981,897454,2021,Ras Al Khaimah,May,Thursday,At noon,The first week,Cross -100,Sudden deviation,Al -Jazeera Street behind the ceramic,Industrial area,The Red Island,Individual,day,Wicked (Bad),No Clouds,Temple,driver,Driver,Medium,30,Male,60,2,There is no,Not at intersection,1
982,982,982,897455,2021,Abu Dhabi,September,Thursday,Evening,The first week,Shock,Overcoming the red light signal,Zayed First Street,Residential area,Fold,Double road,Night - Enough lighting,Wicked (Bad),No Clouds,dry,driver,Driver,Medium,44,Male,100,3,There is no,Others,1
983,983,983,897456,2021,Ajman,January,Thursday,At noon,the third week,Run,Negligence and lack of attention,Sheikh Ammar bin Humaid Al -Nuaimi Street,Commercial area,Grade 1,Individual,day,Wicked (Bad),No Clouds,dry,pedestrian,There is no passenger,Medium,62,Female,60,0,He crosses not on transit lines,Not on or by (20) meters of a,1
984,984,984,897457,2021,Ras Al Khaimah,January,Friday,In the afternoon,The fifth week,Run,Negligence and lack of attention,Mohammed bin Salem Street from the roundabout of Mohammed bin Zaid to Dolphin,Others,The Red Island,public road,day,Wicked (Bad),No Clouds,Temple,pedestrian,There is no passenger,Medium,61,Female,100,2,He crosses not on transit lines,Not at intersection,1
985,985,985,897458,2021,Abu Dhabi,Dec,Wednesday,Evening,the third week,Shock,Overcoming the red light signal - the arrow signal,Sultan Bin Zayed the First Street (Thirty Two),Residential area,There is no definition of regions,Intersection,Night - Enough lighting,Wicked (Bad),No Clouds,dry,pedestrian,There is no passenger,Medium,49,Male,80,4,There is no,Vertical cross intersection,1
986,986,986,897459,2021,Abu Dhabi,May,Tuesday,At noon,fourth week,Shock,Failure to adhere to traffic signs,Zayed the First Street(Seven),Commercial area,Khalidiya,Intersection,day,Wicked (Bad),No Clouds,dry,driver,Bike,Medium,21,Male,20,2,There is no,Vertical cross intersection,1
987,987,987,897460,2021,Abu Dhabi,October,Thursday,Evening,the third week,Shock,Sudden deviation,Sheikh Maktoum Bin Rashid Street,External road,There is no definition of regions,Double road,Night - Enough lighting,Wicked (Bad),No Clouds,dry,passenger,Rapid in the back seat,Medium,28,Male,140,4,There is no,Not on or by (20) meters of a,1
988,988,988,897461,2021,Umm Al Quwain,July,Monday,In the afternoon,second week,Run,Driving a vehicle in a way that puts his life or the lives of others at risk,Al -Maqta Street,Commercial area,Industrial Zone a,Double road,day,Wicked (Bad),No Clouds,dry,pedestrian,There is no passenger,Medium,31,Male,40,1,There is no,Not on or by (20) meters of a,1
989,989,989,897462,2021,Abu Dhabi,October,Monday,Before noon,fourth week,Shock,Failure to adhere to traffic signs,Al -Mafraq Al -Shawamik Street,Residential area,Tall,Intersection,day,Wicked (Bad),No Clouds,dry,driver,Driver,Medium,32,Male,60,1,There is no,Vertical cross intersection,1
990,990,990,897463,2021,Abu Dhabi,June,Thursday,Before noon,the third week,Shock,Fatigue and drowsiness,Yas Street One,Petrol station,Yass Island,Individual,day,Wicked (Bad),No Clouds,dry,driver,Driver,Medium,30,Male,120,4,There is no,Not on or by (20) meters of a,1
991,991,991,897464,2021,Abu Dhabi,June,Wednesday,At noon,The first week,Consecutive,Preoccupation with the road while driving the vehicle in any way,Truck Street,Tunnel / Bridge,Bare,Double road,day,Wicked (Bad),No Clouds,dry,driver,Driver,Medium,45,Male,120,3,There is no,Not at intersection,1
992,992,992,897465,2021,Fujairah,August,Tuesday,In the afternoon,The fifth week,Shock,Enter a major road without making sure that it is free,Sheikh Maktoum Bin Rashid Street,Mountainous area,Thoban area,Other (select),Night - Enough lighting,Wicked (Bad),No Clouds,Temple,passenger,A passenger in the front seat,Medium,62,Female,100,2,There is no,Hole,1
993,993,993,897466,2021,Abu Dhabi,April,Thursday,Before noon,The first week,Shocked,Preoccupation with the road while driving the vehicle in any way,Sweihan Road,Residential area,The farmer,Double road,day,Wicked (Bad),No Clouds,dry,driver,Driver,Medium,69,Male,60,2,There is no,Multi -legs intersection,1
994,994,994,897467,2021,Ras Al Khaimah,June,Monday,In the afternoon,The first week,Shock,Preoccupation with the road while driving the vehicle in any way,Al Montaser Street,Commercial area,Palm,public road,day,Wicked (Bad),No Clouds,Temple,passenger,A passenger in the front seat,Medium,22,Male,80,3,There is no,Not on or by (20) meters of a,1
995,995,995,897468,2021,Abu Dhabi,October,Tuesday,Before noon,The first week,Shock,Preoccupation with the road while driving the vehicle in any way,International airport roads,External road,Khalifa City (a),Double road,day,Wicked (Bad),No Clouds,dry,pedestrian,There is no passenger,Medium,47,Male,120,4,Familiar,Not on or by (20) meters of a,1
996,996,996,897469,2021,Abu Dhabi,November,Monday,Evening,fourth week,Run,Negligence and lack of attention,Al -Mafraq Al -Shawamik Street,Sandy area,There is no definition of regions,Out of the way,Night - Enough lighting,Wicked (Bad),No Clouds,earthy,pedestrian,There is no passenger,Medium,31,Male,20,0,There is no,Not on or by (20) meters of a,1
997,997,997,897470,2021,Abu Dhabi,January,Thursday,Evening,The first week,A fixed body shocked the road,Speed without taking into account the road conditions,corneche Street,Governmental,The port,public road,Night - Enough lighting,Wicked (Bad),No Clouds,dry,driver,Bike,Medium,24,Male,80,4,There is no,Vertical cross intersection,1
998,998,998,897471,2021,Sharjah,April,Thursday,Evening,fourth week,Deterioration,Sudden deviation,Al Dhaid Street / Al Madam towards Al Madam,Others,Madame,Individual,Night - Enough lighting,Wicked (Bad),No Clouds,dry,driver,Driver,Medium,19,Male,100,2,There is no,Not on or by (20) meters of a,1
999,999,999,897472,2021,Sharjah,March,Saturday,Evening,fourth week,Deterioration,Preoccupation with the road while driving the vehicle in any way,Al -Orouba Street,Commercial area,Choiites,Double road,Night - Enough lighting,Wicked (Bad),No Clouds,dry,passenger,A passenger in the front seat,Medium,23,Male,60,2,There is no,Not on or by (20) meters of a,1
1000,1000,1000,897473,2021,Abu Dhabi,September,Thursday,At noon,second week,Shock,Preoccupation with the road while driving the vehicle in any way,Shabakht Street,garden,Sage,Double road,day,Wicked (Bad),No Clouds,dry,passenger,Rapid in the back seat,Medium,101,Female,100,2,There is no,Not on or by (20) meters of a,1
1001,1001,1001,897474,2021,Ajman,February,Saturday,Evening,The first week,A fixed body shocked the road,Driving under the influence of intoxicant or anesthetic,Etihad Street,Tunnel / Bridge,Mashirf Commercial,Out of the way,Night - Enough lighting,Wicked (Bad),No Clouds,dry,passenger,A passenger in the front seat,Medium,22,Male,40,0,There is no,Multi -legs intersection,1
1002,1002,1002,897475,2021,Sharjah,April,Tuesday,Before noon,fourth week,Shock,Enter a major road without making sure that it is free,University City Street,Commercial area,Mawlh,Double road,Night - Enough lighting,Wicked (Bad),No Clouds,dry,driver,Driver,Medium,40,Male,60,2,There is no,Not on or by (20) meters of a,1
1003,1003,1003,897476,2021,Abu Dhabi,October,Tuesday,Before noon,fourth week,Be shocked,Sudden deviation,Al -Mafraq Al -Shawamik Street,Petrol station,There is no definition of regions,Double road,day,Wicked (Bad),No Clouds,dry,driver,Driver,Medium,27,Male,140,3,There is no,Not on or by (20) meters of a,1
1004,1004,1004,897477,2021,Abu Dhabi,October,Saturday,At noon,The fifth week,Shock,Preoccupation with the road while driving the vehicle in any way,Yas Mall,Tunnel / Bridge,Yass Island,Double road,day,Wicked (Bad),No Clouds,dry,driver,Bike,Medium,22,Male,60,2,There is no,Vertical cross intersection,1
1005,1005,1005,897478,2021,Ras Al Khaimah,June,Thursday,At noon,fourth week,Run,Negligence and lack of attention,Al -Jazza Street,Commercial area,Palm,parking,day,narrow road,No Clouds,Temple,pedestrian,There is no passenger,Medium,36,Male,10,0,He crosses not on transit lines,Not on or by (20) meters of a,1
1006,1006,1006,897479,2021,Abu Dhabi,November,Sunday,Before noon,The first week,Run,Not to give priority to the infantry crossing,An internal street,Commercial area,Salamat,Individual,day,Wicked (Bad),No Clouds,dry,pedestrian,There is no passenger,Medium,23,Male,60,2,There is no,Increase deviant roads,1
1007,1007,1007,897480,2021,Abu Dhabi,April,Wednesday,Evening,the third week,Run,Negligence and lack of attention,There is no definition,Commercial area,Industrial Archbishop,parking,Night - Enough lighting,Wicked (Bad),No Clouds,dry,pedestrian,There is no passenger,Medium,44,Male,40,2,He crosses not on transit lines,Not on or by (20) meters of a,1
1008,1008,1008,897481,2021,Abu Dhabi,August,Tuesday,At noon,second week,Shock,Sudden deviation,There is no definition,Commercial area,Industrial Archbishop,Double road,day,Wicked (Bad),No Clouds,dry,driver,Driver,Medium,26,Male,80,2,There is no,Not on or by (20) meters of a,1
1009,1009,1009,897482,2021,Abu Dhabi,August,Tuesday,Before noon,second week,Shock,Not leaving enough distance,Rotary,hospital,Eclipse,vertigo,day,Wicked (Bad),No Clouds,dry,driver,Bike,Medium,38,Male,100,3,There is no,vertigo,1
1010,1010,1010,897483,2021,Ajman,April,Tuesday,At noon,second week,Run,Negligence and lack of attention,Sheikh Rashid Bin Humaid Street,Commercial area,garden,Double road,day,Wicked (Bad),No Clouds,dry,pedestrian,There is no passenger,Medium,26,Female,60,0,There is no,Vertical cross intersection,1
1011,1011,1011,897484,2021,Abu Dhabi,August,Sunday,Evening,the third week,A fixed body shocked the road,Speed without taking into account the road conditions,Al -Hir Street - Al -Shweib,External road,Shuwaib,Individual,Night - Enough lighting,Wicked (Bad),No Clouds,dry,passenger,Rapid in the back seat,Eloquent,2,Male,120,2,There is no,Not at intersection,1
1012,1012,1012,897485,2021,Ras Al Khaimah,Dec,Friday,Evening,The fifth week,Fall,Sudden deviation,Al -Falamiya area,Governmental,Atmosphere,Dhuatatin Road,Night - without lighting,Wicked (Bad),rainy,Foundation,passenger,Rapid in the back seat,Eloquent,22,Male,60,1,There is no,Not at intersection,1
1013,1013,1013,897486,2021,Ras Al Khaimah,October,Saturday,At noon,second week,Shock,Enter a major road without making sure that it is free,Sheikh Rashid bin Saeed Street,Residential area,Northern,public road,day,Wicked (Bad),No Clouds,Temple,driver,Driver,Eloquent,49,Male,80,2,There is no,Hole,1
1014,1014,1014,897487,2021,Abu Dhabi,February,Friday,Before noon,The first week,Run,Fatigue and drowsiness,Nissan Najda Showroom - Al Masaood Automobiles,Commercial area,Zayed City (Abu Dhabi),Intersection,day,Wicked (Bad),No Clouds,dry,pedestrian,There is no passenger,Eloquent,58,Male,80,3,Familiar,Vertical cross intersection,1
1015,1015,1015,897488,2021,Abu Dhabi,Dec,Friday,Evening,The fifth week,Shock,Driving the vehicle under the influence of narcotic substances or mental effects or,Al -Mafraq Al -Shawamik Street,Tunnel / Bridge,There is no definition of regions,Double road,Night - Enough lighting,Wicked (Bad),No Clouds,Temple,passenger,Rapid in the back seat,Eloquent,1,Male,140,3,There is no,Not on or by (20) meters of a,1
1016,1016,1016,897489,2021,Ras Al Khaimah,October,Friday,Before noon,The first week,Run,Not to give priority to the infantry crossing,Mohammed Bin Salem Street from Dolphin Roundabout to Dr. Sorghum,Others,The Red Island,public road,Night - Enough lighting,Wicked (Bad),No Clouds,Temple,pedestrian,There is no passenger,Eloquent,29,Male,100,2,He crosses not on transit lines,Not at intersection,1
1017,1017,1017,897490,2021,Sharjah,July,Friday,Evening,the third week,Deterioration,Not adhering to the mandatory itinerary,Sheikh Mohammed bin Zayed Street,Commercial area,Thirteenth industrial,Individual,day,Wicked (Bad),No Clouds,dry,driver,Bike,Eloquent,27,Male,120,5,There is no,Not on or by (20) meters of a,1
1018,1018,1018,897491,2021,Ras Al Khaimah,July,Wednesday,Evening,The first week,Shock,Sir is the opposite of the direction,Mohammed bin Salem Street near Al -Rifaa,External road,The Red Island,Double road,Night - Enough lighting,Wicked (Bad),No Clouds,Temple,driver,Driver,Eloquent,26,Male,100,2,There is no,Hole,1
1019,1019,1019,897492,2021,Abu Dhabi,June,Saturday,Evening,The first week,Run,Not to give priority to the infantry crossing,Corniche Street towards the Maritime Club,Commercial area,Central,Individual,Night - Enough lighting,Wicked (Bad),No Clouds,dry,pedestrian,There is no passenger,Eloquent,67,Male,60,3,He crosses pedestrian crossing lines,Not on or by (20) meters of a,1
1020,1020,1020,897493,2021,Umm Al Quwain,October,Thursday,At noon,fourth week,Run,Driving the vehicle under the influence of alcohol,Sheikh Mohammed bin Zayed Street (Umm Al Qain - Ras Al Khaimah),External road,Navel,Double road,Night - Enough lighting,Other (select),No Clouds,dry,pedestrian,There is no passenger,Eloquent,58,Male,120,3,There is no,Not on or by (20) meters of a,1
1021,1021,1021,897494,2021,Ras Al Khaimah,June,Tuesday,At noon,the third week,Be shocked,Preoccupation with the road while driving the vehicle in any way,Mohammed bin Salem Street,Residential area,Northern,Intersection,day,Wicked (Bad),No Clouds,earthy,driver,Driver,Eloquent,23,Male,30,2,There is no,Vertical cross intersection,1
1022,1022,1022,897495,2021,Abu Dhabi,May,Sunday,Evening,The fifth week,A fixed body was shocked outside the road,Preoccupation with the road while driving the vehicle in any way,Road Road Road,Tunnel / Bridge,Rawf Kindergarten Bridge Bridge,public road,Night - Enough lighting,Wicked (Bad),No Clouds,dry,passenger,A passenger in the front seat,Eloquent,25,Male,140,4,There is no,Not on or by (20) meters of a,1
1023,1023,1023,897496,2021,Abu Dhabi,March,Friday,At noon,The first week,Shock,Preoccupation with the road while driving the vehicle in any way,Sheikh Maktoum Bin Rashid Street,External road,Sih Al -Shuaib,Double road,day,Wicked (Bad),No Clouds,dry,driver,Driver,Eloquent,26,Male,140,4,There is no,Not on or by (20) meters of a,1
1024,1024,1024,897497,2021,Umm Al Quwain,April,Friday,Before noon,fourth week,Shock,Overing from the right or ingredon is cautious,Sheikh Zayed bin Sultan Al Nahyan Street,Tunnel / Bridge,Navel,Double road,Night - Enough lighting,Wicked (Bad),No Clouds,dry,passenger,Rapid in the back seat,Eloquent,15,Male,100,2,There is no,Not at intersection,1
1025,1025,1025,897498,2021,Abu Dhabi,May,Friday,Evening,fourth week,Cross -100,Sudden deviation,Zayed Bin Sultan Street (General),Commercial area,Jerk,Double road,Night - Enough lighting,Wicked (Bad),No Clouds,dry,driver,Driver,Eloquent,36,Male,100,3,There is no,Not on or by (20) meters of a,1
1026,1026,1026,897499,2021,Sharjah,June,Sunday,At noon,second week,Run,Sudden deviation,Ring road,Residential area,Sur Kalba,Individual,Night - without lighting,Wicked (Bad),No Clouds,dry,pedestrian,There is no passenger,Eloquent,29,Male,80,2,It crosses the crossing lines,Not on or by (20) meters of a,1
1027,1027,1027,897500,2021,Abu Dhabi,November,Tuesday,Evening,the third week,Shock,Preoccupation with the road while driving the vehicle in any way,An internal street,Residential area,Swallow,Double road,Night - Enough lighting,Wicked (Bad),No Clouds,dry,driver,Bike,Eloquent,26,Male,100,3,There is no,Not at intersection,1
1028,1028,1028,897501,2021,Abu Dhabi,October,Monday,Evening,The first week,Shock,Not adhering to the mandatory itinerary,Al -Ruwais Street - Goods,External road,General Street (Abu Dhabi - Commodities),public road,Night - Enough lighting,Wicked (Bad),No Clouds,dry,driver,Driver,Eloquent,60,Male,160,3,There is no,Not on or by (20) meters of a,1
1029,1029,1029,897502,2021,Abu Dhabi,March,Wednesday,Before noon,The first week,Shock,Sudden deviation,General Street (Abu Dhabi - Commodities),External road,Hierarchy,public road,day,Wicked (Bad),No Clouds,dry,driver,Driver,Eloquent,29,Male,160,4,There is no,Not at intersection,1
1030,1030,1030,897503,2021,Abu Dhabi,March,Tuesday,At noon,second week,Be shocked,Not adhering to the mandatory itinerary,Al Ain Street - Al -Wajan - Al -Qaa,Mosque,Junction,Individual,day,Wicked (Bad),No Clouds,dry,driver,Bike,Eloquent,24,Male,40,2,There is no,Not on or by (20) meters of a,1
1031,1031,1031,897504,2021,Ajman,July,Saturday,Before noon,second week,Run,Negligence and lack of attention,Jeddah Street (Cement Factory),Commercial area,Cliff,Double road,Night - Enough lighting,Wicked (Bad),No Clouds,dry,pedestrian,There is no passenger,Eloquent,39,Male,60,0,He crosses not on transit lines,Not on or by (20) meters of a,1
1032,1032,1032,897505,2021,Ras Al Khaimah,February,Friday,At noon,the third week,Deterioration,Negligence and lack of attention,Al Ras area,Coastal area,Whisper,Other (select),day,Other (select),No Clouds,earthy,passenger,A passenger in the front seat,Eloquent,32,Male,10,1,There is no,Others,1
1033,1033,1033,897506,2021,Sharjah,March,Saturday,Evening,fourth week,Deterioration,Preoccupation with the road while driving the vehicle in any way,Al -Orouba Street,Commercial area,Choiites,Double road,Night - Enough lighting,Wicked (Bad),No Clouds,dry,driver,Driver,Eloquent,24,Male,60,2,There is no,Not on or by (20) meters of a,1
1034,1034,1034,897507,2021,Umm Al Quwain,August,Sunday,Before noon,the third week,Shock,Preoccupation with the road while driving the vehicle in any way,Sheikh Mohammed bin Zayed Street (Umm Al Qain - Ras Al Khaimah),External road,Navel,public road,day,Wicked (Bad),No Clouds,dry,driver,Driver,Eloquent,33,Male,120,3,There is no,Not on or by (20) meters of a,1
1035,1035,1035,897508,2021,Ras Al Khaimah,May,Sunday,Before noon,second week,Be shocked,Preoccupation with the road while driving the vehicle in any way,"Al -Faisal Street, Al -Ittihad Bridge",Petrol station,Southern,vertigo,Night - Enough lighting,Wicked (Bad),No Clouds,Temple,driver,Bike,Eloquent,23,Male,40,3,There is no,vertigo,1
1036,1036,1036,897509,2021,Ajman,February,Sunday,Before noon,second week,Run,Negligence and lack of attention,unknown,Commercial area,Industrial shelf 2,Individual,Night - without lighting,Wicked (Bad),No Clouds,dry,pedestrian,There is no passenger,Eloquent,43,Male,40,0,He crosses not on transit lines,Not on or by (20) meters of a,1
1037,1037,1037,897510,2021,Abu Dhabi,Dec,Wednesday,Evening,second week,Deterioration,Preoccupation with the road while driving the vehicle in any way,Al Ain Street - Dubai,External road,All regions,Double road,Night - Enough lighting,Wicked (Bad),No Clouds,dry,passenger,Rapid in the back seat,Eloquent,20,Male,140,3,There is no,Not at intersection,1
1038,1038,1038,897511,2021,Sharjah,February,Tuesday,Before noon,second week,Deterioration,Sudden deviation,Khorfakkan Road,External road,Sharjah / Al Dhaid,Double road,day,Wicked (Bad),fog,dry,driver,Driver,Eloquent,46,Male,120,2,There is no,Not on or by (20) meters of a,1
1039,1039,1039,897512,2021,Ras Al Khaimah,March,Monday,At noon,The fifth week,Non -moving,Tire explosion,Kadra Street - Dafta,External road,Disgust,Double road,day,Wicked (Bad),No Clouds,dry,passenger,Rapid in the back seat,Eloquent,12,Male,120,2,There is no,Not on or by (20) meters of a,1
1040,1040,1040,897513,2021,Abu Dhabi,February,Tuesday,At noon,fourth week,Shock,Fatigue and drowsiness,Intimate Street,Sandy area,Miserable,Double road,day,Wicked (Bad),No Clouds,dry,passenger,A passenger in the front seat,Eloquent,21,Male,100,2,There is no,Not on or by (20) meters of a,1
1041,1041,1041,897514,2021,Sharjah,March,Saturday,Before noon,second week,Consecutive,Not leaving enough distance,Hamriyah,Commercial area,Hamriyah,Individual,Night - without lighting,Wicked (Bad),No Clouds,dry,driver,Driver,Eloquent,19,Male,80,2,There is no,A meeting of half -vertical roads,1
1042,1042,1042,897515,2021,Ajman,April,Monday,Evening,The first week,Run,Return back without making sure that the road is free,Sheikh Abdullah bin Humaid bin Rashid Al Nuaimi Street,Commercial area,garden,Out of the way,Night - Enough lighting,Wicked (Bad),No Clouds,dry,pedestrian,There is no passenger,Eloquent,47,Female,20,0,There is no,Others,1
1043,1043,1043,897516,2021,Ras Al Khaimah,January,Friday,Evening,fourth week,Deterioration,Negligence and lack of attention,Al -Jazeera Al -Hamra area,Others,The Red Island,Dhuatatin Road,Night - weak lighting,curve,No Clouds,Temple,passenger,Rapid in the back seat,Eloquent,27,Male,60,2,There is no,Others,1
1044,1044,1044,897517,2021,Sharjah,August,Friday,Evening,the third week,Deterioration,Sudden deviation,Hamriyah,Residential area,Hamriyah,Individual,day,Wicked (Bad),No Clouds,Sand,driver,Driver,Eloquent,43,Male,40,1,There is no,Others,1
1045,1045,1045,897518,2021,Fujairah,July,Sunday,In the afternoon,the third week,Be shocked,Enter a major road without making sure that it is free,A profitable street -,Residential area,Qatrat area,public road,Night - Enough lighting,Wicked (Bad),No Clouds,Temple,driver,Driver,Eloquent,42,Male,80,2,There is no,Not on or by (20) meters of a,1
1046,1046,1046,897519,2021,Ras Al Khaimah,September,Sunday,Evening,second week,Run,Negligence and lack of attention,Al -Sabka Street,Commercial area,Palm,Double road,day,Wicked (Bad),No Clouds,Temple,pedestrian,There is no passenger,Eloquent,51,Male,40,2,He crosses not on transit lines,Not at intersection,1
1047,1047,1047,897520,2021,Abu Dhabi,February,Friday,Before noon,second week,Be shocked,Enter a major road without making sure that it is free,Equestrian club roundabout,garden,Supervisor,vertigo,day,Wicked (Bad),fog,dry,passenger,A passenger in the front seat,Eloquent,33,Female,80,4,There is no,vertigo,1
1048,1048,1048,897521,2021,Abu Dhabi,September,Wednesday,Evening,The fifth week,Run,Preoccupation with the road while driving the vehicle in any way,Armored road,Industrial area,Bracelet,public road,Night - Enough lighting,Wicked (Bad),No Clouds,dry,pedestrian,There is no passenger,death,30,Male,60,3,He crosses not on transit lines,Not on or by (20) meters of a,1
1049,1049,1049,897522,2021,Abu Dhabi,January,Thursday,Evening,second week,Shock,Leave an animal without guarding,Civil Street - Sweihan,External road,There is no definition of regions,Double road,Night - Enough lighting,Wicked (Bad),fog,dry,passenger,A passenger in the front seat,death,27,Female,140,2,There is no,Not at intersection,1
1050,1050,1050,897523,2021,Sharjah,November,Wednesday,Evening,fourth week,Run,Negligence and lack of attention,Maliha Street,Industrial area,The eighteenth industrial zone,Double road,Night - Enough lighting,Wicked (Bad),No Clouds,dry,pedestrian,There is no passenger,death,39,Male,120,6,Familiar,Not on or by (20) meters of a,1
1051,1051,1051,897524,2021,Abu Dhabi,May,Monday,At noon,second week,A fixed body shocked the road,Speed without taking into account the road conditions,Al Ain Street - Al -Wajan - Al -Qaa,Work area,Custody,Double road,day,Barrier,No Clouds,Sand,passenger,Rapid in the back seat,death,37,Male,100,2,There is no,Not on or by (20) meters of a,1
1052,1052,1052,897525,2021,Abu Dhabi,January,Monday,Before noon,fourth week,Run,Preoccupation with the road while driving the vehicle in any way,Sultan Bin Zayed the First Street (Thirty Two),Tunnel / Bridge,There is no definition of regions,public road,day,Wicked (Bad),No Clouds,dry,pedestrian,There is no passenger,death,79,Male,80,4,He crosses not on transit lines,Not at intersection,1
1053,1053,1053,897526,2021,Abu Dhabi,September,Wednesday,Evening,second week,Shock,Preoccupation with the road while driving the vehicle in any way,Sheikh Mohammed bin Rashid Al Maktoum Street,External road,-,public road,Night - Enough lighting,Wicked (Bad),No Clouds,dry,driver,Driver,death,46,Female,140,4,There is no,Not on or by (20) meters of a,1
1054,1054,1054,897527,2021,Sharjah,May,Wednesday,In the afternoon,fourth week,Be shocked,Enter a major road without making sure that it is free,Arab Gulf Street,Commercial area,Gyour,Double road,day,Wicked (Bad),No Clouds,dry,driver,Bike,death,50,Male,60,2,There is no,Hole,1
1055,1055,1055,897528,2021,Ras Al Khaimah,October,Thursday,Evening,the third week,Run,Negligence and lack of attention,Airport Street - Ras Al Khaimah,Commercial area,Stagnation,Double road,Night - Enough lighting,Wicked (Bad),No Clouds,dry,pedestrian,There is no passenger,death,37,Male,100,2,There is no,Not at intersection,1
1056,1056,1056,897529,2021,Abu Dhabi,Dec,Tuesday,Before noon,fourth week,Consecutive,Speed without taking into account the road conditions,Truck Road (Abu Dhabi-Al Ain),External road,There is no definition of regions,Double road,day,crowded,No Clouds,dry,pedestrian,There is no passenger,death,46,Male,80,2,He crosses not on transit lines,Not on or by (20) meters of a,1