,Unnamed: 0.1,Unnamed: 0,Fake ID,Year,City,Month,Day,Time,Week,Type Of Accident,Reasons,Street,Place,Area,Location,Lighting,Road Condition,Weather Condition,Road surface,Lay injured,Injured seat,Degree of injury,Age of the injured,The person's gender,Speed of the road,Number of tracks,Pedestrian behavior,Intersection,Total
1057,1057,1057,897530,2021,Abu Dhabi,March,Thursday,In the afternoon,The first week,Shock,Driving the vehicle under the influence of alcohol,Al -Mafraq Al -Shawamik Street,External road,Tall,Double road,day,Wicked (Bad),No Clouds,Temple,driver,Driver,death,40,Male,140,4,There is no,Not on or by (20) meters of a,1
1058,1058,1058,897531,2021,Abu Dhabi,October,Friday,Evening,the third week,Deterioration,Speed without taking into account the road conditions,Sweihan Street - Al Hir,Residential area,There is no definition of regions,Double road,Night - Enough lighting,Wicked (Bad),No Clouds,dry,driver,Driver,death,20,Male,120,2,There is no,Not on or by (20) meters of a,1
1059,1059,1059,897532,2021,Abu Dhabi,July,Wednesday,Before noon,The first week,A fixed body was shocked outside the road,Speed without taking into account the road conditions,Yas Street One,Residential area,Yass Island,Double road,day,curve,No Clouds,dry,driver,Driver,death,19,Male,80,2,There is no,Not on or by (20) meters of a,1
1060,1060,1060,897533,2021,Abu Dhabi,May,Saturday,In the afternoon,the third week,Shock,Not to give priority to the infantry crossing,IPTen Zayed the First Intersection - Baniyas (Al Najda),Commercial area,Central,Intersection,day,Wicked (Bad),No Clouds,dry,driver,Bike,death,42,Female,60,4,It crosses the crossing lines,Vertical cross intersection,1
1061,1061,1061,897534,2021,Umm Al Quwain,September,Thursday,Before noon,The first week,Run,Al -Aburvi is a place of infantry for pedestrians,Sheikh Mohammed bin Zayed Street (Umm Al Qain - Ras Al Khaimah),Industrial area,Navel,Double road,Night - Enough lighting,Wicked (Bad),No Clouds,dry,pedestrian,There is no passenger,death,59,Male,120,3,There is no,Not on or by (20) meters of a,1
1062,1062,1062,897535,2021,Sharjah,March,Thursday,Evening,The first week,Run,Sudden deviation,Al Dhaid Street Al -Washah / Maliha,Commercial area,Al Dhaid / Sharjah,Individual,Night - Enough lighting,Wicked (Bad),No Clouds,dry,pedestrian,There is no passenger,death,36,Male,100,1,Familiar,Not on or by (20) meters of a,1
1063,1063,1063,897536,2021,Abu Dhabi,April,Wednesday,Before noon,the third week,Be shocked,Enter a major road without making sure that it is free,Al -Maqatra Street - Himim,Sandy area,Nerve,Intersection,day,Wicked (Bad),No Clouds,dry,passenger,Rapid in the back seat,death,30,Female,120,1,There is no,Vertical cross intersection,1
1064,1064,1064,897537,2021,Abu Dhabi,February,Wednesday,At noon,The first week,Be shocked,Preoccupation with the road while driving the vehicle in any way,General Street (Abu Dhabi - Commodities),Residential area,Port,public road,day,Wicked (Bad),No Clouds,dry,passenger,A passenger in the front seat,death,38,Male,160,4,There is no,Not at intersection,1
1065,1065,1065,897538,2021,Fujairah,January,Wednesday,At noon,The first week,Be shocked,Enter a major road without making sure that it is free,Al -Tuwayen Street,Industrial area,Sarram area,Intersection,day,Wicked (Bad),No Clouds,Temple,driver,Driver,death,21,Male,100,2,There is no,Hole,1
1066,1066,1066,897539,2021,Ajman,April,Wednesday,Before noon,fourth week,Deterioration,Sudden deviation,Khalifa Bin Zayed Street,Residential area,Rashidiya,Double road,day,Hole,No Clouds,dry,driver,Driver,death,25,Male,80,0,There is no,Not on or by (20) meters of a,1
1067,1067,1067,897540,2021,Abu Dhabi,Dec,Monday,Before noon,fourth week,Deterioration,Not adhering to the mandatory itinerary,Intimate Street,External road,intimate,Double road,day,Wicked (Bad),No Clouds,dry,passenger,Rapid in the back seat,death,41,Male,100,1,There is no,Not on or by (20) meters of a,1
1068,1068,1068,897541,2021,Abu Dhabi,November,Thursday,At noon,the third week,Cross -100,Overing from the right or ingredon is cautious,Umm Al -Nar Road / Shahama,Tunnel / Bridge,Khalifa City (a),bridge,day,Wicked (Bad),No Clouds,dry,driver,Bike,death,25,Male,60,2,There is no,Not on or by (20) meters of a,1
1069,1069,1069,897542,2021,Abu Dhabi,September,Wednesday,Evening,The fifth week,Shock,Overcoming the red light signal,Abu Dhabi Road - Al Ain,External road,Mohammed bin Zayed City,public road,Night - Enough lighting,Wicked (Bad),No Clouds,dry,driver,Driver,death,28,Male,80,3,There is no,Vertical cross intersection,1
1070,1070,1070,897543,2021,Abu Dhabi,October,Sunday,Evening,fourth week,A fixed body shocked the road,Preoccupation with the road while driving the vehicle in any way,International airport roads,Tunnel / Bridge,There is no definition of regions,public road,Night - Enough lighting,Wicked (Bad),No Clouds,dry,driver,Bike,death,26,Male,100,4,There is no,Not on or by (20) meters of a,1
1071,1071,1071,897544,2021,Umm Al Quwain,November,Monday,At noon,second week,Be shocked,Driving the vehicle under the influence of alcohol,Sheikh Mohammed bin Zayed Street (Umm Al Qain - Ras Al Khaimah),Petrol station,Navel,Double road,Night - Enough lighting,Wicked (Bad),No Clouds,dry,driver,Driver,death,56,Male,120,3,There is no,Not on or by (20) meters of a,1
1072,1072,1072,897545,2021,Abu Dhabi,February,Saturday,Before noon,second week,A fixed body shocked the road,Speed without taking into account the road conditions,Khalifa City Bridge,Residential area,The city of Shakhbout,Double road,day,Wicked (Bad),No Clouds,dry,driver,Driver,death,23,Male,80,3,There is no,vertigo,1
1073,1073,1073,897546,2021,Sharjah,September,Tuesday,Before noon,The first week,Be shocked,Negligence and lack of attention,Third industrial street,Industrial area,Third industrial,Individual,day,Wicked (Bad),No Clouds,dry,driver,Driver,death,43,Male,40,1,There is no,Not on or by (20) meters of a,1
1074,1074,1074,897547,2021,Sharjah,February,Tuesday,Before noon,second week,Deterioration,Sudden deviation,Khorfakkan Road,External road,Sharjah / Al Dhaid,Double road,day,Wicked (Bad),fog,dry,passenger,Rapid in the back seat,death,44,Male,120,2,There is no,Not on or by (20) meters of a,1
1075,1075,1075,897548,2021,Sharjah,January,Sunday,Evening,The first week,A fixed body shocked the road,Sudden deviation,Wadi Al -Madiq Street,Mountainous area,Sweet Valley,public road,Night - Enough lighting,Wicked (Bad),No Clouds,dry,driver,Driver,death,43,Male,60,2,There is no,Not on or by (20) meters of a,1
1076,1076,1076,897549,2021,Sharjah,November,Friday,Before noon,second week,Be shocked,Preoccupation with the road while driving the vehicle in any way,Al -Maliha Street / Kalba towards Kalba,External road,Al -Maliha Street / Kalba,Double road,day,Wicked (Bad),No Clouds,dry,passenger,Rapid in the back seat,death,15,Female,120,3,There is no,Not at intersection,1
1077,1077,1077,897550,2021,Ajman,January,Monday,Before noon,The first week,Run,Negligence and lack of attention,unknown,Petrol station,Hill,Individual,Night - without lighting,Wicked (Bad),No Clouds,dry,pedestrian,There is no passenger,death,44,Male,40,0,He crosses not on transit lines,Not on or by (20) meters of a,1
1078,1078,1078,897551,2021,Sharjah,February,Friday,Before noon,the third week,Deterioration,Sudden deviation,Hamriyah,Commercial area,Hamriyah,Bridge / tunnel,day,Wicked (Bad),No Clouds,dry,driver,Driver,death,35,Male,30,2,There is no,Others,1
1079,1079,1079,897552,2021,Abu Dhabi,January,Monday,Before noon,second week,Run,Not securing the rise and descent of passengers,Truck Road,External road,There is no definition of regions,Double road,Night - Enough lighting,Wicked (Bad),No Clouds,dry,pedestrian,There is no passenger,death,38,Male,80,4,There is no,Not on or by (20) meters of a,1
1080,1080,1080,897553,2021,Abu Dhabi,January,Saturday,In the afternoon,the third week,Deterioration,Not adhering to the mandatory itinerary,Zayed City Street (New),Sandy area,Habshan,vertigo,day,Wicked (Bad),No Clouds,dry,passenger,Rapid in the back seat,Simple,36,Male,50,2,There is no,vertigo,1
1081,1081,1081,897554,2021,Abu Dhabi,July,Saturday,Evening,The first week,Shock,Overcoming the red light signal,IP38 Zayed first intersection - 10 Street,Commercial area,The port,public road,Night - Enough lighting,Wicked (Bad),No Clouds,dry,driver,Driver,Simple,35,Male,60,4,There is no,Vertical cross intersection,1
1082,1082,1082,897555,2021,Sharjah,May,Friday,Before noon,fourth week,Shock,Preoccupation with the road while driving the vehicle in any way,Maliha Street,Residential area,Mud,Double road,Night - Enough lighting,Wicked (Bad),No Clouds,dry,passenger,Rapid in the back seat,Simple,18,Male,80,2,There is no,Hole,1
1083,1083,1083,897556,2021,Abu Dhabi,July,Friday,Before noon,fourth week,Shock,Preoccupation with the road while driving the vehicle using the phone,Yas Mall,Tunnel / Bridge,Yass Island,Double road,day,Wicked (Bad),No Clouds,Temple,passenger,Rapid in the back seat,Simple,42,Female,140,4,There is no,Not on or by (20) meters of a,1
1084,1084,1084,897557,2021,Abu Dhabi,Dec,Monday,In the afternoon,second week,Be shocked,Enter a major road without making sure that it is free,An internal street,Commercial area,Apparent,Intersection,Night - Enough lighting,Wicked (Bad),No Clouds,dry,driver,Driver,Simple,16,Male,40,2,There is no,Multi -legs intersection,1
1085,1085,1085,897558,2021,Sharjah,July,Sunday,In the afternoon,fourth week,Shock,Enter a major road without making sure that it is free,Abu Bakr Alseddeek street,garden,Comfort,Double road,day,Wicked (Bad),No Clouds,dry,driver,Driver,Simple,9,Male,40,2,There is no,Vertical cross intersection,1
1086,1086,1086,897559,2021,Abu Dhabi,November,Tuesday,Before noon,fourth week,Be shocked,Overcoming the red light signal,Khalifa Bin Shakhbout Street(Twenty Eight),Governmental,There is no definition of regions,Intersection,day,Wicked (Bad),No Clouds,dry,driver,Driver,Simple,71,Male,80,4,There is no,Increase deviant roads,1
1087,1087,1087,897560,2021,Abu Dhabi,October,Thursday,At noon,fourth week,Shock,Overcoming the red light signal - the arrow signal,Inner Street No. (Three),Residential area,There is no definition of regions,Intersection,day,Wicked (Bad),No Clouds,dry,driver,Driver,Simple,31,Male,60,4,There is no,Vertical cross intersection,1
1088,1088,1088,897561,2021,Sharjah,November,Thursday,Evening,The first week,Run,Negligence and lack of attention,Cooperation Street,Residential area,Gorgeous,Double road,Night - Enough lighting,Wicked (Bad),No Clouds,dry,pedestrian,There is no passenger,Simple,2,Male,60,3,He crosses not on transit lines,Not on or by (20) meters of a,1
1089,1089,1089,897562,2021,Sharjah,July,Monday,Before noon,fourth week,Shock,Preoccupation with the road while driving the vehicle in any way,Maliha Street,Residential area,Sword,Individual,day,Wicked (Bad),No Clouds,dry,driver,Driver,Simple,16,Male,40,1,There is no,Not at intersection,1
1090,1090,1090,897563,2021,Abu Dhabi,June,Saturday,At noon,the third week,Shock,Preoccupation with the road while driving the vehicle in any way,El-Shikh Zayed street,Residential area,There is no definition of regions,public road,day,Wicked (Bad),No Clouds,dry,driver,Driver,Simple,33,Male,120,4,There is no,Not at intersection,1
1091,1091,1091,897564,2021,Ras Al Khaimah,January,Wednesday,Before noon,fourth week,Be shocked,Negligence and lack of attention,Dqaladah Street,Governmental,Stagnation,public road,day,Wicked (Bad),No Clouds,Temple,passenger,Rapid in the back seat,Simple,43,Male,80,2,There is no,Hole,1
1092,1092,1092,897565,2021,Abu Dhabi,June,Sunday,Evening,the third week,Be shocked,Overcoming the red light signal,Intersection of the Arabian Gulf - Al Saada,garden,Supervisor,Intersection,day,Wicked (Bad),No Clouds,dry,passenger,Rapid in the back seat,Simple,25,Male,100,4,There is no,Not on or by (20) meters of a,1
1093,1093,1093,897566,2021,Ras Al Khaimah,January,Friday,At noon,The first week,Be shocked,Preoccupation with the road while driving the vehicle in any way,Jabal Jais Street,External road,Whisper,public road,day,Wicked (Bad),No Clouds,dry,driver,Driver,Simple,39,Male,40,1,There is no,Not on or by (20) meters of a,1
1094,1094,1094,897567,2021,Ras Al Khaimah,March,Monday,At noon,The fifth week,Non -moving,Tire explosion,Kadra Street - Dafta,External road,Disgust,Double road,day,Wicked (Bad),No Clouds,dry,driver,Driver,Simple,46,Male,120,2,There is no,Not on or by (20) meters of a,1
1095,1095,1095,897568,2021,Abu Dhabi,Dec,Monday,Before noon,fourth week,Shock,Negligence and lack of attention,Eastern Street (Al Traffic) (Four),Commercial area,Al Dhafra (Abu Dhabi),Intersection,day,Wicked (Bad),No Clouds,dry,driver,Bike,Simple,26,Male,100,3,There is no,Vertical cross intersection,1
1096,1096,1096,897569,2021,Abu Dhabi,July,Sunday,Before noon,The first week,Deterioration,Sudden deviation,An internal street,Others,My line,Other (select),day,Wicked (Bad),No Clouds,earthy,passenger,A passenger in the front seat,Simple,31,Male,20,0,There is no,Not at intersection,1
1097,1097,1097,897570,2021,Ras Al Khaimah,September,Wednesday,Evening,The first week,Be shocked,Preoccupation with the road while driving the vehicle using the phone,Mohammed bin Salem Street,Commercial area,Northern,public road,Night - Enough lighting,Wicked (Bad),No Clouds,Temple,driver,Driver,Simple,38,Male,80,3,There is no,Not at intersection,1
1098,1098,1098,897571,2021,Abu Dhabi,January,Thursday,In the afternoon,second week,Deterioration,Sudden deviation,Abu Dhabi Road - Al Ain,External road,Treasury Bridge,Double road,Night - Enough lighting,Wicked (Bad),No Clouds,dry,driver,Driver,Simple,23,Male,160,3,There is no,Not on or by (20) meters of a,1
1099,1099,1099,897572,2021,Ajman,January,Tuesday,Evening,The first week,Be shocked,Sudden deviation,Etihad Street,Commercial area,Naimia,Double road,Night - weak lighting,Wicked (Bad),No Clouds,dry,passenger,A passenger in the front seat,Simple,32,Male,40,0,There is no,Not on or by (20) meters of a,1
1100,1100,1100,897573,2021,Abu Dhabi,January,Wednesday,In the afternoon,the third week,Be shocked,Overcoming the red light signal,Zayed First Street,Residential area,Fold,Double road,Night - Enough lighting,Wicked (Bad),No Clouds,dry,passenger,Rapid in the back seat,Simple,56,Female,80,3,There is no,Multi -legs intersection,1
1101,1101,1101,897574,2021,Abu Dhabi,October,Thursday,Evening,the third week,Run,Negligence and lack of attention,Zayed the First Intersection - Al Salam,Commercial area,Central,Individual,Night - Enough lighting,Wicked (Bad),No Clouds,dry,pedestrian,There is no passenger,Simple,14,Male,40,1,He crosses not on transit lines,Not on or by (20) meters of a,1
1102,1102,1102,897575,2021,Ajman,October,Friday,Evening,the third week,Shock,Not leaving enough distance,Etihad Street,Commercial area,Naimia,Double road,Night - Enough lighting,Wicked (Bad),No Clouds,dry,passenger,A passenger in the front seat,Simple,17,Female,50,0,There is no,A meeting of half -vertical roads,1
1103,1103,1103,897576,2021,Sharjah,August,Tuesday,At noon,second week,Shock,Negligence and lack of attention,Al Dhaid Sharjah Street,Governmental,Miserable,Double road,day,Wicked (Bad),No Clouds,dry,driver,Driver,Simple,25,Female,100,3,There is no,Not on or by (20) meters of a,1
1104,1104,1104,897577,2021,Abu Dhabi,November,Friday,At noon,the third week,Shock,Overcoming the red light signal,Sultan Bin Zayed the First Street (Thirty Two),Governmental,There is no definition of regions,Intersection,day,Wicked (Bad),No Clouds,dry,driver,Driver,Simple,38,Male,80,4,There is no,Vertical cross intersection,1
1105,1105,1105,897578,2021,Sharjah,March,Saturday,Evening,fourth week,Shock,Not adhering to the mandatory itinerary,Al Dhaid Sharjah Street,an airport,Sharjah International Airport,Double road,Night - Enough lighting,Wicked (Bad),No Clouds,dry,driver,Driver,Simple,53,Female,120,3,There is no,Not at intersection,1
1106,1106,1106,897579,2021,Abu Dhabi,Dec,Wednesday,Evening,second week,Deterioration,Driving without a driver's license at all,An internal street,Commercial area,More,Individual,Night - without lighting,Wicked (Bad),No Clouds,dry,passenger,Bike,Simple,25,Male,40,2,There is no,Not at intersection,1
1107,1107,1107,897580,2021,Fujairah,March,Thursday,Evening,second week,Run,Not to give priority to the infantry crossing,Corniche Street towards the Maritime Club,Residential area,Room,Double road,Night - Enough lighting,Wicked (Bad),No Clouds,Temple,pedestrian,There is no passenger,Simple,61,Female,60,3,He crosses not on transit lines,Not on or by (20) meters of a,1
1108,1108,1108,897581,2021,Abu Dhabi,November,Tuesday,At noon,second week,A fixed body was shocked outside the road,Negligence and lack of attention,Zayed the First Street(Seven),Commercial area,There is no definition of regions,parking,day,Wicked (Bad),No Clouds,dry,driver,Driver,Simple,61,Male,40,1,There is no,Not on or by (20) meters of a,1
1109,1109,1109,897582,2021,Abu Dhabi,June,Saturday,Evening,fourth week,Shock,Overcoming the red light signal,IPFortyFour Peace Intersection - Hazaa Bin Zayed The First,Commercial area,Al Dhafra (Abu Dhabi),Intersection,Night - Enough lighting,Wicked (Bad),No Clouds,dry,passenger,A passenger in the front seat,Simple,50,Female,80,3,There is no,Vertical cross intersection,1
1110,1110,1110,897583,2021,Abu Dhabi,Dec,Thursday,In the afternoon,the third week,Shock,Preoccupation with the road while driving the vehicle in any way,Al -Mafraq Al -Shawamik Street,Tunnel / Bridge,Al -Shamekha Bridge,Double road,Night - Enough lighting,Wicked (Bad),No Clouds,Temple,passenger,Rapid in the back seat,Simple,11,Female,80,3,There is no,Not on or by (20) meters of a,1
1111,1111,1111,897584,2021,Abu Dhabi,November,Thursday,Before noon,fourth week,Shock,Enter a major road without making sure that it is free,Hamdan Bin Mohammed Street(Five),Commercial area,Central,Intersection,day,Wicked (Bad),No Clouds,dry,driver,Bike,Simple,31,Male,80,4,There is no,Vertical cross intersection,1
1112,1112,1112,897585,2021,Ajman,Dec,Monday,At noon,fourth week,Run,Negligence and lack of attention,Sheikh Hamid bin Rashid Al Nuaimi Street,Commercial area,Rumor,Individual,Night - Enough lighting,Wicked (Bad),No Clouds,dry,pedestrian,There is no passenger,Simple,37,Female,30,0,There is no,Not on or by (20) meters of a,1
1113,1113,1113,897586,2021,Abu Dhabi,June,Saturday,Evening,the third week,Shock,Preoccupation with the road while driving the vehicle in any way,Sheikh Maktoum Bin Rashid Street,Tunnel / Bridge,Sayeh Al -Sidair,Individual,Night - Enough lighting,Wicked (Bad),No Clouds,dry,passenger,Rapid in the back seat,Simple,26,Male,120,4,There is no,Not on or by (20) meters of a,1
1114,1114,1114,897587,2021,Abu Dhabi,June,Sunday,Evening,the third week,Be shocked,Overcoming the red light signal,Intersection of the Arabian Gulf - Al Saada,garden,Supervisor,Intersection,day,Wicked (Bad),No Clouds,dry,passenger,Rapid in the back seat,Simple,38,Male,100,4,There is no,Not on or by (20) meters of a,1
1115,1115,1115,897588,2021,Abu Dhabi,May,Tuesday,Evening,The first week,Cross -100,Overcoming the red light signal,Industrial tunnel signal intersection,Commercial area,Mutawa,Intersection,Night - Enough lighting,Wicked (Bad),No Clouds,dry,driver,Driver,Simple,30,Male,100,3,There is no,Multi -legs intersection,1
1116,1116,1116,897589,2021,Abu Dhabi,November,Monday,Evening,the third week,Be shocked,Not adhering to the mandatory itinerary,El-Shikh Zayed street,Tunnel / Bridge,Sa`da Bridge,public road,Night - Enough lighting,Wicked (Bad),No Clouds,dry,driver,Driver,Simple,27,Male,100,4,There is no,Not at intersection,1
1117,1117,1117,897590,2021,Abu Dhabi,November,Sunday,Before noon,second week,Shock,Not leaving enough distance,Sheikh Khalifa Bridge,Tunnel / Bridge,Sa'adiat Island,bridge,day,Wicked (Bad),No Clouds,dry,passenger,Rapid in the back seat,Simple,37,Male,100,4,There is no,Not at intersection,1
1118,1118,1118,897591,2021,Umm Al Quwain,May,Sunday,Before noon,The fifth week,Shock,Preoccupation with the road while driving the vehicle in any way,Kabir Street,Petrol station,Kabir area,Double road,Night - Enough lighting,Wicked (Bad),No Clouds,dry,driver,Driver,Simple,33,Female,120,3,There is no,Not on or by (20) meters of a,1
1119,1119,1119,897592,2021,Sharjah,August,Sunday,At noon,the third week,Non -moving,Sudden deviation,University City Street,Petrol station,Shahba,Other (select),day,Wicked (Bad),No Clouds,dry,driver,Driver,Simple,20,Male,40,0,There is no,Not on or by (20) meters of a,1
1120,1120,1120,897593,2021,Abu Dhabi,Dec,Sunday,Evening,The first week,Shock,Not adhering to the mandatory itinerary,Arabian Gulf Street(Thirty),Others,Khalidiya,public road,Night - Enough lighting,Wicked (Bad),No Clouds,dry,driver,Driver,Simple,23,Male,120,4,There is no,Not at intersection,1
1121,1121,1121,897594,2021,Abu Dhabi,Dec,Sunday,At noon,the third week,Deterioration,Preoccupation with the road while driving the vehicle in any way,Abu Dhabi Road - Al Ain,Residential area,Mohammed bin Zayed City,Double road,day,Wicked (Bad),No Clouds,dry,driver,Driver,Simple,12,Male,40,2,There is no,Not on or by (20) meters of a,1
1122,1122,1122,897595,2021,Sharjah,May,Saturday,Evening,The fifth week,Run,Not to give priority to the infantry crossing,Sharjah Ring Street,Residential area,Garage,Double road,Night - Enough lighting,Wicked (Bad),No Clouds,dry,pedestrian,There is no passenger,Simple,24,Female,60,3,He crosses not on transit lines,Not on or by (20) meters of a,1
1123,1123,1123,897596,2021,Abu Dhabi,Dec,Saturday,In the afternoon,fourth week,Consecutive,Not leaving enough distance,Rashid between Sayed Al Maktoum Street (Tah),Commercial area,There is no definition of regions,public road,Night - Enough lighting,Wicked (Bad),No Clouds,dry,passenger,A passenger in the front seat,Simple,36,Male,80,4,There is no,Not at intersection,1
1124,1124,1124,897597,2021,Abu Dhabi,April,Thursday,In the afternoon,second week,Be shocked,Overcoming the red light signal,Municipal Street,Mosque,Objectionable,Double road,Night - Enough lighting,Wicked (Bad),No Clouds,dry,passenger,Rapid in the back seat,Simple,13,Male,80,3,There is no,Multi -legs intersection,1
1125,1125,1125,897598,2021,Abu Dhabi,May,Saturday,Evening,The fifth week,Shock,Driving without a driver's license at all,Ghiasi Shari,Residential area,Ghiasi,Individual,Night - Enough lighting,Wicked (Bad),No Clouds,dry,passenger,Rapid in the back seat,Simple,11,Male,40,1,There is no,Not on or by (20) meters of a,1
1126,1126,1126,897599,2021,Abu Dhabi,February,Wednesday,At noon,fourth week,Deterioration,Driving a vehicle in a way that puts his life or the lives of others at risk,Ghiasi Shari,Mosque,Ghiasi,Double road,day,Wicked (Bad),No Clouds,dry,passenger,A passenger in the front seat,Simple,18,Male,80,2,There is no,A meeting of half -vertical roads,1
1127,1127,1127,897600,2021,Umm Al Quwain,July,Wednesday,Before noon,fourth week,Be shocked,Overing from the right or ingredon is cautious,International Federation Street,Commercial area,The Rafeh area,Double road,day,Wicked (Bad),No Clouds,dry,driver,Driver,Simple,35,Male,80,2,There is no,Not on or by (20) meters of a,1
1128,1128,1128,897601,2021,Ras Al Khaimah,April,Monday,Evening,The first week,Shock,Negligence and lack of attention,Al -Saadi Street,Governmental,Stagnation,public road,Night - Enough lighting,crowded,No Clouds,Temple,driver,Driver,Simple,61,Male,100,2,There is no,Not at intersection,1
1129,1129,1129,897602,2021,Abu Dhabi,July,Monday,Evening,The first week,Run,Not to give priority to the infantry crossing,Hamdan Bin Mohammed Street(Five),Commercial area,There is no definition of regions,public road,Night - Enough lighting,Wicked (Bad),No Clouds,dry,passenger,Bike,Simple,32,Female,80,3,He crosses not on transit lines,Not at intersection,1
1130,1130,1130,897603,2021,Ras Al Khaimah,March,Friday,At noon,fourth week,Be shocked,Preoccupation with the road while driving the vehicle in any way,Al -Ittihad Street near the National School,Residential area,Southern,Intersection,day,Other (select),No Clouds,dry,driver,Driver,Simple,48,Female,30,2,There is no,Not on or by (20) meters of a,1
1131,1131,1131,897604,2021,Sharjah,August,Sunday,At noon,the third week,Non -moving,Sudden deviation,University City Street,Petrol station,Shahba,Other (select),day,Wicked (Bad),No Clouds,dry,driver,Driver,Simple,56,Male,40,0,There is no,Not on or by (20) meters of a,1
1132,1132,1132,897605,2021,Sharjah,March,Saturday,At noon,fourth week,Cross -100,Sudden deviation,Al Dhaid Street Kadra,External road,Al -Dhaid / Marafi,Individual,day,Wicked (Bad),No Clouds,dry,driver,Driver,Simple,30,Male,60,1,There is no,Not on or by (20) meters of a,1
1133,1133,1133,897606,2021,Ras Al Khaimah,Dec,Wednesday,At noon,The fifth week,Shock,Enter a major road without making sure that it is free,Al -Kharan Street,Commercial area,Hurry,Double road,day,Wicked (Bad),No Clouds,Temple,driver,Driver,Simple,31,Female,80,2,There is no,Hole,1
1134,1134,1134,897607,2021,Sharjah,November,Friday,Before noon,second week,Be shocked,Preoccupation with the road while driving the vehicle in any way,Al -Maliha Street / Kalba towards Kalba,External road,Al -Maliha Street / Kalba,Double road,day,Wicked (Bad),No Clouds,dry,passenger,Rapid in the back seat,Simple,12,Male,120,3,There is no,Not at intersection,1
1135,1135,1135,897608,2021,Abu Dhabi,October,Tuesday,In the afternoon,second week,A fixed body was shocked outside the road,Preoccupation with the road while driving the vehicle in any way,Abu Dhabi Road - Al Ain,Residential area,Mohammed bin Zayed City,Double road,Night - Enough lighting,Wicked (Bad),No Clouds,dry,passenger,Rapid in the back seat,Simple,28,Female,60,2,There is no,Not on or by (20) meters of a,1
1136,1136,1136,897609,2021,Abu Dhabi,July,Sunday,Evening,the third week,Be shocked,Not adhering to the mandatory itinerary,Sultan Bin Zayed the First Street (Thirty Two),Commercial area,There is no definition of regions,public road,Night - Enough lighting,Wicked (Bad),No Clouds,dry,driver,Bike,Simple,30,Male,80,4,There is no,Not on or by (20) meters of a,1
1137,1137,1137,897610,2021,Sharjah,October,Sunday,Evening,second week,Shock,Negligence and lack of attention,Al -Qareem Street,Residential area,Nouf,Double road,day,Wicked (Bad),No Clouds,dry,driver,Bike,Simple,26,Male,80,2,There is no,Not on or by (20) meters of a,1
1138,1138,1138,897611,2021,Abu Dhabi,October,Tuesday,Before noon,The first week,Shock,Preoccupation with the road while driving the vehicle in any way,International airport roads,External road,Khalifa City (a),Double road,day,Wicked (Bad),No Clouds,dry,driver,Driver,Simple,54,Male,120,4,There is no,Not on or by (20) meters of a,1
1139,1139,1139,897612,2021,Abu Dhabi,April,Monday,Evening,The first week,Run,Not to give priority to the infantry crossing,Hamdan Bin Mohammed Street(Five),Commercial area,Central,Individual,Night - Enough lighting,Wicked (Bad),No Clouds,dry,pedestrian,There is no passenger,Simple,30,Female,20,1,He crosses pedestrian crossing lines,Not on or by (20) meters of a,1
1140,1140,1140,897613,2021,Abu Dhabi,June,Thursday,Evening,second week,Shock,Preoccupation with the road while driving the vehicle in any way,Sweihan Road,Tunnel / Bridge,The farmer,public road,Night - Enough lighting,Wicked (Bad),No Clouds,dry,passenger,A passenger in the front seat,Simple,21,Male,140,4,There is no,Not on or by (20) meters of a,1
1141,1141,1141,897614,2021,Abu Dhabi,January,Sunday,Evening,the third week,Run,Preoccupation with the road while driving the vehicle in any way,Abu Dhabi Road - Al Ain,Residential area,Bani Yas (East),Double road,Night - Enough lighting,Wicked (Bad),No Clouds,dry,pedestrian,There is no passenger,Simple,47,Male,80,3,He crosses pedestrian crossing lines,Not on or by (20) meters of a,1
1142,1142,1142,897615,2021,Abu Dhabi,August,Tuesday,At noon,the third week,Shock,Enter a major road without making sure that it is free,Sultan Bin Zayed the First Street (Thirty Two),Commercial area,There is no definition of regions,public road,day,Wicked (Bad),No Clouds,dry,driver,Driver,Simple,24,Male,80,4,There is no,Not on or by (20) meters of a,1
1143,1143,1143,897616,2021,Abu Dhabi,January,Monday,Evening,second week,Deterioration,Driving without a driver's license at all,Armored road,External road,New industrial bridge,Double road,Night - Enough lighting,Wicked (Bad),No Clouds,dry,driver,Driver,Simple,21,Male,120,4,There is no,Not on or by (20) meters of a,1