,Unnamed: 0.1,Unnamed: 0,Fake ID,Year,City,Month,Day,Time,Week,Type Of Accident,Reasons,Street,Place,Area,Location,Lighting,Road Condition,Weather Condition,Road surface,Lay injured,Injured seat,Degree of injury,Age of the injured,The person's gender,Speed of the road,Number of tracks,Pedestrian behavior,Intersection,Total
1144,1144,1144,897617,2021,Abu Dhabi,October,Wednesday,In the afternoon,the third week,Shock,Not adhering to the mandatory itinerary,Khalifa City Bridge,Residential area,The city of Shakhbout,vertigo,day,Wicked (Bad),No Clouds,dry,passenger,Rapid in the back seat,Simple,28,Male,60,3,There is no,vertigo,1
1145,1145,1145,897618,2021,Abu Dhabi,Dec,Monday,Evening,fourth week,Shock,Not leaving enough distance,Sheikh Zayed Tunnel - Sheikh Zayed Street,Tunnel / Bridge,There is no definition of regions,public road,day,Wicked (Bad),No Clouds,dry,passenger,Rapid in the back seat,Simple,41,Female,120,4,There is no,Not at intersection,1
1146,1146,1146,897619,2021,Sharjah,May,Thursday,In the afternoon,fourth week,Deterioration,Not adhering to the mandatory itinerary,Main Street,Governmental,University city,Individual,day,Wicked (Bad),No Clouds,dry,driver,Driver,Simple,32,Male,30,2,There is no,Not on or by (20) meters of a,1
1147,1147,1147,897620,2021,Abu Dhabi,January,Sunday,In the afternoon,The first week,Shock,Enter a major road without making sure that it is free,Al Ain Street - Abuiriya,External road,Abu Kira,Double road,Night - Enough lighting,Wicked (Bad),No Clouds,dry,driver,Driver,Simple,39,Male,140,2,There is no,Hole,1
1148,1148,1148,897621,2021,Sharjah,May,Friday,Evening,second week,Deterioration,Sudden deviation,Khorfakkan Road,Tunnel / Bridge,Al -Saqq tunnel to the square tunnel,public road,Night - Enough lighting,Wicked (Bad),No Clouds,dry,driver,Driver,Simple,25,Male,100,2,There is no,Not on or by (20) meters of a,1
1149,1149,1149,897622,2021,Abu Dhabi,October,Wednesday,Before noon,fourth week,Run,Not to make the road / not to give the brigades,Mina Street(Three),hospital,There is no definition of regions,Intersection,day,Wicked (Bad),No Clouds,dry,pedestrian,There is no passenger,Simple,33,Female,80,3,It crosses the crossing lines,Vertical cross intersection,1
1150,1150,1150,897623,2021,Abu Dhabi,October,Thursday,Before noon,The first week,Shock,Overcoming the red light signal - the arrow signal,Sultan Bin Zayed the First Street (Thirty Two),Governmental,There is no definition of regions,Intersection,day,Wicked (Bad),No Clouds,dry,passenger,Rapid in the back seat,Simple,18,Female,100,3,There is no,Vertical cross intersection,1
1151,1151,1151,897624,2021,Sharjah,April,Thursday,At noon,The first week,Be shocked,Negligence and lack of attention,corneche Street,garden,Alive,public road,day,Wicked (Bad),No Clouds,dry,driver,Driver,Simple,31,Male,60,2,It crosses the crossing lines,Not on or by (20) meters of a,1
1152,1152,1152,897625,2021,Fujairah,April,Sunday,In the afternoon,second week,Consecutive,Not leaving enough distance,Sheikh Maktoum Bin Rashid Street,External road,Thoban area,Double road,day,crowded,No Clouds,Temple,driver,Driver,Simple,34,Male,100,2,There is no,Not on or by (20) meters of a,1
1153,1153,1153,897626,2021,Abu Dhabi,January,Sunday,Evening,second week,Be shocked,Failure to adhere to traffic signs,Riyadh city,Residential area,There is no definition of regions,Intersection,day,Wicked (Bad),No Clouds,dry,passenger,Rapid in the back seat,Simple,54,Male,60,2,There is no,Multi -legs intersection,1
1154,1154,1154,897627,2021,Ras Al Khaimah,October,Tuesday,Evening,fourth week,Shock,Negligence and lack of attention,Al -Fahlin Street,Residential area,Stagnation,Individual,Night - Enough lighting,Wicked (Bad),No Clouds,Temple,driver,Driver,Simple,35,Male,60,1,There is no,Not on or by (20) meters of a,1
1155,1155,1155,897628,2021,Abu Dhabi,March,Thursday,Evening,The first week,Run,Negligence and lack of attention,Khalifa Bin Shakhbout Street(Twenty Eight),Residential area,There is no definition of regions,public road,Night - Enough lighting,Wicked (Bad),No Clouds,dry,driver,Driver,Simple,36,Female,60,2,He crosses pedestrian crossing lines,Not on or by (20) meters of a,1
1156,1156,1156,897629,2021,Abu Dhabi,September,Wednesday,At noon,the third week,Run,Negligence and lack of attention,Mohammed Bin Khalifa Street(Fifteen),School,There is no definition of regions,Dhuatatin Road,day,crowded,No Clouds,dry,pedestrian,There is no passenger,Simple,26,Male,40,2,There is no,Vertical cross intersection,1
1157,1157,1157,897630,2021,Ras Al Khaimah,April,Sunday,In the afternoon,second week,Deterioration,Driving a vehicle in a way that puts his life or the lives of others at risk,Al -Munai’i Street,Others,Al -Munai’i,Out of the way,day,Other (select),cloudy,dry,passenger,A passenger in the front seat,Simple,20,Male,10,0,There is no,Not on or by (20) meters of a,1
1158,1158,1158,897631,2021,Sharjah,February,Friday,In the afternoon,second week,Cross -100,Negligence and lack of attention,Sheikh Mohammed bin Zayed Street,Sandy area,Hamriyah,Other (select),day,Wicked (Bad),No Clouds,Sand,driver,Bike,Simple,24,Male,10,1,There is no,Not on or by (20) meters of a,1
1159,1159,1159,897632,2021,Fujairah,February,Monday,Evening,fourth week,Be shocked,Preoccupation with the road while driving the vehicle in any way,A profitable street -,External road,Village,Double road,Night - Enough lighting,Wicked (Bad),No Clouds,Temple,driver,Driver,Simple,53,Male,80,3,There is no,Not at intersection,1
1160,1160,1160,897633,2021,Abu Dhabi,Dec,Thursday,At noon,second week,Cross -100,Enter a major road without making sure that it is free,Khalifa Al Mubarak Street,Residential area,Ventricle,Individual,day,Wicked (Bad),No Clouds,dry,passenger,Rapid in the back seat,Simple,50,Female,40,1,There is no,A meeting of half -vertical roads,1
1161,1161,1161,897634,2021,Abu Dhabi,June,Wednesday,Evening,second week,Shock,Preoccupation with the road while driving the vehicle in any way,Armored road,Tunnel / Bridge,Industrial armored bridge,Individual,day,Wicked (Bad),No Clouds,dry,passenger,Rapid in the back seat,Simple,43,Male,100,3,There is no,Not on or by (20) meters of a,1
1162,1162,1162,897635,2021,Abu Dhabi,May,Friday,In the afternoon,second week,Cross -100,Sudden deviation,Armored road,Industrial area,Industrial armored bridge,Dhuatatin Road,day,Wicked (Bad),No Clouds,Temple,driver,Driver,Simple,38,Male,40,2,There is no,Not on or by (20) meters of a,1
1163,1163,1163,897636,2021,Abu Dhabi,June,Saturday,Evening,the third week,Shock,Preoccupation with the road while driving the vehicle in any way,Sheikh Maktoum Bin Rashid Street,Tunnel / Bridge,Sayeh Al -Sidair,Individual,Night - Enough lighting,Wicked (Bad),No Clouds,dry,passenger,Rapid in the back seat,Simple,49,Male,120,4,There is no,Not on or by (20) meters of a,1
1164,1164,1164,897637,2021,Sharjah,May,Sunday,Before noon,fourth week,Shock,Sudden deviation,Sheikh Khalid bin Mohammed Al Qasimi Street,Commercial area,Sheikh Khaled Road,Double road,Night - Enough lighting,Wicked (Bad),No Clouds,dry,driver,Driver,Simple,31,Male,60,2,There is no,Not on or by (20) meters of a,1
1165,1165,1165,897638,2021,Ras Al Khaimah,October,Saturday,At noon,second week,Shock,Enter a major road without making sure that it is free,Sheikh Rashid bin Saeed Street,Residential area,Northern,public road,day,Wicked (Bad),No Clouds,Temple,driver,Driver,Simple,22,Male,80,2,There is no,Hole,1
1166,1166,1166,897639,2021,Abu Dhabi,January,Thursday,In the afternoon,The first week,Be shocked,Overcoming the red light signal,Shakhboot Bin Sultan Street,Petrol station,Merkhania,Double road,Night - Enough lighting,Wicked (Bad),No Clouds,dry,passenger,Rapid in the back seat,Simple,48,Female,100,4,There is no,Multi -legs intersection,1
1167,1167,1167,897640,2021,Abu Dhabi,October,Sunday,Evening,the third week,Shock,Overcoming the red light signal - the arrow signal,East Intersection (Traffic) - Twenty First fifth Street,Commercial area,Humper saffron,Intersection,Night - Enough lighting,Wicked (Bad),No Clouds,dry,passenger,Rapid in the back seat,Simple,5,Male,80,3,There is no,Vertical cross intersection,1
1168,1168,1168,897641,2021,Abu Dhabi,November,Friday,Evening,The first week,A fixed body was shocked outside the road,Driving the vehicle under the influence of alcohol,Mohammed Bin Khalifa Street(Fifteen),garden,dignity,vertigo,Night - Enough lighting,Wicked (Bad),No Clouds,dry,driver,Driver,Simple,24,Male,60,3,There is no,Not on or by (20) meters of a,1
1169,1169,1169,897642,2021,Ras Al Khaimah,October,Thursday,Evening,the third week,Run,Negligence and lack of attention,Airport Street - Ras Al Khaimah,Commercial area,Stagnation,Double road,Night - Enough lighting,Wicked (Bad),No Clouds,dry,driver,Driver,Simple,30,Male,100,2,There is no,Not at intersection,1
1170,1170,1170,897643,2021,Sharjah,March,Tuesday,Evening,the third week,Consecutive,Not leaving enough distance,Asim Bin Omar Street,garden,Rivalry,Individual,Night - Enough lighting,Wicked (Bad),No Clouds,dry,driver,Driver,Simple,24,Male,40,1,There is no,Not at intersection,1
1171,1171,1171,897644,2021,Abu Dhabi,June,Friday,At noon,The first week,Cross -100,Driving without a driver's license at all,Al -Mafraq Al -Shawamik Street,Residential area,Bani Yas (East),Dhuatatin Road,day,Wicked (Bad),No Clouds,dry,driver,Driver,Simple,31,Male,60,2,There is no,Not on or by (20) meters of a,1
1172,1172,1172,897645,2021,Abu Dhabi,May,Sunday,At noon,the third week,Cross -100,Not adhering to the mandatory itinerary,Hamdan Bin Mohammed Street(Five),Commercial area,Central,Individual,day,Wicked (Bad),No Clouds,dry,driver,Bike,Simple,22,Male,20,1,There is no,A meeting of half -vertical roads,1
1173,1173,1173,897646,2021,Abu Dhabi,November,Tuesday,In the afternoon,second week,Be shocked,Not adhering to the mandatory itinerary,Rashid between Sayed Al Maktoum Street (Tah),Commercial area,Air Roundabout,vertigo,Night - Enough lighting,Wicked (Bad),No Clouds,dry,driver,Bike,Simple,27,Male,60,3,He crosses not on transit lines,vertigo,1
1174,1174,1174,897647,2021,Ras Al Khaimah,May,Monday,Evening,the third week,Run,Negligence and lack of attention,Mohammed bin Salem Street near Al -Rifaa,School,The Red Island,Individual,Night - without lighting,Wicked (Bad),No Clouds,Temple,pedestrian,There is no passenger,Simple,31,Male,40,1,He crosses not on transit lines,Not on or by (20) meters of a,1
1175,1175,1175,897648,2021,Abu Dhabi,January,Thursday,In the afternoon,The first week,Be shocked,Overcoming the red light signal,Shakhboot Bin Sultan Street,Petrol station,Merkhania,Double road,Night - Enough lighting,Wicked (Bad),No Clouds,dry,passenger,A passenger in the front seat,Simple,14,Male,100,4,There is no,Multi -legs intersection,1
1176,1176,1176,897649,2021,Ras Al Khaimah,January,Friday,Evening,The first week,A fixed body shocked the road,Sudden deviation,Kadra area,Mountainous area,Disgust,public road,Night - Enough lighting,Wicked (Bad),No Clouds,dry,passenger,A passenger in the front seat,Simple,17,Male,120,2,There is no,Not on or by (20) meters of a,1
1177,1177,1177,897650,2021,Abu Dhabi,August,Wednesday,Evening,the third week,Shock,Preoccupation with the road while driving the vehicle in any way,There is no definition,External road,Between the two bridges,public road,day,Wicked (Bad),No Clouds,dry,passenger,Rapid in the back seat,Simple,32,Male,80,3,There is no,Not at intersection,1
1178,1178,1178,897651,2021,Ras Al Khaimah,January,Wednesday,Before noon,fourth week,Be shocked,Negligence and lack of attention,Dqaladah Street,Governmental,Stagnation,public road,day,Wicked (Bad),No Clouds,Temple,passenger,Rapid in the back seat,Simple,21,Male,80,2,There is no,Hole,1
1179,1179,1179,897652,2021,Abu Dhabi,June,Wednesday,Evening,fourth week,Shock,Preoccupation with the road while driving the vehicle in any way,Armored road,Industrial area,Industrial armored bridge,Double road,Night - Enough lighting,Wicked (Bad),No Clouds,Temple,driver,Driver,Simple,29,Male,80,2,There is no,Not on or by (20) meters of a,1
1180,1180,1180,897653,2021,Sharjah,June,Saturday,Evening,The first week,A fixed body shocked the road,Sudden deviation,Omar bin al-Khattab Street,Commercial area,Butter,public road,Night - Enough lighting,Wicked (Bad),No Clouds,dry,driver,Driver,Simple,19,Male,60,2,There is no,Not on or by (20) meters of a,1
1181,1181,1181,897654,2021,Abu Dhabi,September,Tuesday,Before noon,the third week,Run,Driving without a driver's license at all,Sheikh Maktoum Bin Rashid Street,Commercial area,magnanimity,Double road,day,Wicked (Bad),No Clouds,dry,pedestrian,There is no passenger,Simple,28,Male,40,2,Familiar,Vertical cross intersection,1
1182,1182,1182,897655,2021,Abu Dhabi,Dec,Sunday,Before noon,The first week,Shock,Overcoming the red light signal,Rashid between Sayed Al Maktoum Street (Tah),Commercial area,Air Roundabout,Intersection,day,Wicked (Bad),No Clouds,dry,driver,Driver,Simple,29,Female,100,4,There is no,Vertical cross intersection,1
1183,1183,1183,897656,2021,Abu Dhabi,Dec,Tuesday,Evening,the third week,Shock,Overcoming the red light signal,Reem Island,Mosque,Reem Island,Intersection,Night - Enough lighting,Wicked (Bad),No Clouds,dry,passenger,Rapid in the back seat,Simple,63,Female,80,3,There is no,Vertical cross intersection,1
1184,1184,1184,897657,2021,Fujairah,May,Thursday,Before noon,second week,A fixed body was shocked outside the road,Sudden deviation,A profitable street -,Residential area,Village,public road,day,Wicked (Bad),No Clouds,Temple,passenger,A passenger in the front seat,Simple,19,Male,120,3,There is no,Not on or by (20) meters of a,1
1185,1185,1185,897658,2021,Abu Dhabi,March,Thursday,Evening,The first week,Consecutive,Driving without a driver's license at all,An internal street,Residential area,Salamat,Dhuatatin Road,Night - Enough lighting,Wicked (Bad),No Clouds,dry,driver,Bike,Simple,15,Male,40,2,There is no,Not at intersection,1
1186,1186,1186,897659,2021,Ras Al Khaimah,November,Monday,Before noon,The fifth week,Deterioration,Enter a major road without making sure that it is free,Sheikh Rashid bin Saeed Street,School,Northern,Double road,day,Wicked (Bad),No Clouds,Temple,driver,Driver,Simple,35,Female,100,2,There is no,Not on or by (20) meters of a,1
1187,1187,1187,897660,2021,Umm Al Quwain,November,Thursday,Evening,the third week,Deterioration,Sudden deviation,Sheikh Mohammed bin Zayed Street (Umm Al Qain - Ras Al Khaimah),Petrol station,Navel,Double road,Night - Enough lighting,Wicked (Bad),No Clouds,dry,passenger,Rapid in the back seat,Simple,52,Male,120,3,There is no,Not on or by (20) meters of a,1
1188,1188,1188,897661,2021,Abu Dhabi,November,Tuesday,Evening,fourth week,Run,Al -Aburvi is a place of infantry for pedestrians,There is no definition,Commercial area,Industrial Archbishop,Individual,Night - Enough lighting,Wicked (Bad),No Clouds,dry,pedestrian,There is no passenger,Simple,40,Female,80,3,He crosses not on transit lines,Not on or by (20) meters of a,1
1189,1189,1189,897662,2021,Sharjah,October,Monday,At noon,second week,Run,Not to give priority to the infantry crossing,Sheikh Khalid bin Khalid Al Qasimi Street,Residential area,Hoys,Double road,day,Wicked (Bad),No Clouds,dry,pedestrian,There is no passenger,Simple,55,Female,60,2,He crosses not on transit lines,Hole,1
1190,1190,1190,897663,2021,Ajman,August,Saturday,Evening,fourth week,Be shocked,Not adhering to the mandatory itinerary,Sheikh Mohammed bin Zayed Street,Petrol station,Hill,Double road,day,Wicked (Bad),No Clouds,dry,driver,Driver,Simple,40,Male,120,0,There is no,Not on or by (20) meters of a,1
1191,1191,1191,897664,2021,Fujairah,May,Wednesday,In the afternoon,fourth week,Be shocked,Enter a major road without making sure that it is free,Sheikh Maktoum Bin Rashid Street,Mountainous area,Alfrafar area,public road,Night - Enough lighting,Wicked (Bad),No Clouds,Temple,driver,Driver,Simple,31,Male,100,2,There is no,Not on or by (20) meters of a,1
1192,1192,1192,897665,2021,Abu Dhabi,February,Saturday,At noon,The first week,Shock,Preoccupation with the road while driving the vehicle in any way,Abu Dhabi Road - Al Ain,Tunnel / Bridge,Sas Al Nakhl Bridge,Double road,Night - Enough lighting,Wicked (Bad),No Clouds,Temple,driver,Bike,Medium,27,Male,120,4,There is no,Not on or by (20) meters of a,1
1193,1193,1193,897666,2021,Abu Dhabi,September,Wednesday,Before noon,fourth week,Deterioration,Sudden deviation,Tarif road,External road,intimate,Dhuatatin Road,day,Wicked (Bad),No Clouds,Temple,driver,Driver,Medium,35,Male,100,2,There is no,Not at intersection,1
1194,1194,1194,897667,2021,Abu Dhabi,Dec,Thursday,At noon,The first week,Shock,Not leaving enough distance,Al Ain Street - Dubai,External road,housing,Double road,day,Wicked (Bad),No Clouds,dry,driver,Driver,Medium,50,Male,140,4,There is no,Not at intersection,1
1195,1195,1195,897668,2021,Abu Dhabi,Dec,Thursday,Evening,The fifth week,Cross -100,Speed without taking into account the road conditions,Khalifa Al Mubarak Street,Residential area,Ventricle,vertigo,Night - Enough lighting,Wicked (Bad),No Clouds,dry,driver,Driver,Medium,17,Male,60,3,There is no,vertigo,1
1196,1196,1196,897669,2021,Abu Dhabi,January,Thursday,In the afternoon,The first week,Be shocked,Overcoming the red light signal,Shakhboot Bin Sultan Street,Petrol station,Merkhania,Double road,Night - Enough lighting,Wicked (Bad),No Clouds,dry,passenger,Rapid in the back seat,Medium,6,Female,100,4,There is no,Multi -legs intersection,1
1197,1197,1197,897670,2021,Abu Dhabi,Dec,Monday,At noon,fourth week,Shock,Not leaving enough distance,Sheikh Maktoum Bin Rashid Street,External road,Toxic,public road,day,Wicked (Bad),No Clouds,dry,driver,Driver,Medium,23,Male,140,4,There is no,Not on or by (20) meters of a,1
1198,1198,1198,897671,2021,Abu Dhabi,June,Wednesday,At noon,The first week,Shock,Failure to adhere to traffic signs,El-Shikh Zayed street,Residential area,There is no definition of regions,public road,day,Wicked (Bad),No Clouds,dry,passenger,A passenger in the front seat,Medium,40,Female,120,4,There is no,Not at intersection,1
1199,1199,1199,897672,2021,Sharjah,February,Tuesday,Evening,the third week,Be shocked,Driving under the influence of intoxicant or anesthetic,Imran bin Tarim Square,Residential area,Ramtha,vertigo,Night - Enough lighting,Wicked (Bad),No Clouds,dry,driver,Driver,Medium,44,Female,60,2,There is no,vertigo,1
1200,1200,1200,897673,2021,Sharjah,March,Wednesday,Evening,second week,Shock,Return back without making sure that the road is free,Nahda Street,Residential area,Nomination,Other (select),Night - Enough lighting,Wicked (Bad),No Clouds,dry,driver,Driver,Medium,7,Male,40,1,There is no,Not on or by (20) meters of a,1
1201,1201,1201,897674,2021,Abu Dhabi,Dec,Monday,At noon,second week,Shock,Sudden deviation,Sheikh Maktoum Bin Rashid Street,Tunnel / Bridge,The Bridge of Huma,Individual,day,Wicked (Bad),No Clouds,dry,driver,Driver,Medium,36,Male,140,4,There is no,Not on or by (20) meters of a,1
1202,1202,1202,897675,2021,Ajman,October,Sunday,Before noon,The first week,Run,Negligence and lack of attention,unknown,Commercial area,Industrial,Individual,Night - Enough lighting,Wicked (Bad),No Clouds,dry,pedestrian,There is no passenger,Medium,46,Male,60,0,He crosses not on transit lines,Not on or by (20) meters of a,1
1203,1203,1203,897676,2021,Abu Dhabi,January,Thursday,Evening,The first week,Shock,Fatigue and drowsiness,Tarif road,External road,intimate,public road,Night - Enough lighting,Wicked (Bad),No Clouds,dry,driver,Driver,Medium,47,Male,160,4,There is no,Not at intersection,1
1204,1204,1204,897677,2021,Abu Dhabi,January,Friday,Evening,second week,Be shocked,Sudden deviation,Tarif road,Governmental,Al Dhafra Air Force Base,Double road,Night - without lighting,Wicked (Bad),No Clouds,dry,driver,Driver,Medium,26,Male,80,2,There is no,Not on or by (20) meters of a,1
1205,1205,1205,897678,2021,Ras Al Khaimah,June,Tuesday,Evening,the third week,Be shocked,Not adhering to the mandatory itinerary,Al -Jazeera Street behind the ceramic,Others,The Red Island,Dhuatatin Road,Night - Enough lighting,Wicked (Bad),No Clouds,Temple,driver,Driver,Medium,33,Male,40,2,There is no,Not at intersection,1
1206,1206,1206,897679,2021,Abu Dhabi,April,Sunday,In the afternoon,second week,Shock,Enter a major road without making sure that it is free,There is no definition,Commercial area,Industrial Archbishop,Double road,Night - Enough lighting,Wicked (Bad),No Clouds,dry,driver,Driver,Medium,32,Male,80,4,There is no,Not on or by (20) meters of a,1
1207,1207,1207,897680,2021,Abu Dhabi,March,Monday,At noon,fourth week,Run,Al -Aburvi is a place of infantry for pedestrians,Banias Street (Al Najd) (Sex),Commercial area,There is no definition of regions,Double road,day,Wicked (Bad),No Clouds,dry,pedestrian,There is no passenger,Medium,34,Male,80,3,He crosses not on transit lines,Not on or by (20) meters of a,1
1208,1208,1208,897681,2021,Abu Dhabi,May,Thursday,In the afternoon,fourth week,Run,Preoccupation with the road while driving the vehicle in any way,Abu Dhabi Road - Al Ain,Residential area,Bani Yas (East),Individual,Night - Enough lighting,Wicked (Bad),No Clouds,Temple,pedestrian,There is no passenger,Medium,66,Male,60,3,He crosses not on transit lines,Not at intersection,1
1209,1209,1209,897682,2021,Abu Dhabi,March,Wednesday,Evening,The first week,A fixed body was shocked outside the road,Not adhering to the mandatory itinerary,An internal street,Residential area,Northern Al -Yahr,Double road,Night - Enough lighting,Wicked (Bad),No Clouds,dry,passenger,A passenger in the front seat,Medium,8,Male,40,2,There is no,Not at intersection,1
1210,1210,1210,897683,2021,Abu Dhabi,May,Wednesday,Before noon,the third week,Be shocked,Overcoming the red light signal,Abu Dhabi Road - Al Ain,Residential area,Mohammed bin Zayed City,Intersection,day,Wicked (Bad),No Clouds,dry,driver,Driver,Medium,36,Female,60,3,There is no,Vertical cross intersection,1
1211,1211,1211,897684,2021,Ras Al Khaimah,November,Thursday,At noon,The first week,Be shocked,Enter a major road without making sure that it is free,Asma intersection,Others,Inconsistent,Double road,day,Wicked (Bad),No Clouds,Temple,driver,Driver,Medium,37,Female,80,2,There is no,Vertical cross intersection,1
1212,1212,1212,897685,2021,Ajman,July,Thursday,Before noon,fourth week,Run,Negligence and lack of attention,unknown,Commercial area,Cliff,Individual,Night - Enough lighting,Wicked (Bad),No Clouds,dry,pedestrian,There is no passenger,Medium,3,Male,40,0,He crosses not on transit lines,Not on or by (20) meters of a,1
1213,1213,1213,897686,2021,Sharjah,Dec,Tuesday,In the afternoon,The first week,Run,Overing from the right or ingredon is cautious,Sheikh Saqr bin Khalid Al Qasimi Street,Residential area,Stupidity,Other (select),day,Wicked (Bad),No Clouds,dry,pedestrian,There is no passenger,Medium,8,Male,40,1,There is no,Others,1
1214,1214,1214,897687,2021,Ajman,November,Monday,At noon,the third week,Shock,Not leaving enough distance,Sheikh Rashid Bin Humaid Street,Commercial area,Rumor,Double road,day,Wicked (Bad),No Clouds,dry,pedestrian,There is no passenger,Medium,9,Male,50,0,There is no,Vertical cross intersection,1
1215,1215,1215,897688,2021,Abu Dhabi,April,Friday,Evening,fourth week,Run,Preoccupation with the road while driving the vehicle in any way,Sheikh Maktoum Bin Rashid Street,Agricultural area,magnanimity,Double road,Night - without lighting,Wicked (Bad),No Clouds,dry,pedestrian,There is no passenger,Medium,34,Male,40,2,There is no,Not on or by (20) meters of a,1
1216,1216,1216,897689,2021,Abu Dhabi,October,Wednesday,Before noon,second week,Shock,Not leaving enough distance,Arabian Gulf Street(Thirty),Residential area,Bridge bridge,public road,day,Wicked (Bad),No Clouds,dry,driver,Driver,Medium,23,Female,100,4,There is no,Not at intersection,1
1217,1217,1217,897690,2021,Abu Dhabi,March,Monday,In the afternoon,The first week,Shock,Not adhering to the mandatory itinerary,Intereke Fen Hamdan between Muhammad - Rashid between Sayed Al Maktoum,Commercial area,Central (West),Intersection,Night - Enough lighting,Wicked (Bad),No Clouds,dry,pedestrian,There is no passenger,Medium,32,Male,80,3,Familiar,Vertical cross intersection,1
1218,1218,1218,897691,2021,Ajman,Dec,Thursday,Before noon,The first week,Run,Negligence and lack of attention,unknown,Commercial area,Industrial cliff 1,Double road,Night - Enough lighting,Wicked (Bad),No Clouds,dry,pedestrian,There is no passenger,Medium,29,Female,60,1,He crosses not on transit lines,Not on or by (20) meters of a,1
1219,1219,1219,897692,2021,Abu Dhabi,March,Wednesday,Evening,The fifth week,Shock,Negligence and lack of attention,There is no definition,Residential area,Between the two bridges,public road,day,Wicked (Bad),No Clouds,dry,passenger,A passenger in the front seat,Medium,33,Female,120,4,There is no,Not at intersection,1
1220,1220,1220,897693,2021,Ras Al Khaimah,May,Wednesday,Evening,second week,Be shocked,Preoccupation with the road while driving the vehicle in any way,Mohammed bin Salem Street,Residential area,Southern,Intersection,Night - without lighting,Wicked (Bad),No Clouds,Temple,driver,Bike,Medium,23,Male,60,1,There is no,Not on or by (20) meters of a,1
1221,1221,1221,897694,2021,Abu Dhabi,June,Wednesday,Evening,the third week,Be shocked,Negligence and lack of attention,Sultan Bin Zayed the First Street (Thirty Two),Commercial area,There is no definition of regions,public road,Night - Enough lighting,Wicked (Bad),No Clouds,dry,driver,Driver,Medium,33,Male,60,2,There is no,Not at intersection,1
1222,1222,1222,897695,2021,Abu Dhabi,October,Wednesday,Evening,fourth week,Shock,Not leaving enough distance,Sheikh Mohammed bin Rashid Al Maktoum Street,Tunnel / Bridge,-,public road,Night - Enough lighting,Wicked (Bad),No Clouds,dry,passenger,Rapid in the back seat,Medium,30,Male,140,4,There is no,Not on or by (20) meters of a,1
1223,1223,1223,897696,2021,Sharjah,January,Thursday,Before noon,the third week,Run,Negligence and lack of attention,Al -Wahda Street,Residential area,The first industrial,parking,day,Wicked (Bad),No Clouds,dry,pedestrian,There is no passenger,Medium,49,Male,20,1,There is no,Not on or by (20) meters of a,1
1224,1224,1224,897697,2021,Abu Dhabi,November,Wednesday,Evening,the third week,Be shocked,Enter a major road without making sure that it is free,Khalifa Al Mubarak Street,Residential area,Ventricle,vertigo,Night - Enough lighting,Wicked (Bad),No Clouds,dry,driver,Driver,Medium,31,Male,60,3,There is no,Not on or by (20) meters of a,1
1225,1225,1225,897698,2021,Abu Dhabi,November,Tuesday,In the afternoon,The first week,Shock,Preoccupation with the road while driving the vehicle in any way,Riyadh city,Residential area,There is no definition of regions,Intersection,Night - Enough lighting,Wicked (Bad),No Clouds,Temple,driver,Bike,Medium,27,Male,60,2,There is no,Multi -legs intersection,1
1226,1226,1226,897699,2021,Abu Dhabi,June,Wednesday,At noon,The first week,Consecutive,Preoccupation with the road while driving the vehicle in any way,Truck Street,Tunnel / Bridge,Bare,Double road,day,Wicked (Bad),No Clouds,dry,passenger,A passenger in the front seat,Medium,23,Male,120,3,There is no,Not at intersection,1
1227,1227,1227,897700,2021,Abu Dhabi,February,Wednesday,Before noon,second week,Shock,Preoccupation with the road while driving the vehicle in any way,Truck Road (Abu Dhabi-Al Ain),Tunnel / Bridge,There is no definition of regions,Double road,day,Wicked (Bad),No Clouds,dry,passenger,A passenger in the front seat,Medium,25,Male,80,2,There is no,Not on or by (20) meters of a,1
1228,1228,1228,897701,2021,Ras Al Khaimah,March,Monday,At noon,The fifth week,Non -moving,Tire explosion,Kadra Street - Dafta,External road,Disgust,Double road,day,Wicked (Bad),No Clouds,dry,passenger,Rapid in the back seat,Medium,42,Female,120,2,It crosses the crossing lines,Not on or by (20) meters of a,1
1229,1229,1229,897702,2021,Fujairah,February,Friday,At noon,The first week,Shock,Enter a major road without making sure that it is free,Village signals intersection,Others,Village,Double road,day,crowded,No Clouds,dry,passenger,A passenger in the front seat,Medium,34,Male,100,2,There is no,Hole,1
1230,1230,1230,897703,2021,Sharjah,July,Thursday,At noon,the third week,Shock,Negligence and lack of attention,Khan Street,Residential area,Khalidiya,Double road,day,Wicked (Bad),No Clouds,dry,passenger,A passenger in the front seat,Medium,33,Female,60,2,There is no,Not on or by (20) meters of a,1