,Unnamed: 0.1,Unnamed: 0,Fake ID,Year,City,Month,Day,Time,Week,Type Of Accident,Reasons,Street,Place,Area,Location,Lighting,Road Condition,Weather Condition,Road surface,Lay injured,Injured seat,Degree of injury,Age of the injured,The person's gender,Speed of the road,Number of tracks,Pedestrian behavior,Intersection,Total
1231,1231,1231,897704,2021,Abu Dhabi,November,Monday,Evening,The fifth week,Run,Preoccupation with the road while driving the vehicle in any way,Toward,Residential area,Tall,Individual,Night - Enough lighting,Wicked (Bad),No Clouds,dry,pedestrian,There is no passenger,Medium,59,Male,60,1,He crosses not on transit lines,Vertical cross intersection,1
1232,1232,1232,897705,2021,Ajman,Dec,Monday,At noon,second week,Run,Negligence and lack of attention,unknown,Commercial area,Industrial generator 3,Double road,Night - without lighting,Wicked (Bad),No Clouds,dry,pedestrian,There is no passenger,Medium,59,Male,40,0,He crosses not on transit lines,Not on or by (20) meters of a,1
1233,1233,1233,897706,2021,Sharjah,September,Tuesday,Before noon,fourth week,Shock,Preoccupation with the road while driving the vehicle in any way,Al -Zahra Street,Mosque,Umm Al -Tarafa,Double road,day,Wicked (Bad),No Clouds,dry,driver,Bike,Medium,44,Male,60,3,It crosses the crossing lines,Not on or by (20) meters of a,1
1234,1234,1234,897707,2021,Abu Dhabi,Dec,Saturday,At noon,The first week,Shock,Not leaving enough distance,There is no definition,Residential area,Between the two bridges,Intersection,day,Wicked (Bad),No Clouds,dry,driver,Driver,Medium,33,Female,80,4,There is no,Vertical cross intersection,1
1235,1235,1235,897708,2021,Abu Dhabi,October,Wednesday,Before noon,second week,Shock,Preoccupation with the road while driving the vehicle in any way,Arabian Gulf Street(Thirty),Governmental,There is no definition of regions,public road,day,crowded,No Clouds,dry,driver,Driver,Medium,35,Male,120,4,There is no,Not at intersection,1
1236,1236,1236,897709,2021,Sharjah,July,Saturday,In the afternoon,fourth week,Run,Preoccupation with the road while driving the vehicle in any way,King Abdulaziz Street,Mosque,Bushra,Individual,Night - Enough lighting,Wicked (Bad),No Clouds,dry,pedestrian,There is no passenger,Medium,34,Female,40,1,There is no,Not on or by (20) meters of a,1
1237,1237,1237,897710,2021,Abu Dhabi,November,Thursday,Evening,fourth week,Shock,Preoccupation with the road while driving the vehicle in any way,Hazaa Bin Zayed the First Street(Eleven),Commercial area,Palace,public road,Night - Enough lighting,Wicked (Bad),No Clouds,dry,driver,Bike,Medium,33,Male,80,2,There is no,Not at intersection,1
1238,1238,1238,897711,2021,Ras Al Khaimah,June,Tuesday,At noon,second week,Cross -100,Exaggeration in a place where transgression is forbidden,Wadi Galila Street,Intersection,Whisper,Individual,day,Wicked (Bad),No Clouds,Temple,passenger,A passenger in the front seat,Medium,49,Male,60,1,There is no,A meeting of half -vertical roads,1
1239,1239,1239,897712,2021,Sharjah,May,Sunday,Before noon,The first week,Shock,Enter a major road without making sure that it is free,Tower Square,Residential area,Khan,Other (select),Night - Enough lighting,Wicked (Bad),No Clouds,dry,driver,Driver,Medium,26,Male,60,2,There is no,Hole,1
1240,1240,1240,897713,2021,Ras Al Khaimah,September,Thursday,Before noon,The first week,Shock,Sudden deviation,Emirates Street Transit Street,Sandy area,Stagnation,public road,day,Wicked (Bad),No Clouds,Temple,driver,Driver,Medium,43,Female,120,4,There is no,Not on or by (20) meters of a,1
1241,1241,1241,897714,2021,Abu Dhabi,November,Thursday,At noon,fourth week,A fixed body was shocked outside the road,Not adhering to the mandatory itinerary,Shabeh roundabout (Al -Sarooj),Residential area,Sage,vertigo,day,Wicked (Bad),No Clouds,dry,driver,Driver,Medium,35,Female,80,2,There is no,vertigo,1
1242,1242,1242,897715,2021,Abu Dhabi,October,Tuesday,Before noon,The first week,Shock,Preoccupation with the road while driving the vehicle in any way,International airport roads,External road,Khalifa City (a),Double road,day,Wicked (Bad),No Clouds,dry,passenger,A passenger in the front seat,Medium,45,Female,120,4,There is no,Not on or by (20) meters of a,1
1243,1243,1243,897716,2021,Ajman,March,Saturday,Before noon,The first week,Shock,Not leaving enough distance,El-Shikh Zayed street,Commercial area,Cliff,Double road,Night - Enough lighting,Wicked (Bad),No Clouds,dry,driver,Driver,Medium,56,Male,80,0,There is no,Not on or by (20) meters of a,1
1244,1244,1244,897717,2021,Abu Dhabi,May,Monday,Evening,second week,Be shocked,Overcoming the red light signal,Hilton Roundabout (East - Western),Residential area,Sage,Intersection,Night - Enough lighting,Wicked (Bad),No Clouds,dry,passenger,Rapid in the back seat,Medium,42,Male,80,3,There is no,Multi -legs intersection,1
1245,1245,1245,897718,2021,Abu Dhabi,March,Thursday,Before noon,fourth week,Shock,Overcoming the red light signal - the arrow signal,IPSeventyFiveD Eastern Intersection (Traffic) - Street Thirty One,Governmental,Humper saffron,Intersection,day,Wicked (Bad),No Clouds,dry,passenger,Rapid in the back seat,Medium,25,Female,80,5,There is no,Vertical cross intersection,1
1246,1246,1246,897719,2021,Abu Dhabi,March,Saturday,Before noon,the third week,Be shocked,Preoccupation with the road while driving the vehicle in any way,Old Truck Street,External road,There is no definition of regions,Double road,day,Wicked (Bad),No Clouds,dry,driver,Driver,Medium,28,Male,100,2,There is no,Not at intersection,1
1247,1247,1247,897720,2021,Abu Dhabi,March,Sunday,In the afternoon,fourth week,Run,Preoccupation with the road while driving the vehicle in any way,Inner Street No. (Three),Governmental,There is no definition of regions,Double road,Night - without lighting,Wicked (Bad),No Clouds,dry,pedestrian,There is no passenger,Medium,44,Male,60,2,He crosses not on transit lines,Not on or by (20) meters of a,1
1248,1248,1248,897721,2021,Abu Dhabi,October,Friday,Before noon,The fifth week,Shock,Not leaving enough distance,Zayed City Street (New),Petrol station,Zayed City,Double road,Night - Enough lighting,Wicked (Bad),No Clouds,dry,driver,Driver,Medium,38,Male,140,2,There is no,Not on or by (20) meters of a,1
1249,1249,1249,897722,2021,Abu Dhabi,October,Thursday,Evening,the third week,Shock,Sudden deviation,Sheikh Maktoum Bin Rashid Street,External road,There is no definition of regions,Double road,Night - Enough lighting,Wicked (Bad),No Clouds,dry,passenger,A passenger in the front seat,Medium,46,Male,140,4,There is no,Not on or by (20) meters of a,1
1250,1250,1250,897723,2021,Abu Dhabi,March,Sunday,In the afternoon,fourth week,Shock,Return back without making sure that the road is free,There is no definition,Commercial area,Industrial Archbishop,parking,day,Wicked (Bad),No Clouds,dry,driver,Bike,Medium,29,Male,40,2,There is no,Not on or by (20) meters of a,1
1251,1251,1251,897724,2021,Ras Al Khaimah,Dec,Monday,Evening,second week,Shock,Not leaving enough distance,Al -Ghail area,External road,Inconsistent,public road,Night - Enough lighting,Wicked (Bad),No Clouds,Temple,passenger,A passenger in the front seat,Medium,29,Male,100,2,There is no,Not at intersection,1
1252,1252,1252,897725,2021,Ras Al Khaimah,July,Wednesday,Before noon,The first week,Run,Preoccupation with the road while driving the vehicle in any way,Al -Jazza Street,Commercial area,Palm,public road,day,Wicked (Bad),No Clouds,Temple,pedestrian,There is no passenger,Medium,48,Male,60,2,He crosses pedestrian crossing lines,Not at intersection,1
1253,1253,1253,897726,2021,Abu Dhabi,June,Monday,In the afternoon,fourth week,Be shocked,Not adhering to the mandatory itinerary,Khalifa City Bridge,Residential area,The city of Shakhbout,parking,Night - Enough lighting,Wicked (Bad),No Clouds,dry,driver,Driver,Medium,14,Male,40,2,There is no,Not on or by (20) meters of a,1
1254,1254,1254,897727,2021,Abu Dhabi,Dec,Monday,At noon,fourth week,Shock,Not leaving enough distance,Sheikh Maktoum Bin Rashid Street,External road,Toxic,public road,day,Wicked (Bad),No Clouds,dry,driver,Driver,Medium,44,Male,140,4,There is no,Not on or by (20) meters of a,1
1255,1255,1255,897728,2021,Sharjah,June,Tuesday,At noon,the third week,Run,Not to give priority to the infantry crossing,Sheikh Saqr bin Khalid Al Qasimi Street,Residential area,Yarmouk,Double road,day,Wicked (Bad),No Clouds,dry,pedestrian,There is no passenger,Medium,38,Male,60,3,He crosses not on transit lines,Not on or by (20) meters of a,1
1256,1256,1256,897729,2021,Sharjah,April,Tuesday,Before noon,fourth week,Run,Negligence and lack of attention,Nahda Street,Residential area,Nomination,Individual,day,Wicked (Bad),No Clouds,dry,pedestrian,There is no passenger,Medium,42,Female,40,1,Familiar,Not on or by (20) meters of a,1
1257,1257,1257,897730,2021,Abu Dhabi,February,Saturday,In the afternoon,second week,Shock,Not leaving enough distance,Mohammed Bin Khalifa Street(Fifteen),Commercial area,There is no definition of regions,public road,Night - Enough lighting,Wicked (Bad),No Clouds,dry,driver,Bike,Medium,26,Male,60,3,There is no,Not at intersection,1
1258,1258,1258,897731,2021,Abu Dhabi,June,Thursday,Evening,fourth week,Deterioration,Driving the vehicle under the influence of alcohol,Abu Dhabi Road - Al Ain,External road,Spear,Double road,Night - Enough lighting,Wicked (Bad),No Clouds,dry,driver,Driver,Medium,52,Male,100,2,There is no,Not at intersection,1
1259,1259,1259,897732,2021,Sharjah,September,Sunday,Evening,the third week,Consecutive,Preoccupation with the road while driving the vehicle in any way,Emirates Street,External road,Buda’i,Double road,Night - Enough lighting,Wicked (Bad),No Clouds,dry,passenger,A passenger in the front seat,Medium,38,Male,120,3,There is no,Not on or by (20) meters of a,1
1260,1260,1260,897733,2021,Sharjah,October,Saturday,Before noon,The fifth week,Deterioration,Sudden deviation,Hamriyah,Residential area,Hamriyah,Individual,Night - without lighting,Wicked (Bad),No Clouds,Sand,passenger,Rapid in the back seat,Medium,17,Male,10,1,There is no,Not on or by (20) meters of a,1
1261,1261,1261,897734,2021,Abu Dhabi,August,Sunday,In the afternoon,The fifth week,Be shocked,Not to make the road / not to give the brigades,Hili Games City Roundabout,garden,Healer,vertigo,Night - Enough lighting,Wicked (Bad),No Clouds,dry,driver,Driver,Medium,69,Female,80,3,There is no,vertigo,1
1262,1262,1262,897735,2021,Abu Dhabi,October,Monday,In the afternoon,the third week,Be shocked,Overcoming the red light signal,Municipal Street,Residential area,Objectionable,Double road,day,Wicked (Bad),No Clouds,dry,driver,Driver,Medium,26,Male,80,3,There is no,Multi -legs intersection,1
1263,1263,1263,897736,2021,Sharjah,January,Tuesday,Evening,the third week,Be shocked,Not adhering to the mandatory itinerary,Cooperation Street,Others,Gorgeous,vertigo,Night - Enough lighting,Wicked (Bad),No Clouds,dry,driver,Driver,Medium,25,Male,40,3,There is no,vertigo,1
1264,1264,1264,897737,2021,Abu Dhabi,June,Thursday,Evening,second week,Shock,Preoccupation with the road while driving the vehicle in any way,Sweihan Road,Tunnel / Bridge,The farmer,public road,Night - Enough lighting,Wicked (Bad),No Clouds,dry,driver,Driver,Medium,41,Male,140,4,There is no,Not on or by (20) meters of a,1
1265,1265,1265,897738,2021,Abu Dhabi,February,Saturday,Evening,The first week,A fixed body was shocked outside the road,Driving the vehicle under the influence of alcohol,Khalid bin Sultan Street,Residential area,Al -Mijiei,vertigo,Night - Enough lighting,Wicked (Bad),No Clouds,dry,driver,Driver,Medium,30,Male,100,3,There is no,vertigo,1
1266,1266,1266,897739,2021,Abu Dhabi,May,Monday,Evening,second week,Be shocked,Overcoming the red light signal,Hilton Roundabout (East - Western),Residential area,Sage,Intersection,Night - Enough lighting,Wicked (Bad),No Clouds,dry,passenger,Rapid in the back seat,Medium,39,Male,80,3,There is no,Multi -legs intersection,1
1267,1267,1267,897740,2021,Abu Dhabi,November,Tuesday,Before noon,The first week,Deterioration,Not adhering to the mandatory itinerary,General Street (Abu Dhabi - Commodities),External road,Funny,public road,day,Wicked (Bad),No Clouds,dry,passenger,A passenger in the front seat,Medium,48,Male,160,4,There is no,Not at intersection,1
1268,1268,1268,897741,2021,Sharjah,February,Monday,At noon,second week,Deterioration,Sudden deviation,Hamriyah,Commercial area,Hamriyah,vertigo,day,Wicked (Bad),No Clouds,dry,driver,Driver,Medium,22,Male,20,2,There is no,vertigo,1
1269,1269,1269,897742,2021,Abu Dhabi,Dec,Thursday,At noon,The first week,Shock,Enter a major road without making sure that it is free,Al Ain Street - Abuiriya,External road,Abu Kira,Double road,day,Wicked (Bad),No Clouds,dry,driver,Driver,Medium,27,Female,140,2,There is no,Hole,1
1270,1270,1270,897743,2021,Sharjah,March,Tuesday,Before noon,fourth week,A fixed body was shocked outside the road,Preoccupation with the road while driving the vehicle in any way,Kalba Sharjah Street,Mountainous area,Sweet Valley,public road,day,Wicked (Bad),No Clouds,dry,driver,Driver,Medium,40,Female,100,3,There is no,Others,1
1271,1271,1271,897744,2021,Abu Dhabi,January,Wednesday,At noon,second week,Deterioration,Driving without a driver's license at all,Mazerah Street - Arada,Agricultural area,Miserable,Double road,day,Wicked (Bad),No Clouds,dry,driver,Driver,Medium,17,Male,100,3,There is no,Not on or by (20) meters of a,1
1272,1272,1272,897745,2021,Abu Dhabi,April,Wednesday,Evening,the third week,Shock,Driving without a driver's license at all,Nahel Street - Al Ain,External road,All regions,Double road,Night - Enough lighting,Wicked (Bad),No Clouds,dry,driver,Driver,Medium,23,Male,120,2,There is no,Not at intersection,1
1273,1273,1273,897746,2021,Abu Dhabi,January,Wednesday,Before noon,the third week,A fixed body shocked the road,Driving the vehicle under the influence of alcohol,Al Ain Street - Al -Wajan - Al -Qaa,External road,Aqeer,Double road,Night - Enough lighting,Wicked (Bad),No Clouds,dry,driver,Driver,Medium,38,Male,100,3,There is no,Not on or by (20) meters of a,1
1274,1274,1274,897747,2021,Abu Dhabi,Dec,Monday,Before noon,second week,Shock,Not leaving enough distance,El-Shikh Zayed street,Governmental,Bridge of happiness,Individual,day,Wicked (Bad),No Clouds,dry,driver,Bike,Medium,27,Male,120,4,There is no,Not on or by (20) meters of a,1
1275,1275,1275,897748,2021,Abu Dhabi,Dec,Friday,At noon,the third week,Be shocked,Enter a major road without making sure that it is free,An internal street,Residential area,Northern Al -Yahr,Double road,day,Wicked (Bad),No Clouds,dry,driver,Driver,Medium,44,Male,40,2,There is no,Not on or by (20) meters of a,1
1276,1276,1276,897749,2021,Abu Dhabi,August,Monday,In the afternoon,The first week,Be shocked,Preoccupation with the road while driving the vehicle in any way,El-Shikh Zayed street,Residential area,There is no definition of regions,public road,Night - Enough lighting,Wicked (Bad),No Clouds,dry,driver,Bike,Medium,22,Male,80,5,There is no,Not at intersection,1
1277,1277,1277,897750,2021,Abu Dhabi,February,Friday,Evening,fourth week,Shock,Not leaving enough distance,Abu Dhabi Road - Al Ain,Residential area,Treasury Bridge,Other (select),Night - Enough lighting,Wicked (Bad),No Clouds,dry,passenger,Rapid in the back seat,Medium,14,Male,160,4,There is no,Not on or by (20) meters of a,1
1278,1278,1278,897751,2021,Sharjah,November,Friday,Evening,fourth week,Deterioration,Driving under the influence of intoxicant or anesthetic,Sheikh Mohammed bin Zayed Street,Governmental,Mawlh,public road,Night - Enough lighting,Wicked (Bad),No Clouds,dry,driver,Driver,Medium,24,Male,120,6,There is no,Not on or by (20) meters of a,1
1279,1279,1279,897752,2021,Abu Dhabi,July,Friday,In the afternoon,the third week,Shock,Preoccupation with the road while driving the vehicle in any way,Sweihan Road,External road,Sweihan,public road,day,Wicked (Bad),No Clouds,dry,driver,Driver,Medium,57,Male,140,2,There is no,Not at intersection,1
1280,1280,1280,897753,2021,Abu Dhabi,October,Friday,Evening,The first week,Shock,Overcoming the red light signal,Zayed the First Street(Seven),Residential area,Central,Intersection,Night - Enough lighting,Wicked (Bad),No Clouds,dry,passenger,Rapid in the back seat,Medium,56,Male,80,4,There is no,Vertical cross intersection,1
1281,1281,1281,897754,2021,Abu Dhabi,January,Thursday,Evening,The first week,Shock,Fatigue and drowsiness,Tarif road,External road,intimate,public road,Night - Enough lighting,Wicked (Bad),No Clouds,dry,passenger,A passenger in the front seat,Medium,32,Male,160,4,There is no,Not at intersection,1
1282,1282,1282,897755,2021,Abu Dhabi,October,Friday,In the afternoon,The fifth week,Shock,Not leaving enough distance,corneche Street,Commercial area,The port,Individual,Night - Enough lighting,Wicked (Bad),No Clouds,dry,passenger,A passenger in the front seat,Medium,6,Male,80,4,There is no,Not on or by (20) meters of a,1
1283,1283,1283,897756,2021,Abu Dhabi,October,Sunday,In the afternoon,The fifth week,Shock,Preoccupation with the road while driving the vehicle in any way,Sweihan Road,Tunnel / Bridge,The farmer,Double road,Night - Enough lighting,Wicked (Bad),No Clouds,dry,driver,Driver,Medium,29,Male,140,4,There is no,Not on or by (20) meters of a,1
1284,1284,1284,897757,2021,Ras Al Khaimah,January,Friday,Evening,The first week,Shock,Negligence and lack of attention,Emirates Street Transit Street,Others,Stagnation,public road,day,Wicked (Bad),No Clouds,Temple,driver,Bike,Medium,35,Male,100,3,There is no,Not at intersection,1
1285,1285,1285,897758,2021,Abu Dhabi,October,Monday,At noon,the third week,Run,Return back without making sure that the road is free,Al -Mafraq Al -Shawamik Street,Residential area,Bani Yas (East),Other (select),day,Wicked (Bad),No Clouds,earthy,pedestrian,There is no passenger,Medium,21,Male,40,1,There is no,Not on or by (20) meters of a,1
1286,1286,1286,897759,2021,Ras Al Khaimah,November,Monday,At noon,The first week,Be shocked,Not adhering to the mandatory itinerary,Dahisha Street,Residential area,Soothing,Double road,day,Wicked (Bad),No Clouds,Temple,driver,Bike,Medium,22,Male,60,2,There is no,Not on or by (20) meters of a,1
1287,1287,1287,897760,2021,Fujairah,June,Saturday,At noon,The first week,Shock,Return back without making sure that the road is free,corneche Street,Petrol station,Room,public road,day,Wicked (Bad),No Clouds,dry,driver,Driver,Medium,23,Male,60,2,There is no,Not on or by (20) meters of a,1
1288,1288,1288,897761,2021,Abu Dhabi,May,Wednesday,Evening,second week,Be shocked,Enter a major road without making sure that it is free,Nahyan First Street,Residential area,full,Double road,Night - Enough lighting,Wicked (Bad),No Clouds,dry,driver,Driver,Medium,33,Male,100,3,There is no,vertigo,1
1289,1289,1289,897762,2021,Sharjah,June,Wednesday,Before noon,The first week,Be shocked,Not adhering to the mandatory itinerary,Al -Orouba Street,Commercial area,Choiites,Individual,Night - Enough lighting,Wicked (Bad),No Clouds,dry,driver,Driver,Medium,22,Male,60,2,There is no,Not on or by (20) meters of a,1
1290,1290,1290,897763,2021,Abu Dhabi,November,Thursday,Evening,The first week,Shock,Preoccupation with the road while driving the vehicle in any way,Omar bin Abdul Aziz Street,Residential area,Merkhania,public road,Night - Enough lighting,Wicked (Bad),No Clouds,dry,driver,Bike,Medium,26,Male,80,2,There is no,Not at intersection,1
1291,1291,1291,897764,2021,Abu Dhabi,May,Thursday,Evening,the third week,Be shocked,Negligence and lack of attention,An internal street,Residential area,Bare,Intersection,Night - Enough lighting,Wicked (Bad),No Clouds,dry,passenger,A passenger in the front seat,Medium,34,Female,40,1,There is no,Multi -legs intersection,1
1292,1292,1292,897765,2021,Abu Dhabi,Dec,Friday,Evening,The fifth week,Shock,Driving the vehicle under the influence of narcotic substances or mental effects or,Al -Mafraq Al -Shawamik Street,Tunnel / Bridge,There is no definition of regions,Double road,Night - Enough lighting,Wicked (Bad),No Clouds,Temple,passenger,Rapid in the back seat,Medium,26,Female,140,3,There is no,Not on or by (20) meters of a,1
1293,1293,1293,897766,2021,Abu Dhabi,Dec,Thursday,At noon,The first week,Shock,Overcoming the red light signal - the arrow signal,Rashid between Sayed Al Maktoum Street (Tah),Commercial area,There is no definition of regions,Intersection,day,Wicked (Bad),No Clouds,dry,passenger,A passenger in the front seat,Medium,32,Female,100,4,There is no,Vertical cross intersection,1
1294,1294,1294,897767,2021,Abu Dhabi,July,Sunday,Evening,fourth week,Deterioration,Not adhering to the mandatory itinerary,Industrial tunnel signal intersection,Industrial area,Mutawa,Intersection,Night - Enough lighting,Wicked (Bad),No Clouds,dry,driver,Bike,Medium,24,Male,80,3,There is no,Multi -legs intersection,1
1295,1295,1295,897768,2021,Ajman,July,Tuesday,Evening,The first week,Cross -100,Enter a major road without making sure that it is free,Khartoum Street,Residential area,Kindergarten,Other (select),day,Wicked (Bad),No Clouds,dry,driver,Bike,Medium,35,Male,40,0,There is no,Vertical cross intersection,1
1296,1296,1296,897769,2021,Ras Al Khaimah,February,Thursday,Before noon,The first week,Deterioration,Sudden deviation,Emirates Street Transit Street,Governmental,Stagnation,Individual,day,Wicked (Bad),No Clouds,Temple,driver,Driver,Medium,49,Male,60,1,There is no,Not on or by (20) meters of a,1
1297,1297,1297,897770,2021,Abu Dhabi,January,Sunday,Evening,the third week,Shock,Preoccupation with the road while driving the vehicle in any way,Yas Street One,Commercial area,Yass Island,Double road,Night - Enough lighting,Wicked (Bad),No Clouds,dry,driver,Bike,Medium,28,Male,140,5,There is no,Not on or by (20) meters of a,1
1298,1298,1298,897771,2021,Abu Dhabi,June,Sunday,In the afternoon,second week,Shock,Enter a major road without making sure that it is free,Eastern Street (Al Traffic) (Four),Commercial area,There is no definition of regions,public road,day,Wicked (Bad),No Clouds,dry,passenger,Rapid in the back seat,Medium,27,Male,100,4,There is no,Not on or by (20) meters of a,1
1299,1299,1299,897772,2021,Umm Al Quwain,June,Wednesday,Before noon,fourth week,Shock,Exaggeration in a place where transgression is forbidden,Sheikh Mohammed bin Zayed Street (Umm Al Qain - Ras Al Khaimah),Industrial area,Navel,Double road,day,Wicked (Bad),No Clouds,dry,driver,Driver,Medium,29,Male,120,3,There is no,Not on or by (20) meters of a,1
1300,1300,1300,897773,2021,Abu Dhabi,March,Thursday,Evening,the third week,Run,Not to give priority to the infantry crossing,Armored road,Industrial area,There is no definition of regions,public road,Night - Enough lighting,Wicked (Bad),No Clouds,dry,pedestrian,There is no passenger,Medium,37,Male,60,3,He crosses pedestrian crossing lines,Others,1
1301,1301,1301,897774,2021,Abu Dhabi,November,Saturday,Evening,The first week,Cross -100,Sir is the opposite of the direction,An internal street,Residential area,Magic,Double road,Night - weak lighting,Wicked (Bad),No Clouds,dry,passenger,Rapid in the back seat,Medium,37,Male,40,2,There is no,Not at intersection,1
1302,1302,1302,897775,2021,Sharjah,February,Tuesday,Before noon,the third week,Run,Negligence and lack of attention,Al -Zubair Street,Commercial area,Al -Sajaa industrial area,Double road,day,Wicked (Bad),No Clouds,dry,pedestrian,There is no passenger,Medium,29,Male,60,2,There is no,Not on or by (20) meters of a,1
1303,1303,1303,897776,2021,Ras Al Khaimah,July,Friday,At noon,The first week,Shock,Enter a major road without making sure that it is free,Shama Al Rams Street,Industrial area,Palm,Double road,Night - Enough lighting,Wicked (Bad),No Clouds,Temple,driver,Driver,Medium,39,Female,80,2,There is no,Not on or by (20) meters of a,1
1304,1304,1304,897777,2021,Abu Dhabi,November,Friday,At noon,second week,Shock,Overcoming the red light signal - the arrow signal,Rashid between Sayed Al Maktoum Street (Tah),Residential area,There is no definition of regions,Intersection,day,Wicked (Bad),No Clouds,dry,driver,Driver,Medium,44,Female,100,4,There is no,Vertical cross intersection,1
1305,1305,1305,897778,2021,Abu Dhabi,February,Saturday,Evening,The first week,Shock,Not leaving enough distance,Bani Yas Street,Commercial area,Al Masoudi,Double road,Night - Enough lighting,Wicked (Bad),No Clouds,dry,passenger,Rapid in the back seat,Medium,6,Male,80,3,There is no,Not at intersection,1
1306,1306,1306,897779,2021,Ajman,November,Wednesday,In the afternoon,fourth week,Run,Negligence and lack of attention,unknown,Residential area,Rashidiya,Individual,Night - Enough lighting,Wicked (Bad),No Clouds,dry,pedestrian,There is no passenger,Medium,61,Male,40,0,There is no,A meeting of half -vertical roads,1
1307,1307,1307,897780,2021,Sharjah,June,Sunday,At noon,fourth week,Shock,Driving under the influence of intoxicant or anesthetic,Suhaila roundabout,External road,Sohaila,Double road,day,Wicked (Bad),No Clouds,dry,driver,Driver,Medium,40,Male,100,2,There is no,Not at intersection,1
1308,1308,1308,897781,2021,Sharjah,February,Tuesday,Before noon,second week,Deterioration,Sudden deviation,Khorfakkan Road,External road,Sharjah / Al Dhaid,Double road,day,Wicked (Bad),fog,dry,passenger,Rapid in the back seat,Medium,46,Male,120,2,There is no,Not on or by (20) meters of a,1
1309,1309,1309,897782,2021,Abu Dhabi,May,Friday,Before noon,The first week,Shock,Driving the vehicle under the influence of alcohol,Khalifa City Bridge,Residential area,The city of Shakhbout,vertigo,Night - Enough lighting,Wicked (Bad),No Clouds,Temple,driver,Driver,Medium,22,Male,60,2,There is no,Not at intersection,1
1310,1310,1310,897783,2021,Fujairah,January,Sunday,Evening,second week,Non -moving,Driving under the influence of intoxicant or anesthetic,An internal street,Residential area,The faction area,vertigo,Night - Enough lighting,Wicked (Bad),No Clouds,Temple,passenger,A passenger in the front seat,Medium,17,Male,40,2,There is no,vertigo,1
1311,1311,1311,897784,2021,Abu Dhabi,March,Wednesday,Evening,the third week,Deterioration,Not adhering to the mandatory itinerary,General Street (Abu Dhabi - Commodities),External road,Abu Al -Abyad,public road,Night - Enough lighting,Wicked (Bad),No Clouds,dry,driver,Driver,Medium,25,Male,160,4,There is no,Not on or by (20) meters of a,1
1312,1312,1312,897785,2021,Sharjah,September,Sunday,At noon,second week,Shock,Not leaving enough distance,Sheikh Mohammed bin Zayed Street,Tunnel / Bridge,The twelve industrial industrial,Double road,day,Wicked (Bad),No Clouds,dry,passenger,There is no passenger,Medium,48,Female,120,6,There is no,Not on or by (20) meters of a,1
1313,1313,1313,897786,2021,Abu Dhabi,March,Friday,At noon,the third week,Cross -100,Exaggeration in a place where transgression is forbidden,Al -Mafraq Al -Shawamik Street,Industrial area,Mafraq industrial,Double road,day,Wicked (Bad),No Clouds,dry,driver,Driver,Medium,22,Male,60,2,There is no,Not at intersection,1
1314,1314,1314,897787,2021,Fujairah,Dec,Friday,In the afternoon,The first week,Run,Not to give priority to the infantry crossing,Hamad bin Abdullah Street,External road,City Center area,Double road,day,Wicked (Bad),No Clouds,Temple,pedestrian,There is no passenger,Medium,46,Male,60,5,He crosses not on transit lines,Not on or by (20) meters of a,1
1315,1315,1315,897788,2021,Umm Al Quwain,February,Tuesday,Before noon,The first week,Be shocked,Enter a major road without making sure that it is free,Sheikh Ahmed bin Rashid Al Mualla Street.,Commercial area,Al Hamra District d,vertigo,day,Wicked (Bad),No Clouds,dry,driver,Bike,Medium,33,Male,60,2,There is no,vertigo,1
1316,1316,1316,897789,2021,Abu Dhabi,October,Thursday,In the afternoon,fourth week,Shock,Preoccupation with the road while driving the vehicle in any way,International airport roads,Residential area,Khalifa City (a),Individual,day,Wicked (Bad),No Clouds,dry,driver,Bike,Medium,24,Male,80,2,There is no,Not on or by (20) meters of a,1
1317,1317,1317,897790,2021,Abu Dhabi,Dec,Friday,Evening,the third week,A fixed body shocked the road,Not adhering to the mandatory itinerary,IPThirtySix Peace Junction - Farmer,Governmental,Zayed City (Abu Dhabi),Intersection,Night - Enough lighting,Wicked (Bad),No Clouds,dry,driver,Driver,Medium,24,Male,80,4,There is no,Vertical cross intersection,1
1318,1318,1318,897791,2021,Sharjah,Dec,Tuesday,In the afternoon,The first week,Run,Overing from the right or ingredon is cautious,Sheikh Saqr bin Khalid Al Qasimi Street,Residential area,Stupidity,Other (select),day,Wicked (Bad),No Clouds,dry,pedestrian,There is no passenger,Medium,9,Male,40,1,There is no,Others,1