,Unnamed: 0.1,Unnamed: 0,Fake ID,Year,City,Month,Day,Time,Week,Type Of Accident,Reasons,Street,Place,Area,Location,Lighting,Road Condition,Weather Condition,Road surface,Lay injured,Injured seat,Degree of injury,Age of the injured,The person's gender,Speed of the road,Number of tracks,Pedestrian behavior,Intersection,Total
1319,1319,1319,897792,2021,Abu Dhabi,Dec,Friday,In the afternoon,fourth week,Run,Not to give priority to the infantry crossing,Armored road,Commercial area,Popularism,Double road,Night - Enough lighting,Wicked (Bad),No Clouds,dry,pedestrian,There is no passenger,Medium,52,Male,60,2,He crosses pedestrian crossing lines,Not on or by (20) meters of a,1
1320,1320,1320,897793,2021,Abu Dhabi,January,Saturday,Before noon,the third week,Shocked,Speed without taking into account the road conditions,Sheikh Khalifa bin Zayed Street,Governmental,Sa'adiat Island,Double road,day,The movement is suspended,fog,Foundation,passenger,A passenger in the front seat,Medium,39,Male,120,5,There is no,Not on or by (20) meters of a,1
1321,1321,1321,897794,2021,Abu Dhabi,June,Monday,Evening,the third week,Run,Preoccupation with the road while driving the vehicle in any way,Armored road,Commercial area,Industrial armored bridge,Individual,Night - Enough lighting,Wicked (Bad),No Clouds,dry,pedestrian,There is no passenger,Medium,55,Male,40,2,He crosses not on transit lines,A meeting of half -vertical roads,1
1322,1322,1322,897795,2021,Sharjah,May,Friday,Before noon,second week,Deterioration,Negligence and lack of attention,Wasit Square,Tunnel / Bridge,Khuzamiya,Bridge / tunnel,day,Wicked (Bad),No Clouds,dry,passenger,A passenger in the front seat,Medium,30,Male,80,2,There is no,Not at intersection,1
1323,1323,1323,897796,2021,Abu Dhabi,Dec,Saturday,In the afternoon,The first week,Run,Negligence and lack of attention,Jabal Hafit Street,Residential area,There is no definition of regions,public road,Night - Enough lighting,Wicked (Bad),No Clouds,dry,pedestrian,There is no passenger,Medium,52,Male,40,2,There is no,Not at intersection,1
1324,1324,1324,897797,2021,Abu Dhabi,January,Saturday,Before noon,The fifth week,Shock,Fatigue and drowsiness,Abu Dhabi Road - Al Ain,Others,Bridge,public road,day,Wicked (Bad),No Clouds,Temple,driver,Driver,Medium,34,Male,140,4,There is no,Not on or by (20) meters of a,1
1325,1325,1325,897798,2021,Abu Dhabi,May,Monday,At noon,fourth week,Run,Not to give priority to the infantry crossing,An internal street,School,Ventricle,Double road,day,Wicked (Bad),No Clouds,dry,pedestrian,There is no passenger,Medium,9,Male,40,2,There is no,Not at intersection,1
1326,1326,1326,897799,2021,Abu Dhabi,October,Thursday,In the afternoon,second week,Shock,Preoccupation with the road while driving the vehicle in any way,Sweihan Road,Agricultural area,Closing,Double road,Night - Enough lighting,Wicked (Bad),No Clouds,dry,driver,Driver,Medium,25,Male,120,2,There is no,Not on or by (20) meters of a,1
1327,1327,1327,897800,2021,Fujairah,May,Monday,Before noon,The fifth week,Be shocked,Sudden deviation,Al Mina Street,Commercial area,The port area,public road,day,Wicked (Bad),No Clouds,Temple,driver,Driver,Medium,50,Male,80,2,It crosses the crossing lines,Not on or by (20) meters of a,1
1328,1328,1328,897801,2021,Ajman,March,Thursday,Before noon,The first week,Run,Negligence and lack of attention,Amman Street,Commercial area,Industrial,parking,Night - weak lighting,Barrier,No Clouds,dry,pedestrian,There is no passenger,Medium,46,Male,30,0,Familiar,Not on or by (20) meters of a,1
1329,1329,1329,897802,2021,Umm Al Quwain,June,Sunday,Before noon,fourth week,Deterioration,Preoccupation with the road while driving the vehicle in any way,Emirates Street,Others,Polite area,Double road,Night - Enough lighting,Wicked (Bad),No Clouds,dry,driver,Driver,Medium,23,Male,120,2,There is no,Not on or by (20) meters of a,1
1330,1330,1330,897803,2021,Abu Dhabi,June,Tuesday,Before noon,The fifth week,Be shocked,Enter a major road without making sure that it is free,Tarif road,External road,Intimate bridge,Double road,day,Wicked (Bad),No Clouds,dry,driver,Driver,Medium,27,Male,100,1,There is no,Not on or by (20) meters of a,1
1331,1331,1331,897804,2021,Sharjah,June,Friday,Evening,fourth week,Be shocked,Not adhering to the mandatory itinerary,Sheikh Khalid bin Mohammed Al Qasimi Street,Mosque,Sheikh Khaled Road,public road,Night - Enough lighting,Wicked (Bad),No Clouds,dry,passenger,A passenger in the front seat,Medium,45,Male,80,3,There is no,Not on or by (20) meters of a,1
1332,1332,1332,897805,2021,Ras Al Khaimah,October,Friday,Before noon,fourth week,Run,Negligence and lack of attention,Wadi Ghalila Street,External road,Hide,Double road,day,Wicked (Bad),No Clouds,Temple,pedestrian,There is no passenger,Medium,42,Male,80,2,He crosses not on transit lines,Not on or by (20) meters of a,1
1333,1333,1333,897806,2021,Abu Dhabi,June,Monday,Before noon,second week,Shock,Not leaving enough distance,Sheikh Mohammed bin Rashid Al Maktoum Street,Petrol station,There is no definition of regions,Double road,day,Wicked (Bad),No Clouds,Temple,driver,Driver,Medium,29,Male,140,4,There is no,Not on or by (20) meters of a,1
1334,1334,1334,897807,2021,Abu Dhabi,June,Wednesday,At noon,The first week,Consecutive,Preoccupation with the road while driving the vehicle in any way,Truck Street,Tunnel / Bridge,Bare,Double road,day,Wicked (Bad),No Clouds,dry,driver,Driver,Medium,29,Male,120,3,There is no,Not at intersection,1
1335,1335,1335,897808,2021,Fujairah,July,Wednesday,Evening,the third week,Shock,Sudden deviation,Al -Gob Street,Agricultural area,Dibba Al -Fujairah / Wadi Sana,Individual,Night - without lighting,Wicked (Bad),No Clouds,Temple,driver,Driver,Medium,41,Male,40,2,There is no,Not on or by (20) meters of a,1
1336,1336,1336,897809,2021,Fujairah,November,Thursday,Before noon,second week,Run,Not to give priority to the infantry crossing,Safed Street,Commercial area,Safed area,Individual,day,Wicked (Bad),No Clouds,Temple,pedestrian,There is no passenger,Medium,52,Male,40,1,He crosses not on transit lines,Not on or by (20) meters of a,1
1337,1337,1337,897810,2021,Sharjah,April,Tuesday,Before noon,second week,Deterioration,Sudden deviation,Khorfakkan Road,External road,The forum tunnel to the square tunnel,Bridge / tunnel,day,Wicked (Bad),No Clouds,dry,driver,Driver,Medium,20,Male,100,2,There is no,Not on or by (20) meters of a,1
1338,1338,1338,897811,2021,Abu Dhabi,June,Wednesday,Before noon,The first week,Be shocked,Not to make the road / not to give the brigades,An internal street,External road,Caramel,Dhuatatin Road,day,Wicked (Bad),No Clouds,dry,passenger,A passenger in the front seat,Medium,41,Male,80,2,There is no,A meeting of half -vertical roads,1
1339,1339,1339,897812,2021,Abu Dhabi,August,Friday,Evening,The first week,Be shocked,Enter a major road without making sure that it is free,Abu Dhabi Road - Al Ain,School,Bani Yas (East),vertigo,day,Wicked (Bad),No Clouds,dry,driver,Driver,Medium,38,Male,40,2,He crosses pedestrian crossing lines,Not on or by (20) meters of a,1
1340,1340,1340,897813,2021,Abu Dhabi,February,Saturday,Before noon,second week,A fixed body was shocked outside the road,Fatigue and drowsiness,Abu Dhabi Road - Al Ain,External road,Mohammed bin Zayed City,Double road,Night - Enough lighting,Wicked (Bad),No Clouds,dry,passenger,A passenger in the front seat,Medium,45,Male,140,4,There is no,Not on or by (20) meters of a,1
1341,1341,1341,897814,2021,Abu Dhabi,September,Tuesday,Before noon,the third week,Be shocked,Not adhering to the mandatory itinerary,Hazaa Bin Zayed the First Street(Eleven),Commercial area,There is no definition of regions,public road,day,Wicked (Bad),No Clouds,dry,driver,Bike,Medium,39,Male,80,3,There is no,Not at intersection,1
1342,1342,1342,897815,2021,Ajman,November,Wednesday,At noon,fourth week,Run,Negligence and lack of attention,Badr Street,Commercial area,Naimia,Double road,day,Wicked (Bad),No Clouds,dry,pedestrian,There is no passenger,Medium,13,Male,40,0,There is no,Not on or by (20) meters of a,1
1343,1343,1343,897816,2021,Ras Al Khaimah,September,Wednesday,Before noon,the third week,Run,Negligence and lack of attention,Ghab Street,Residential area,Fool,Double road,day,Wicked (Bad),No Clouds,Temple,pedestrian,There is no passenger,Medium,37,Male,60,2,There is no,Others,1
1344,1344,1344,897817,2021,Abu Dhabi,June,Tuesday,Evening,The fifth week,Shock,Preoccupation with the road while driving the vehicle in any way,Hilton Roundabout (East - Western),Tunnel / Bridge,Sage,Double road,Night - Enough lighting,Wicked (Bad),No Clouds,dry,driver,Bike,Medium,30,Male,80,3,There is no,Not at intersection,1
1345,1345,1345,897818,2021,Abu Dhabi,September,Saturday,At noon,fourth week,Shock,Not leaving enough distance,Sultan Bin Zayed the First Street (Thirty Two),Residential area,There is no definition of regions,Intersection,day,Wicked (Bad),No Clouds,dry,driver,Driver,Medium,26,Male,80,4,There is no,Vertical cross intersection,1
1346,1346,1346,897819,2021,Fujairah,November,Thursday,Evening,second week,Be shocked,Driving without a driver's license at all,The intersection of the signals of Hamad bin Abdullah inside Fujairah,Residential area,City Center area,Double road,Night - Enough lighting,Wicked (Bad),No Clouds,Temple,driver,Driver,Medium,55,Female,60,2,There is no,Not on or by (20) meters of a,1
1347,1347,1347,897820,2021,Ajman,October,Saturday,Before noon,The first week,Run,Sudden deviation,El-Shikh Zayed street,External road,Halio,Individual,day,Wicked (Bad),No Clouds,dry,pedestrian,There is no passenger,Medium,55,Female,60,0,He crosses not on transit lines,Not on or by (20) meters of a,1
1348,1348,1348,897821,2021,Ras Al Khaimah,May,Wednesday,At noon,fourth week,A fixed body was shocked outside the road,Preoccupation with the road while driving the vehicle in any way,Khuzam Street,Residential area,Lap,public road,day,Wicked (Bad),No Clouds,Temple,passenger,Rapid in the back seat,Medium,31,Female,80,2,There is no,Hole,1
1349,1349,1349,897822,2021,Ras Al Khaimah,February,Wednesday,Evening,the third week,Be shocked,Preoccupation with the road while driving the vehicle in any way,The intersection of Al -Montaser Al -Manar,Commercial area,Palm,public road,Night - Enough lighting,Wicked (Bad),No Clouds,Temple,driver,Bike,Medium,22,Male,80,3,There is no,Not on or by (20) meters of a,1
1350,1350,1350,897823,2021,Ajman,November,Thursday,At noon,second week,Run,Negligence and lack of attention,King Faisal Street,Residential area,Naimia,Double road,day,Wicked (Bad),No Clouds,dry,pedestrian,There is no passenger,Medium,8,Female,50,0,There is no,Not on or by (20) meters of a,1
1351,1351,1351,897824,2021,Ras Al Khaimah,August,Friday,Evening,The first week,A fixed body shocked the road,Sudden deviation,Ceramic Street from Ceramic Circle to Exit One hundred and nineteen,Others,The Red Island,public road,Night - Enough lighting,Wicked (Bad),No Clouds,Temple,passenger,Rapid in the back seat,Medium,17,Male,80,2,There is no,Not at intersection,1
1352,1352,1352,897825,2021,Abu Dhabi,November,Friday,At noon,fourth week,Shock,Preoccupation with the road while driving the vehicle in any way,Reem Island,Commercial area,Reem Island,public road,day,Wicked (Bad),No Clouds,dry,driver,Bike,Medium,22,Male,80,4,There is no,Vertical cross intersection,1
1353,1353,1353,897826,2021,Abu Dhabi,September,Tuesday,In the afternoon,fourth week,Shock,Not leaving enough distance,Khalifa Bin Zayed Street,Residential area,Sih bin Ammar,Double road,Night - Enough lighting,Wicked (Bad),No Clouds,dry,driver,Driver,Medium,47,Male,100,3,There is no,Not on or by (20) meters of a,1
1354,1354,1354,897827,2021,Abu Dhabi,November,Thursday,Evening,fourth week,Shock,Not leaving enough distance,Peace Street (Eight),Commercial area,There is no definition of regions,public road,Night - Enough lighting,Wicked (Bad),No Clouds,dry,driver,Bike,Medium,24,Male,80,3,There is no,Not at intersection,1
1355,1355,1355,897828,2021,Abu Dhabi,October,Monday,Before noon,the third week,Be shocked,Preoccupation with the road while driving the vehicle in any way,Justice,External road,Sweihan,Double road,day,Wicked (Bad),No Clouds,dry,driver,Driver,Medium,34,Male,80,2,There is no,Not on or by (20) meters of a,1
1356,1356,1356,897829,2021,Abu Dhabi,October,Monday,At noon,The first week,Shock,Preoccupation with the road while driving the vehicle in any way,Al -Mafraq Al -Shawamik Street,Residential area,Mafraq Bridge,Individual,day,Wicked (Bad),No Clouds,dry,driver,Bike,Medium,23,Male,60,2,There is no,Not on or by (20) meters of a,1
1357,1357,1357,897830,2021,Sharjah,May,Saturday,Before noon,The first week,Be shocked,Enter a major road without making sure that it is free,Hamriyah,Commercial area,Hamriyah,Individual,day,Wicked (Bad),No Clouds,dry,passenger,A passenger in the front seat,Medium,25,Female,100,3,There is no,Not on or by (20) meters of a,1
1358,1358,1358,897831,2021,Abu Dhabi,Dec,Tuesday,Before noon,fourth week,Deterioration,Preoccupation with the road while driving the vehicle in any way,Abu Dhabi Road - Al Ain,Commercial area,Bani Yas (East),Individual,day,Wicked (Bad),No Clouds,dry,driver,Bike,Medium,31,Male,40,1,There is no,Not on or by (20) meters of a,1
1359,1359,1359,897832,2021,Abu Dhabi,March,Saturday,At noon,The first week,Shock,Not leaving enough distance,Muhammad bin Khalifa Street,Commercial area,Dropper,Double road,day,Wicked (Bad),No Clouds,dry,driver,Bike,Medium,20,Male,80,3,There is no,Not at intersection,1
1360,1360,1360,897833,2021,Abu Dhabi,October,Thursday,In the afternoon,fourth week,Run,Preoccupation with the road while driving the vehicle in any way,There is no definition,Commercial area,Industrial Archbishop,Individual,Night - Enough lighting,Wicked (Bad),No Clouds,dry,pedestrian,There is no passenger,Medium,41,Male,80,2,He crosses not on transit lines,Not on or by (20) meters of a,1
1361,1361,1361,897834,2021,Abu Dhabi,February,Monday,Before noon,The first week,Deterioration,Sudden deviation,An internal street,Commercial area,Healer,public road,day,Wicked (Bad),No Clouds,dry,driver,Driver,Medium,33,Male,80,3,There is no,vertigo,1
1362,1362,1362,897835,2021,Abu Dhabi,March,Saturday,In the afternoon,the third week,Run,Not to give priority to the infantry crossing,Rashid between Sayed Al Maktoum Street (Tah),Commercial area,There is no definition of regions,Intersection,Night - Enough lighting,Wicked (Bad),No Clouds,dry,pedestrian,There is no passenger,Medium,31,Male,80,4,It crosses the crossing lines,Vertical cross intersection,1
1363,1363,1363,897836,2021,Abu Dhabi,August,Sunday,Evening,the third week,Deterioration,Preoccupation with the road while driving the vehicle in any way,International airport roads,External road,Khalifa City (a),public road,Night - Enough lighting,Wicked (Bad),No Clouds,dry,driver,Bike,Medium,23,Male,120,4,There is no,Not on or by (20) meters of a,1
1364,1364,1364,897837,2021,Ajman,November,Saturday,Evening,the third week,Cross -100,Enter a major road without making sure that it is free,unknown,Commercial area,Industrial cliff 1,Individual,day,Wicked (Bad),No Clouds,dry,driver,Driver,Medium,24,Male,40,0,He crosses not on transit lines,Others,1
1365,1365,1365,897838,2021,Abu Dhabi,June,Tuesday,Evening,second week,Run,Al -Aburvi is a place of infantry for pedestrians,Armored road,Commercial area,Industrial armored bridge,Double road,Night - Enough lighting,Wicked (Bad),No Clouds,dry,pedestrian,There is no passenger,Medium,22,Male,60,3,He crosses not on transit lines,Not on or by (20) meters of a,1
1366,1366,1366,897839,2021,Abu Dhabi,June,Wednesday,Evening,The first week,Run,Not to give priority to the infantry crossing,Nahyan First Street,Residential area,full,Double road,Night - Enough lighting,Wicked (Bad),No Clouds,dry,pedestrian,There is no passenger,Medium,30,Female,80,3,He crosses not on transit lines,Not at intersection,1
1367,1367,1367,897840,2021,Ras Al Khaimah,August,Wednesday,Evening,the third week,Shock,Not adhering to the mandatory itinerary,Ras Al Khaimah Hospital positions,hospital,Poems,Double road,day,Wicked (Bad),No Clouds,Temple,driver,Bike,Medium,29,Male,40,2,There is no,Not on or by (20) meters of a,1
1368,1368,1368,897841,2021,Abu Dhabi,September,Saturday,Evening,second week,Cross -100,Not to make the road / not to give the brigades,Armored road,Commercial area,Industrial armored bridge,Intersection,Night - Enough lighting,Wicked (Bad),No Clouds,dry,driver,Bike,Medium,26,Male,40,2,There is no,Vertical cross intersection,1
1369,1369,1369,897842,2021,Abu Dhabi,February,Sunday,Before noon,second week,Deterioration,Sudden deviation,Civil Street - Sweihan,External road,Satellite,Double road,day,Wicked (Bad),No Clouds,dry,driver,Driver,Medium,19,Male,140,2,There is no,Not at intersection,1
1370,1370,1370,897843,2021,Abu Dhabi,Dec,Thursday,Before noon,the third week,Shock,Overcoming the red light signal - the arrow signal,Nissan Najda Showroom - Al Masaood Automobiles,Commercial area,the airport,Intersection,day,Wicked (Bad),No Clouds,dry,driver,Driver,Medium,67,Male,100,4,There is no,Vertical cross intersection,1
1371,1371,1371,897844,2021,Ajman,January,Tuesday,At noon,fourth week,Run,Negligence and lack of attention,Badr Street,Commercial area,Naimia,Double road,day,Wicked (Bad),No Clouds,dry,pedestrian,There is no passenger,Medium,51,Female,20,0,There is no,Multi -legs intersection,1
1372,1372,1372,897845,2021,Abu Dhabi,Dec,Thursday,Before noon,fourth week,A fixed body shocked the road,Preoccupation with the road while driving the vehicle in any way,International airport roads,Residential area,Khalifa City (a),public road,day,Wicked (Bad),No Clouds,dry,driver,Driver,Medium,30,Male,60,2,There is no,Not on or by (20) meters of a,1
1373,1373,1373,897846,2021,Abu Dhabi,September,Sunday,Before noon,The first week,A fixed body shocked the road,Preoccupation with the road while driving the vehicle in any way,Abu Dhabi Road - Al Ain,Tunnel / Bridge,Sealing bridge,Individual,day,Wicked (Bad),No Clouds,dry,driver,Driver,Medium,37,Male,160,3,There is no,Not on or by (20) meters of a,1
1374,1374,1374,897847,2021,Sharjah,May,Saturday,Before noon,The fifth week,Be shocked,Not adhering to the mandatory itinerary,The first industrial street,Industrial area,second industrial,Individual,day,Wicked (Bad),No Clouds,dry,driver,Driver,Medium,38,Male,40,1,There is no,Not on or by (20) meters of a,1
1375,1375,1375,897848,2021,Abu Dhabi,February,Tuesday,Evening,second week,Shock,Sudden deviation,corneche Street,Commercial area,The port,public road,Night - Enough lighting,Wicked (Bad),No Clouds,dry,driver,Driver,Medium,25,Male,80,4,There is no,Not at intersection,1
1376,1376,1376,897849,2021,Abu Dhabi,February,Wednesday,Evening,fourth week,Deterioration,Speed without taking into account the road conditions,Al -Mafraq Al -Shawamik Street,Governmental,There is no definition of regions,Individual,Night - without lighting,Wicked (Bad),No Clouds,dry,driver,Driver,Medium,25,Male,40,2,There is no,Not on or by (20) meters of a,1
1377,1377,1377,897850,2021,Ras Al Khaimah,July,Monday,Evening,the third week,Cross -100,Preoccupation with the road while driving the vehicle in any way,Southern Al -Dhait Street near the Zayed Center,Residential area,Southern,Double road,Night - without lighting,Wicked (Bad),No Clouds,Temple,driver,Driver,Medium,39,Female,40,2,There is no,Not at intersection,1
1378,1378,1378,897851,2021,Abu Dhabi,May,Wednesday,In the afternoon,second week,A fixed body was shocked outside the road,Preoccupation with the road while driving the vehicle in any way,Al -Mafraq Al -Shawamik Street,Residential area,Tall,vertigo,day,Wicked (Bad),No Clouds,dry,driver,Driver,Medium,47,Female,40,2,There is no,vertigo,1
1379,1379,1379,897852,2021,Abu Dhabi,February,Saturday,Before noon,second week,A fixed body was shocked outside the road,Fatigue and drowsiness,Abu Dhabi Road - Al Ain,External road,Mohammed bin Zayed City,Double road,Night - Enough lighting,Wicked (Bad),No Clouds,dry,driver,Driver,Medium,58,Male,140,4,There is no,Not on or by (20) meters of a,1
1380,1380,1380,897853,2021,Abu Dhabi,September,Monday,At noon,fourth week,Cross -100,Preoccupation with the road while driving the vehicle in any way,Al Ain Street - Al -Wajan - Al -Qaa,External road,Custody,Double road,day,Wicked (Bad),No Clouds,dry,passenger,A passenger in the front seat,Medium,34,Male,120,2,There is no,Not at intersection,1
1381,1381,1381,897854,2021,Ras Al Khaimah,January,Friday,In the afternoon,fourth week,Cross -100,The lack of conditions of security and traffic safety,Hamrania Street,External road,Stagnation,Individual,day,Wicked (Bad),No Clouds,Temple,passenger,A passenger in the front seat,Medium,45,Male,60,1,There is no,Not on or by (20) meters of a,1
1382,1382,1382,897855,2021,Sharjah,May,Tuesday,Before noon,second week,Shock,Return back without making sure that the road is free,East Street,Commercial area,Fascist,Individual,Night - Enough lighting,Wicked (Bad),No Clouds,dry,pedestrian,There is no passenger,Medium,60,Male,60,2,Familiar,Not at intersection,1
1383,1383,1383,897856,2021,Abu Dhabi,November,Friday,At noon,The first week,Be shocked,Transit of infantry red lighting,Al -Felt Street (Nin),Residential area,There is no definition of regions,Intersection,day,Wicked (Bad),No Clouds,dry,pedestrian,There is no passenger,Medium,31,Male,80,4,It crosses the crossing lines,Multi -legs intersection,1
1384,1384,1384,897857,2021,Sharjah,Dec,Tuesday,In the afternoon,The first week,Run,Overing from the right or ingredon is cautious,Sheikh Saqr bin Khalid Al Qasimi Street,Residential area,Stupidity,Other (select),day,Wicked (Bad),No Clouds,dry,pedestrian,There is no passenger,Medium,34,Female,40,1,There is no,Others,1
1385,1385,1385,897858,2021,Ajman,November,Tuesday,At noon,fourth week,Cross -100,Enter a major road without making sure that it is free,El-Shikh Zayed street,Residential area,Al -Hamidiya,Individual,Night - Enough lighting,Wicked (Bad),No Clouds,dry,driver,Driver,Medium,21,Male,60,0,He crosses not on transit lines,Hole,1
1386,1386,1386,897859,2021,Sharjah,June,Sunday,Before noon,fourth week,Be shocked,Not adhering to the mandatory itinerary,Al -Mina Square,Commercial area,Wilay,Double road,day,Wicked (Bad),No Clouds,dry,driver,Bike,Medium,30,Male,60,2,There is no,Not on or by (20) meters of a,1
1387,1387,1387,897860,2021,Abu Dhabi,November,Monday,In the afternoon,The fifth week,Run,Speed without taking into account the road conditions,Khalifa Bin Zayed Street(Three),Governmental,There is no definition of regions,Dhuatatin Road,Night - Enough lighting,Wicked (Bad),No Clouds,dry,pedestrian,There is no passenger,Medium,37,Male,60,2,Familiar,Not at intersection,1
1388,1388,1388,897861,2021,Fujairah,November,Tuesday,Before noon,The fifth week,Non -moving,Sudden deviation,airport Street,an airport,Marishid area,public road,day,Wicked (Bad),No Clouds,dry,driver,Bike,Eloquent,27,Male,80,2,There is no,Not at intersection,1
1389,1389,1389,897862,2021,Fujairah,Dec,Thursday,At noon,The first week,A fixed body was shocked outside the road,Sudden deviation,Al -Hail Street,Governmental,Tricks,public road,day,Wicked (Bad),No Clouds,Temple,driver,Driver,Eloquent,27,Male,80,2,There is no,Not on or by (20) meters of a,1
1390,1390,1390,897863,2021,Ras Al Khaimah,October,Friday,Evening,fourth week,A fixed body was shocked outside the road,Sudden deviation,Emirates Al Saadi Street,Industrial area,The Red Island,public road,Night - Enough lighting,Wicked (Bad),No Clouds,Temple,driver,Driver,Eloquent,28,Male,80,2,There is no,Not at intersection,1
1391,1391,1391,897864,2021,Abu Dhabi,Dec,Thursday,Evening,second week,Shock,Preoccupation with the road while driving the vehicle in any way,Al Ain Street - Dubai,External road,Hayer,Double road,Night - Enough lighting,Wicked (Bad),No Clouds,dry,driver,Driver,Eloquent,33,Male,140,4,There is no,Not at intersection,1
1392,1392,1392,897865,2021,Abu Dhabi,Dec,Saturday,Before noon,second week,Deterioration,Sudden deviation,Tarif road,External road,intimate,public road,day,Wicked (Bad),No Clouds,dry,passenger,Bike,Eloquent,24,Male,160,4,There is no,Not on or by (20) meters of a,1
1393,1393,1393,897866,2021,Ras Al Khaimah,July,Monday,Evening,The first week,Shock,Enter a major road without making sure that it is free,Mohammed bin Salem Street from the roundabout of Mohammed bin Zaid to Dolphin,Others,The Red Island,Other (select),Night - Enough lighting,Wicked (Bad),No Clouds,Temple,driver,Driver,Eloquent,21,Male,100,2,There is no,Hole,1
1394,1394,1394,897867,2021,Sharjah,August,Saturday,Before noon,The first week,Shocked,Sudden deviation,Maliha Street,Industrial area,The eighteenth industrial zone,Double road,day,Wicked (Bad),No Clouds,dry,driver,Driver,Eloquent,19,Male,120,3,There is no,Not on or by (20) meters of a,1
1395,1395,1395,897868,2021,Abu Dhabi,March,Saturday,At noon,second week,Fall,The lack of conditions of security and traffic safety,Abu Dhabi Road - Al Ain,External road,Tayeb epithelium,Individual,day,Wicked (Bad),No Clouds,dry,passenger,A passenger in the front seat,Eloquent,34,Male,60,1,There is no,Not on or by (20) meters of a,1
1396,1396,1396,897869,2021,Abu Dhabi,Dec,Saturday,Before noon,The first week,Be shocked,Not adhering to the mandatory itinerary,Three Hundred and Thirty,External road,Yass Island,Double road,day,Wicked (Bad),No Clouds,dry,driver,Bike,Eloquent,36,Male,100,3,There is no,A meeting of half -vertical roads,1
1397,1397,1397,897870,2021,Abu Dhabi,October,Thursday,Before noon,fourth week,Deterioration,Fatigue and drowsiness,General Street (Abu Dhabi - Commodities),External road,Ruwais,Double road,day,Wicked (Bad),No Clouds,dry,passenger,A passenger in the front seat,Eloquent,31,Female,160,3,There is no,Not at intersection,1
1398,1398,1398,897871,2021,Abu Dhabi,Dec,Monday,Before noon,the third week,Shock,Preoccupation with the road while driving the vehicle in any way,General Street (Abu Dhabi - Commodities),External road,Port,public road,day,Wicked (Bad),No Clouds,dry,driver,Driver,Eloquent,45,Male,160,4,There is no,Not at intersection,1
1399,1399,1399,897872,2021,Abu Dhabi,Dec,Monday,Before noon,The first week,Shock,Enter a major road without making sure that it is free,There is no definition,External road,Industrial Archbishop,public road,day,Wicked (Bad),No Clouds,dry,driver,Driver,Eloquent,50,Male,100,3,There is no,Not on or by (20) meters of a,1
1400,1400,1400,897873,2021,Fujairah,March,Wednesday,Before noon,second week,Deterioration,Sudden deviation,Sheikh Khalifa bin Zayed Street - Al -Farfar,Mountainous area,Alfrafar area,public road,day,Wicked (Bad),No Clouds,dry,driver,Driver,Eloquent,45,Male,120,3,There is no,Not on or by (20) meters of a,1
1401,1401,1401,897874,2021,Abu Dhabi,November,Wednesday,Evening,second week,Shock,Preoccupation with the road while driving the vehicle in any way,Abu Dhabi Road - Al Ain,Residential area,Mohammed bin Zayed City,Double road,Night - Enough lighting,Wicked (Bad),No Clouds,dry,driver,Driver,Eloquent,25,Male,60,2,There is no,Not on or by (20) meters of a,1
1402,1402,1402,897875,2021,Sharjah,September,Tuesday,Evening,fourth week,Run,Not securing the vehicle's stability while standing,El-Shikh Zayed street,Residential area,Stupidity,Individual,Night - weak lighting,narrow road,No Clouds,dry,pedestrian,There is no passenger,Eloquent,30,Male,40,2,There is no,Not at intersection,1
1403,1403,1403,897876,2021,Ras Al Khaimah,July,Saturday,Evening,the third week,Shock,Not leaving enough distance,Dafta Street,External road,Inconsistent,public road,Night - Enough lighting,Wicked (Bad),No Clouds,dry,driver,Driver,Eloquent,24,Male,120,2,There is no,Not on or by (20) meters of a,1
1404,1404,1404,897877,2021,Sharjah,September,Wednesday,Before noon,The fifth week,Cross -100,Sudden deviation,Second Industrial Street,Industrial area,second industrial,Individual,day,Wicked (Bad),No Clouds,dry,driver,Driver,Eloquent,69,Male,40,1,There is no,Not on or by (20) meters of a,1
1405,1405,1405,897878,2021,Abu Dhabi,October,Saturday,Evening,fourth week,Run,Negligence and lack of attention,Ghiasi Shari,Others,Ghiasi,Double road,Night - without lighting,Wicked (Bad),No Clouds,dry,pedestrian,There is no passenger,Eloquent,40,Male,80,1,There is no,Not at intersection,1
1406,1406,1406,897879,2021,Ajman,May,Saturday,Evening,The first week,Run,Negligence and lack of attention,Al -Hassan Bin Al -Haytham Street,Commercial area,Industrial,Double road,day,Wicked (Bad),No Clouds,dry,pedestrian,There is no passenger,Eloquent,61,Male,50,0,He crosses not on transit lines,Not on or by (20) meters of a,1