,Unnamed: 0.1,Unnamed: 0,Fake ID,Year,City,Month,Day,Time,Week,Type Of Accident,Reasons,Street,Place,Area,Location,Lighting,Road Condition,Weather Condition,Road surface,Lay injured,Injured seat,Degree of injury,Age of the injured,The person's gender,Speed of the road,Number of tracks,Pedestrian behavior,Intersection,Total
1407,1407,1407,897880,2021,Abu Dhabi,Dec,Monday,In the afternoon,fourth week,Shock,Not leaving enough distance,Sheikh Maktoum Bin Rashid Street,External road,Sih Al -Shuaib Bridge,public road,Night - Enough lighting,Wicked (Bad),No Clouds,dry,driver,Driver,Eloquent,59,Male,140,4,There is no,Not on or by (20) meters of a,1
1408,1408,1408,897881,2021,Fujairah,May,Friday,Evening,fourth week,Be shocked,Negligence and lack of attention,Room Street,Residential area,Dibba Fujairah / Chamber,Double road,Night - Enough lighting,Wicked (Bad),No Clouds,Temple,driver,Driver,Eloquent,45,Male,80,2,There is no,Not on or by (20) meters of a,1
1409,1409,1409,897882,2021,Abu Dhabi,September,Sunday,In the afternoon,second week,Cross -100,Failure to adhere to traffic signs,Corniche Street towards the Maritime Club,Residential area,Khalidiya,Intersection,Night - Enough lighting,Wicked (Bad),No Clouds,dry,driver,Bike,Eloquent,26,Male,30,2,There is no,A meeting of half -vertical roads,1
1410,1410,1410,897883,2021,Sharjah,August,Monday,Evening,second week,Consecutive,Not leaving enough distance,Hamriyah,Commercial area,Hamriyah,Double road,day,Wicked (Bad),No Clouds,dry,driver,Driver,Eloquent,42,Male,40,1,There is no,Not on or by (20) meters of a,1
1411,1411,1411,897884,2021,Sharjah,Dec,Saturday,Evening,fourth week,Consecutive,Preoccupation with the road while driving the vehicle in any way,Maliha Street,External road,Sword,Double road,Night - Enough lighting,Wicked (Bad),No Clouds,dry,pedestrian,There is no passenger,Eloquent,38,Male,120,3,Familiar,Not on or by (20) meters of a,1
1412,1412,1412,897885,2021,Ras Al Khaimah,Dec,Tuesday,Evening,The first week,Shock,Overing from the right or ingredon is cautious,Khuzam Street,Residential area,Lap,Double road,Night - Enough lighting,Wicked (Bad),No Clouds,Temple,driver,Driver,Eloquent,34,Male,80,2,There is no,Not on or by (20) meters of a,1
1413,1413,1413,897886,2021,Sharjah,February,Saturday,Evening,second week,Run,Negligence and lack of attention,Sheikh Mohammed bin Zayed Street,External road,Fifteen industrial,public road,Night - Enough lighting,Wicked (Bad),No Clouds,dry,passenger,There is no passenger,Eloquent,26,Female,120,6,There is no,Not on or by (20) meters of a,1
1414,1414,1414,897887,2021,Abu Dhabi,Dec,Monday,At noon,fourth week,Run,Not to give priority to the infantry crossing,There is no definition,Industrial area,Industrial Archbishop,public road,day,Wicked (Bad),No Clouds,dry,pedestrian,There is no passenger,Eloquent,27,Male,40,3,He crosses pedestrian crossing lines,Not on or by (20) meters of a,1
1415,1415,1415,897888,2021,Ajman,October,Friday,Evening,fourth week,A fixed body shocked the road,Negligence and lack of attention,Etihad Street,Commercial area,Naimia,Double road,Night - Enough lighting,Wicked (Bad),No Clouds,dry,driver,Driver,Eloquent,32,Male,80,0,There is no,Not on or by (20) meters of a,1
1416,1416,1416,897889,2021,Abu Dhabi,September,Monday,At noon,the third week,Deterioration,Driving without a driver's license at all,Sheikh Maktoum Bin Rashid Street,Residential area,Al Shaila,Double road,day,Wicked (Bad),No Clouds,dry,driver,Driver,Eloquent,19,Male,80,2,There is no,Not on or by (20) meters of a,1
1417,1417,1417,897890,2021,Fujairah,October,Sunday,At noon,second week,A fixed body was shocked outside the road,Preoccupation with the road while driving the vehicle in any way,Safed Street,Residential area,Safed area,Individual,day,Wicked (Bad),No Clouds,Temple,driver,Driver,Eloquent,46,Female,40,1,There is no,Not on or by (20) meters of a,1
1418,1418,1418,897891,2021,Abu Dhabi,Dec,Saturday,Evening,second week,Fall,"Driving the vehicle under the influence of alcohol, narcotic substances, or the effects",Arabian Gulf Street(Thirty),Petrol station,There is no definition of regions,public road,Night - Enough lighting,Wicked (Bad),No Clouds,dry,passenger,A passenger in the front seat,Eloquent,24,Female,100,4,There is no,Not at intersection,1
1419,1419,1419,897892,2021,Umm Al Quwain,November,Monday,At noon,second week,Be shocked,Driving the vehicle under the influence of alcohol,Sheikh Mohammed bin Zayed Street (Umm Al Qain - Ras Al Khaimah),Petrol station,Navel,Double road,Night - Enough lighting,Wicked (Bad),No Clouds,dry,passenger,A passenger in the front seat,Eloquent,20,Female,120,3,There is no,Not on or by (20) meters of a,1
1420,1420,1420,897893,2021,Abu Dhabi,Dec,Thursday,In the afternoon,the third week,Shock,Preoccupation with the road while driving the vehicle in any way,Al -Mafraq Al -Shawamik Street,Tunnel / Bridge,Al -Shamekha Bridge,Double road,Night - Enough lighting,Wicked (Bad),No Clouds,Temple,passenger,Rapid in the back seat,Eloquent,4,Male,80,3,There is no,Not on or by (20) meters of a,1
1421,1421,1421,897894,2021,Abu Dhabi,January,Thursday,Before noon,fourth week,Run,Not to give priority to the infantry crossing,Arabian Gulf Street(Thirty),Commercial area,Supervisor,Individual,day,Wicked (Bad),No Clouds,dry,pedestrian,There is no passenger,Eloquent,52,Male,40,1,He crosses pedestrian crossing lines,Not on or by (20) meters of a,1
1422,1422,1422,897895,2021,Abu Dhabi,April,Thursday,Evening,The fifth week,Be shocked,Enter a major road without making sure that it is free,There is no definition,Industrial area,Industrial Archbishop,Individual,Night - Enough lighting,Wicked (Bad),No Clouds,dry,driver,Driver,Eloquent,57,Male,60,1,There is no,Not on or by (20) meters of a,1
1423,1423,1423,897896,2021,Abu Dhabi,Dec,Saturday,In the afternoon,the third week,Run,Preoccupation with the road while driving the vehicle in any way,There is no definition,Industrial area,Industrial Archbishop,public road,Night - Enough lighting,Wicked (Bad),No Clouds,dry,pedestrian,There is no passenger,Eloquent,35,Male,60,2,There is no,Not on or by (20) meters of a,1
1424,1424,1424,897897,2021,Sharjah,November,Sunday,Evening,the third week,Be shocked,Overing from the right or ingredon is cautious,Kalba Sharjah Street,Mountainous area,Sweet Valley,Dhuatatin Road,Night - Enough lighting,Wicked (Bad),No Clouds,dry,driver,Driver,Eloquent,21,Male,60,1,There is no,Others,1
1425,1425,1425,897898,2021,Abu Dhabi,May,Friday,At noon,the third week,A fixed body shocked the road,Tire explosion,Al Ain Street - Dubai,Petrol station,housing,Double road,day,Wicked (Bad),No Clouds,dry,driver,Driver,death,43,Male,140,4,There is no,Not on or by (20) meters of a,1
1426,1426,1426,897899,2021,Sharjah,May,Saturday,Evening,second week,Shock,Enter a major road without making sure that it is free,Sheikh Khalid bin Khalid Al Qasimi Street,Residential area,Yash,Double road,Night - Enough lighting,Wicked (Bad),No Clouds,dry,driver,Bike,death,28,Male,60,2,There is no,Hole,1
1427,1427,1427,897900,2021,Abu Dhabi,November,Tuesday,Evening,fourth week,Run,Driving the vehicle under the influence of alcohol,There is no definition,Industrial area,Industrial Archbishop,public road,Night - Enough lighting,Wicked (Bad),No Clouds,dry,pedestrian,There is no passenger,death,20,Male,80,3,There is no,Not on or by (20) meters of a,1
1428,1428,1428,897901,2021,Abu Dhabi,November,Wednesday,At noon,The first week,Run,Preoccupation with the road while driving the vehicle in any way,Sheikh Maktoum Bin Rashid Street,External road,Phantom,Double road,day,Wicked (Bad),No Clouds,dry,pedestrian,There is no passenger,death,46,Male,140,5,Familiar,Not on or by (20) meters of a,1
1429,1429,1429,897902,2021,Abu Dhabi,May,Monday,Evening,The first week,Run,Transit of pedestrians in a way that exceeds 80 km/h,Sheikh Maktoum Bin Rashid Street,Tunnel / Bridge,Gentott Bridge,Individual,Night - weak lighting,Wicked (Bad),No Clouds,dry,pedestrian,There is no passenger,death,50,Male,140,4,He crosses not on transit lines,Not on or by (20) meters of a,1
1430,1430,1430,897903,2021,Sharjah,May,Friday,Before noon,The first week,Run,The lack of conditions of security and traffic safety,Emirates Street,Industrial area,Al -Sajaa industrial area,Double road,day,Wicked (Bad),No Clouds,dry,pedestrian,There is no passenger,death,39,Male,60,2,He crosses not on transit lines,Not on or by (20) meters of a,1
1431,1431,1431,897904,2021,Ras Al Khaimah,June,Monday,Before noon,fourth week,A fixed body was shocked outside the road,Sudden deviation,Khorkheir Street,Industrial area,Hide,Double road,day,Wicked (Bad),No Clouds,Temple,driver,Driver,death,19,Male,100,2,There is no,Not on or by (20) meters of a,1
1432,1432,1432,897905,2021,Abu Dhabi,January,Tuesday,Before noon,the third week,Run,Preoccupation with the road while driving the vehicle in any way,Tarif road,External road,There is no definition of regions,Individual,day,Wicked (Bad),fog,Foundation,pedestrian,There is no passenger,death,45,Male,80,4,Familiar,Not on or by (20) meters of a,1
1433,1433,1433,897906,2021,Abu Dhabi,January,Friday,At noon,fourth week,Shock,Preoccupation with the road while driving the vehicle in any way,Inner Street No. (Three),Residential area,There is no definition of regions,Dhuatatin Road,day,curve,cloudy,dry,driver,Driver,death,14,Male,60,2,There is no,Not on or by (20) meters of a,1
1434,1434,1434,897907,2021,Ras Al Khaimah,April,Saturday,Evening,The first week,A fixed body was shocked outside the road,Sudden deviation,Mohammed Bin Salem Street from Dolphin Roundabout to Dr. Sorghum,Others,The Red Island,public road,Night - Enough lighting,Wicked (Bad),No Clouds,Temple,driver,Driver,death,25,Male,100,2,There is no,Not at intersection,1
1435,1435,1435,897908,2021,Abu Dhabi,March,Sunday,At noon,the third week,A fixed body shocked the road,Sudden deviation,Sheikh Maktoum Bin Rashid Street,Residential area,magnanimity,Double road,day,Wicked (Bad),No Clouds,dry,driver,Driver,death,23,Male,140,3,There is no,Not on or by (20) meters of a,1
1436,1436,1436,897909,2021,Ras Al Khaimah,January,Friday,Evening,fourth week,Deterioration,Negligence and lack of attention,Al -Jazeera Al -Hamra area,Others,The Red Island,Dhuatatin Road,Night - weak lighting,curve,No Clouds,Temple,driver,Driver,death,34,Male,60,2,There is no,Others,1
1437,1437,1437,897910,2021,Abu Dhabi,March,Monday,Before noon,the third week,Shock,Overcoming the red light signal,Zayed Bin Sultan Street (General),Commercial area,City center,Intersection,day,Wicked (Bad),No Clouds,dry,driver,Driver,death,51,Male,80,3,He crosses pedestrian crossing lines,Not at intersection,1
1438,1438,1438,897911,2021,Abu Dhabi,August,Friday,Evening,second week,Run,Preoccupation with the road while driving the vehicle using the phone,Al -Mafraq Al -Shawamik Street,Residential area,Mafraq industrial,Double road,Night - Enough lighting,Wicked (Bad),No Clouds,Temple,pedestrian,There is no passenger,death,22,Male,80,3,He crosses not on transit lines,Not on or by (20) meters of a,1
1439,1439,1439,897912,2021,Ras Al Khaimah,October,Friday,Before noon,fourth week,Deterioration,Sudden deviation,Al -Munai’i Street,External road,Al -Munai’i,public road,day,Wicked (Bad),No Clouds,dry,driver,Bike,death,26,Male,100,2,There is no,Not at intersection,1
1440,1440,1440,897913,2021,Ajman,April,Tuesday,Before noon,the third week,Cross -100,Not adhering to the mandatory itinerary,unknown,Others,Industrial cliff 1,Double road,Night - without lighting,Wicked (Bad),No Clouds,dry,driver,Driver,death,24,Male,40,0,There is no,Not on or by (20) meters of a,1
1441,1441,1441,897914,2021,Abu Dhabi,September,Saturday,Evening,The first week,Deterioration,Driving without a driver's license at all,Liwa Street,Agricultural area,Miserable,Double road,Night - weak lighting,narrow road,No Clouds,dry,driver,Driver,death,18,Male,40,1,There is no,Not at intersection,1
1442,1442,1442,897915,2021,Abu Dhabi,February,Sunday,Evening,the third week,Shock,Preoccupation with the road while driving the vehicle in any way,Sheikh Mohammed bin Rashid Al Maktoum Street,Petrol station,-,Double road,Night - Enough lighting,crowded,No Clouds,dry,driver,Driver,death,29,Male,140,4,There is no,Not on or by (20) meters of a,1
1443,1443,1443,897916,2021,Abu Dhabi,November,Tuesday,In the afternoon,The first week,Run,Not to give priority to the infantry crossing,An internal street,Residential area,Pre -Islamic,Double road,Night - without lighting,Wicked (Bad),No Clouds,dry,pedestrian,There is no passenger,death,4,Female,60,2,There is no,Not on or by (20) meters of a,1
1444,1444,1444,897917,2021,Abu Dhabi,October,Sunday,In the afternoon,the third week,Be shocked,Enter a major road without making sure that it is free,Abu Dhabi Road - Al Ain,External road,Al Wathba (East + West),Double road,day,Wicked (Bad),No Clouds,dry,passenger,A passenger in the front seat,death,28,Male,80,3,There is no,Not on or by (20) meters of a,1
1445,1445,1445,897918,2021,Abu Dhabi,Dec,Wednesday,Before noon,second week,Be shocked,Overcoming the red light signal,Khalid bin Sultan Street,Residential area,Pre -Islamic,Intersection,day,Wicked (Bad),No Clouds,dry,driver,Driver,death,30,Male,100,2,He crosses pedestrian crossing lines,Multi -legs intersection,1
1446,1446,1446,897919,2021,Ajman,January,Monday,Before noon,fourth week,Run,Negligence and lack of attention,Sheikh Ammar bin Humaid Al -Nuaimi Street,Commercial area,Cliff,Double road,Night - Enough lighting,Wicked (Bad),No Clouds,dry,pedestrian,There is no passenger,death,70,Female,80,0,He crosses not on transit lines,Not on or by (20) meters of a,1
1447,1447,1447,897920,2021,Umm Al Quwain,Dec,Wednesday,At noon,The fifth week,Run,Return back without making sure that the road is free,Market Street,Residential area,Old country area,Other (select),day,Wicked (Bad),No Clouds,dry,pedestrian,There is no passenger,death,2,Male,10,1,There is no,Not on or by (20) meters of a,1
1448,1448,1448,897921,2021,Umm Al Quwain,June,Tuesday,Before noon,The fifth week,Shock,Driving the vehicle under the influence of alcohol,Sheikh Mohammed bin Zayed Street (Umm Al Qain - Ras Al Khaimah),External road,Navel,Double road,Night - Enough lighting,Other (select),No Clouds,dry,driver,Driver,death,47,Male,120,3,There is no,Not on or by (20) meters of a,1
1449,1449,1449,897922,2021,Abu Dhabi,October,Sunday,In the afternoon,the third week,Be shocked,Enter a major road without making sure that it is free,Abu Dhabi Road - Al Ain,External road,Al Wathba (East + West),Double road,day,Wicked (Bad),No Clouds,dry,driver,Driver,death,48,Male,80,3,There is no,Not on or by (20) meters of a,1
1450,1450,1450,897923,2021,Abu Dhabi,May,Friday,In the afternoon,fourth week,A fixed body shocked the road,Speed without taking into account the road conditions,Truck Street,External road,All regions,Double road,Night - without lighting,Wicked (Bad),No Clouds,dry,driver,Driver,death,24,Male,80,2,There is no,Not at intersection,1
1451,1451,1451,897924,2021,Umm Al Quwain,August,Monday,Before noon,The fifth week,Deterioration,Driving the vehicle under the influence of alcohol,Sheikh Zayed bin Sultan Al Nahyan Street,Tunnel / Bridge,Polite area,public road,Night - Enough lighting,Wicked (Bad),No Clouds,dry,driver,Driver,death,51,Male,80,1,There is no,Increase deviant roads,1
1452,1452,1452,897925,2021,Abu Dhabi,April,Friday,At noon,second week,Shock,Overcoming the red light signal,IP128 The intersection of Muhammad bin Khalifa - Street 32,Residential area,Ventricle,Intersection,day,Wicked (Bad),No Clouds,dry,driver,Bike,death,29,Male,80,4,There is no,Vertical cross intersection,1
1453,1453,1453,897926,2021,Abu Dhabi,November,Thursday,At noon,The first week,Be shocked,Not adhering to the mandatory itinerary,Al -Hir Street - Al -Shweib,External road,Hayer,public road,day,Wicked (Bad),No Clouds,Temple,passenger,A passenger in the front seat,death,39,Male,120,2,There is no,Not at intersection,1
1454,1454,1454,897927,2021,Abu Dhabi,July,Saturday,Evening,the third week,A fixed body shocked the road,Speed without taking into account the road conditions,An internal street,Residential area,Shuaiba,Double road,Night - Enough lighting,Wicked (Bad),No Clouds,dry,driver,Driver,death,22,Male,60,2,There is no,Not at intersection,1
1455,1455,1455,897928,2021,Sharjah,August,Sunday,At noon,fourth week,Shock,Enter a major road without making sure that it is free,Maliha Street,Commercial area,Mouleeh commercial,Double road,day,Wicked (Bad),No Clouds,dry,driver,Bike,death,27,Male,60,2,There is no,Not on or by (20) meters of a,1
1456,1456,1456,897929,2021,Abu Dhabi,September,Wednesday,Before noon,second week,Shock,Preoccupation with the road while driving the vehicle in any way,Al -Mafraq Al -Shawamik Street,External road,Al -Shawmikh Bridge,public road,day,Wicked (Bad),No Clouds,dry,driver,Driver,death,22,Male,120,4,There is no,Not on or by (20) meters of a,1
1457,1457,1457,897930,2021,Umm Al Quwain,November,Thursday,Evening,the third week,Deterioration,Sudden deviation,Sheikh Mohammed bin Zayed Street (Umm Al Qain - Ras Al Khaimah),Petrol station,Navel,Double road,Night - Enough lighting,Wicked (Bad),No Clouds,dry,passenger,A passenger in the front seat,death,25,Male,120,3,There is no,Not on or by (20) meters of a,1
1458,1458,1458,897931,2021,Abu Dhabi,February,Monday,In the afternoon,fourth week,Shock,Preoccupation with the road while driving the vehicle in any way,Sweihan Road,Residential area,The farmer,Double road,Night - Enough lighting,Wicked (Bad),No Clouds,dry,passenger,Rapid in the back seat,death,17,Male,80,4,There is no,Not on or by (20) meters of a,1
1459,1459,1459,897932,2021,Umm Al Quwain,August,Sunday,Before noon,the third week,Shock,Preoccupation with the road while driving the vehicle in any way,Sheikh Mohammed bin Zayed Street (Umm Al Qain - Ras Al Khaimah),External road,Navel,public road,day,Wicked (Bad),No Clouds,dry,passenger,A passenger in the front seat,death,38,Male,120,3,There is no,Not on or by (20) meters of a,1
1460,1460,1460,897933,2021,Abu Dhabi,April,Wednesday,Before noon,the third week,Be shocked,Enter a major road without making sure that it is free,Al -Maqatra Street - Himim,Sandy area,Nerve,Intersection,day,Wicked (Bad),No Clouds,dry,passenger,A passenger in the front seat,death,23,Male,120,1,There is no,Vertical cross intersection,1
1461,1461,1461,897934,2021,Sharjah,November,Tuesday,Evening,fourth week,A fixed body was shocked outside the road,Driving without a driver's license at all,Sheikh Mohammed bin Zayed Street,Industrial area,Fifteen industrial,Individual,Night - without lighting,Wicked (Bad),No Clouds,dry,driver,Bike,death,37,Male,40,1,There is no,Not on or by (20) meters of a,1
1462,1462,1462,897935,2021,Abu Dhabi,January,Thursday,Evening,The first week,A fixed body was shocked outside the road,Driving a vehicle in a way that puts his life or the lives of others at risk,IPZeroSix ( Kizad ),External road,Long,Bridge / tunnel,Night - Enough lighting,Wicked (Bad),No Clouds,Temple,pedestrian,There is no passenger,death,21,Male,100,4,Familiar,Not on or by (20) meters of a,1
1463,1463,1463,897936,2021,Abu Dhabi,April,Wednesday,Before noon,the third week,Be shocked,Enter a major road without making sure that it is free,Al -Maqatra Street - Himim,Sandy area,Nerve,Intersection,day,Wicked (Bad),No Clouds,dry,passenger,Rapid in the back seat,death,27,Male,120,1,There is no,Vertical cross intersection,1
1464,1464,1464,897937,2021,Sharjah,April,Wednesday,In the afternoon,The first week,Run,Not to give priority to the infantry crossing,corneche Street,garden,the East,public road,day,Wicked (Bad),No Clouds,dry,pedestrian,There is no passenger,Simple,60,Male,60,2,He crosses pedestrian crossing lines,Not on or by (20) meters of a,1
1465,1465,1465,897938,2021,Umm Al Quwain,November,Saturday,Evening,fourth week,Run,Negligence and lack of attention,Al -Maqta Street,Industrial area,Industrial Zone a,Double road,Night - without lighting,Wicked (Bad),No Clouds,dry,pedestrian,There is no passenger,Simple,37,Female,40,2,He crosses not on transit lines,Not on or by (20) meters of a,1
1466,1466,1466,897939,2021,Umm Al Quwain,January,Sunday,Before noon,fourth week,Deterioration,Preoccupation with the road while driving the vehicle in any way,International Federation Street,Commercial area,The Rafeh area,public road,Night - without lighting,Wicked (Bad),No Clouds,dry,passenger,Rapid in the back seat,Simple,35,Male,40,2,There is no,vertigo,1
1467,1467,1467,897940,2021,Abu Dhabi,May,Tuesday,At noon,fourth week,A fixed body shocked the road,Not adhering to the mandatory itinerary,Reem Island,Commercial area,Reem Island,Intersection,day,Wicked (Bad),No Clouds,dry,pedestrian,There is no passenger,Simple,28,Male,80,4,There is no,Not on or by (20) meters of a,1
1468,1468,1468,897941,2021,Ras Al Khaimah,January,Friday,In the afternoon,The first week,Cross -100,Enter a major road without making sure that it is free,Al -Ittihad Street near the National School,Others,Southern,Intersection,day,Wicked (Bad),No Clouds,Temple,passenger,A passenger in the front seat,Simple,33,Female,40,2,There is no,Vertical cross intersection,1
1469,1469,1469,897942,2021,Abu Dhabi,August,Wednesday,Evening,the third week,Shock,Preoccupation with the road while driving the vehicle in any way,There is no definition,External road,Between the two bridges,public road,day,Wicked (Bad),No Clouds,dry,passenger,Rapid in the back seat,Simple,29,Male,80,3,There is no,Not at intersection,1
1470,1470,1470,897943,2021,Abu Dhabi,November,Wednesday,In the afternoon,fourth week,Shock,Driving the vehicle under the influence of narcotic substances or mental effects or,Sheikh Mohammed bin Rashid Al Maktoum Street,External road,There is no definition of regions,Double road,Night - Enough lighting,Wicked (Bad),No Clouds,dry,passenger,Rapid in the back seat,Simple,39,Male,140,4,There is no,Not on or by (20) meters of a,1
1471,1471,1471,897944,2021,Abu Dhabi,Dec,Thursday,Evening,the third week,Shock,Not adhering to the mandatory itinerary,Sheikh Zayed Street - Sheikh Zayed Tunnel,Tunnel / Bridge,There is no definition of regions,Bridge / tunnel,Night - Enough lighting,Wicked (Bad),No Clouds,dry,passenger,A passenger in the front seat,Simple,59,Female,80,4,There is no,Not at intersection,1
1472,1472,1472,897945,2021,Ras Al Khaimah,April,Monday,Evening,The first week,Shock,Negligence and lack of attention,Al -Saadi Street,Governmental,Stagnation,public road,Night - Enough lighting,crowded,No Clouds,Temple,passenger,Rapid in the back seat,Simple,50,Male,100,2,There is no,Not at intersection,1
1473,1473,1473,897946,2021,Abu Dhabi,June,Sunday,Evening,the third week,Be shocked,Overcoming the red light signal,Intersection of the Arabian Gulf - Al Saada,garden,Supervisor,Intersection,day,Wicked (Bad),No Clouds,dry,passenger,Rapid in the back seat,Simple,42,Male,100,4,There is no,Not on or by (20) meters of a,1
1474,1474,1474,897947,2021,Fujairah,April,Thursday,In the afternoon,fourth week,Shocked,Negligence and lack of attention,Sheikh Maktoum Bin Rashid Street,External road,Thoban area,Dhuatatin Road,Night - weak lighting,curve,No Clouds,Temple,pedestrian,There is no passenger,Simple,25,Male,100,2,He crosses not on transit lines,Hole,1
1475,1475,1475,897948,2021,Ras Al Khaimah,January,Wednesday,Before noon,fourth week,Be shocked,Negligence and lack of attention,Dqaladah Street,Governmental,Stagnation,public road,day,Wicked (Bad),No Clouds,Temple,passenger,Rapid in the back seat,Simple,26,Male,80,2,There is no,Hole,1
1476,1476,1476,897949,2021,Abu Dhabi,Dec,Monday,Evening,The first week,Shock,Preoccupation with the road while driving the vehicle in any way,Arabian Gulf Street(Thirty),Tunnel / Bridge,There is no definition of regions,Bridge / tunnel,Night - Enough lighting,Wicked (Bad),No Clouds,dry,passenger,A passenger in the front seat,Simple,21,Female,120,5,There is no,Not at intersection,1
1477,1477,1477,897950,2021,Sharjah,August,Sunday,At noon,the third week,Non -moving,Sudden deviation,University City Street,Petrol station,Shahba,Other (select),day,Wicked (Bad),No Clouds,dry,passenger,A passenger in the front seat,Simple,23,Male,40,0,There is no,Not on or by (20) meters of a,1
1478,1478,1478,897951,2021,Sharjah,October,Sunday,In the afternoon,the third week,Run,Not to give priority to the infantry crossing,Omar bin al-Khattab Street,Commercial area,Pear,Double road,Night - Enough lighting,Wicked (Bad),No Clouds,dry,pedestrian,There is no passenger,Simple,34,Male,80,2,He crosses not on transit lines,Not on or by (20) meters of a,1
1479,1479,1479,897952,2021,Abu Dhabi,March,Thursday,Evening,fourth week,Shock,Driving the vehicle under the influence of narcotic substances or mental effects or,Al -Mafraq Al -Shawamik Street,Others,The shampoo,Double road,Night - Enough lighting,Wicked (Bad),No Clouds,dry,driver,Driver,Simple,37,Female,60,2,There is no,Not on or by (20) meters of a,1
1480,1480,1480,897953,2021,Abu Dhabi,September,Monday,At noon,the third week,Be shocked,Failure to adhere to traffic signs,Riyadh city,Residential area,There is no definition of regions,Intersection,day,Wicked (Bad),No Clouds,dry,passenger,Rapid in the back seat,Simple,9,Male,40,1,There is no,Vertical cross intersection,1
1481,1481,1481,897954,2021,Abu Dhabi,November,Sunday,In the afternoon,fourth week,Run,Preoccupation with the road while driving the vehicle in any way,Armored road,External road,Industrial armored bridge,Double road,Night - Enough lighting,Wicked (Bad),No Clouds,dry,pedestrian,There is no passenger,Simple,54,Male,120,3,He crosses not on transit lines,Not on or by (20) meters of a,1
1482,1482,1482,897955,2021,Abu Dhabi,November,Tuesday,Evening,second week,Shock,Overcoming the red light signal,IPFortyFour Peace Intersection - Hazaa Bin Zayed The First,Commercial area,Al Dhafra (Abu Dhabi),Intersection,Night - Enough lighting,Wicked (Bad),No Clouds,dry,passenger,Rapid in the back seat,Simple,37,Male,80,4,There is no,Vertical cross intersection,1
1483,1483,1483,897956,2021,Abu Dhabi,November,Wednesday,Before noon,fourth week,Shock,Not leaving enough distance,Al -Felt Street (Nin),Residential area,There is no definition of regions,Intersection,day,Wicked (Bad),No Clouds,dry,driver,Driver,Simple,55,Female,80,4,There is no,Vertical cross intersection,1
1484,1484,1484,897957,2021,Abu Dhabi,March,Thursday,Before noon,the third week,Shock,Not leaving enough distance,Municipal Street,Governmental,Jimmy,Double road,day,Wicked (Bad),No Clouds,dry,pedestrian,There is no passenger,Simple,40,Male,80,3,He crosses pedestrian crossing lines,Not at intersection,1
1485,1485,1485,897958,2021,Sharjah,January,Wednesday,Evening,The first week,Shock,Preoccupation with the road while driving the vehicle in any way,Sheikh Saeed Al Qasimi Street,garden,Sidra,vertigo,Night - Enough lighting,Wicked (Bad),No Clouds,dry,driver,Bike,Simple,45,Male,60,3,Familiar,vertigo,1
1486,1486,1486,897959,2021,Abu Dhabi,February,Friday,Evening,fourth week,Shock,Not leaving enough distance,Abu Dhabi Road - Al Ain,Residential area,Treasury Bridge,Other (select),Night - Enough lighting,Wicked (Bad),No Clouds,dry,driver,Driver,Simple,41,Male,160,4,There is no,Not on or by (20) meters of a,1
1487,1487,1487,897960,2021,Abu Dhabi,October,Thursday,In the afternoon,the third week,Be shocked,Sudden stand,corneche Street,Commercial area,The port,public road,Night - Enough lighting,Wicked (Bad),No Clouds,dry,driver,Bike,Simple,49,Male,80,3,There is no,Not on or by (20) meters of a,1
1488,1488,1488,897961,2021,Abu Dhabi,November,Saturday,At noon,fourth week,Deterioration,Not adhering to the mandatory itinerary,General Street (Abu Dhabi - Commodities),Tunnel / Bridge,Ruwais,Double road,day,Wicked (Bad),No Clouds,dry,passenger,Rapid in the back seat,Simple,27,Male,80,3,There is no,Not at intersection,1
1489,1489,1489,897962,2021,Sharjah,May,Monday,Evening,fourth week,Run,Not to give priority to the infantry crossing,Sharjah Ring Street,Residential area,Garage,Double road,Night - Enough lighting,Wicked (Bad),No Clouds,dry,pedestrian,There is no passenger,Simple,36,Female,60,2,He crosses not on transit lines,Not on or by (20) meters of a,1
1490,1490,1490,897963,2021,Abu Dhabi,September,Monday,At noon,the third week,Be shocked,Failure to adhere to traffic signs,Riyadh city,Residential area,There is no definition of regions,Intersection,day,Wicked (Bad),No Clouds,dry,passenger,Rapid in the back seat,Simple,7,Female,40,1,There is no,Vertical cross intersection,1
1491,1491,1491,897964,2021,Sharjah,July,Sunday,Evening,the third week,Be shocked,Preoccupation with the road while driving the vehicle in any way,Al -Orouba Street,garden,Jubail,Double road,Night - Enough lighting,Wicked (Bad),No Clouds,dry,driver,Bike,Simple,29,Male,60,2,There is no,Not on or by (20) meters of a,1