,Unnamed: 0.1,Unnamed: 0,Fake ID,Year,City,Month,Day,Time,Week,Type Of Accident,Reasons,Street,Place,Area,Location,Lighting,Road Condition,Weather Condition,Road surface,Lay injured,Injured seat,Degree of injury,Age of the injured,The person's gender,Speed of the road,Number of tracks,Pedestrian behavior,Intersection,Total
1666,1666,1666,898139,2021,Fujairah,May,Wednesday,Evening,fourth week,Consecutive,Not leaving enough distance,Marishid Street,Residential area,Marishid area,Double road,Night - Enough lighting,Wicked (Bad),No Clouds,Temple,driver,Driver,Medium,27,Male,60,2,There is no,Not on or by (20) meters of a,1
1667,1667,1667,898140,2021,Abu Dhabi,May,Monday,Evening,The first week,Shock,Speed without taking into account the road conditions,General Street (Abu Dhabi - Commodities),Tunnel / Bridge,Ruwais,Double road,Night - Enough lighting,Wicked (Bad),No Clouds,dry,driver,Driver,Medium,25,Male,80,3,There is no,Not on or by (20) meters of a,1
1668,1668,1668,898141,2021,Sharjah,June,Sunday,Evening,second week,Shock,Driving under the influence of intoxicant or anesthetic,Sharjah Ring Street,Industrial area,The twelve industrial industrial,Individual,Night - Enough lighting,Wicked (Bad),No Clouds,dry,passenger,A passenger in the front seat,Medium,24,Male,40,1,There is no,Others,1
1669,1669,1669,898142,2021,Abu Dhabi,May,Wednesday,In the afternoon,fourth week,Shock,Not leaving enough distance,Arabian Gulf Street(Thirty),Residential area,Khalidiya,Intersection,day,Wicked (Bad),No Clouds,dry,driver,Bike,Medium,52,Male,80,4,There is no,Not on or by (20) meters of a,1
1670,1670,1670,898143,2021,Abu Dhabi,February,Friday,In the afternoon,The first week,Cross -100,Enter a major road without making sure that it is free,Justice,Residential area,Sweihan,Dhuatatin Road,Night - Enough lighting,Wicked (Bad),No Clouds,Temple,driver,Driver,Medium,40,Male,80,2,There is no,Vertical cross intersection,1
1671,1671,1671,898144,2021,Ras Al Khaimah,February,Tuesday,Evening,second week,Shock,Preoccupation with the road while driving the vehicle in any way,Sheikh Mohammed bin Saqr Street,Commercial area,Sih Al -Barirat,public road,Night - Enough lighting,Wicked (Bad),No Clouds,Temple,driver,Bike,Medium,26,Male,60,2,There is no,Not at intersection,1
1672,1672,1672,898145,2021,Abu Dhabi,August,Sunday,At noon,fourth week,Shock,Sudden deviation,Nahel Street - Al Ain,Residential area,All regions,Double road,day,Wicked (Bad),No Clouds,dry,passenger,A passenger in the front seat,Medium,44,Female,140,2,There is no,Not at intersection,1
1673,1673,1673,898146,2021,Ajman,March,Friday,At noon,the third week,Deterioration,Negligence and lack of attention,Sheikh Mohammed bin Zayed Street,External road,Brightness,Double road,day,Wicked (Bad),No Clouds,dry,passenger,Rapid in the back seat,Medium,28,Male,120,0,There is no,Not on or by (20) meters of a,1
1674,1674,1674,898147,2021,Ajman,February,Sunday,In the afternoon,fourth week,Run,Negligence and lack of attention,unknown,Residential area,Naimia,Individual,day,Wicked (Bad),No Clouds,dry,pedestrian,There is no passenger,Medium,6,Female,40,0,There is no,Not on or by (20) meters of a,1
1675,1675,1675,898148,2021,Abu Dhabi,October,Monday,Evening,fourth week,Run,Preoccupation with the road while driving the vehicle in any way,Al -Mafraq Al -Shawamik Street,Residential area,Al -Shamekha Bridge,Individual,Night - Enough lighting,Wicked (Bad),No Clouds,dry,pedestrian,There is no passenger,Medium,46,Male,60,2,He crosses not on transit lines,Not on or by (20) meters of a,1
1676,1676,1676,898149,2021,Sharjah,Dec,Tuesday,In the afternoon,The first week,Run,Overing from the right or ingredon is cautious,Sheikh Saqr bin Khalid Al Qasimi Street,Residential area,Stupidity,Other (select),day,Wicked (Bad),No Clouds,dry,pedestrian,There is no passenger,Medium,15,Male,40,1,There is no,Others,1
1677,1677,1677,898150,2021,Ajman,February,Tuesday,Evening,The first week,Run,Negligence and lack of attention,Ammar Bin Yasser Street,Residential area,Rashidiya,Individual,Night - Enough lighting,Wicked (Bad),No Clouds,dry,pedestrian,There is no passenger,Medium,6,Male,40,0,There is no,Not on or by (20) meters of a,1
1678,1678,1678,898151,2021,Abu Dhabi,February,Thursday,Before noon,second week,Run,Negligence and lack of attention,Khalifa Bin Zayed Street(Three),Residential area,Central (West),Individual,Night - Enough lighting,Wicked (Bad),No Clouds,dry,pedestrian,There is no passenger,Medium,30,Female,40,2,He crosses not on transit lines,Not at intersection,1
1679,1679,1679,898152,2021,Abu Dhabi,November,Wednesday,Before noon,The first week,Be shocked,Overcoming the red light signal,Riyadh city,Residential area,There is no definition of regions,Intersection,day,Wicked (Bad),No Clouds,dry,driver,Driver,Medium,27,Male,80,4,There is no,Multi -legs intersection,1
1680,1680,1680,898153,2021,Ras Al Khaimah,September,Wednesday,Before noon,second week,Shock,Preoccupation with the road while driving the vehicle in any way,Kadra Street - Dafta,Tunnel / Bridge,Disgust,public road,day,Other (select),No Clouds,dry,driver,Driver,Medium,22,Male,120,2,There is no,Not on or by (20) meters of a,1
1681,1681,1681,898154,2021,Ajman,June,Monday,At noon,fourth week,Be shocked,Sudden deviation,unknown,Governmental,Rashidiya,Double road,Night - without lighting,Wicked (Bad),No Clouds,dry,driver,Bike,Medium,8,Male,40,0,There is no,A meeting of half -vertical roads,1
1682,1682,1682,898155,2021,Abu Dhabi,March,Sunday,Before noon,fourth week,Be shocked,Exaggeration in a place where transgression is forbidden,Al -Mafraq Al -Shawamik Street,Residential area,Tall,Double road,day,Wicked (Bad),No Clouds,dry,driver,Driver,Medium,25,Male,40,2,There is no,A meeting of half -vertical roads,1
1683,1683,1683,898156,2021,Sharjah,July,Tuesday,In the afternoon,The first week,Run,Not to give priority to the infantry crossing,Kuwait Street,Residential area,Qadisiyah,Individual,day,Wicked (Bad),No Clouds,dry,pedestrian,There is no passenger,Medium,50,Female,60,2,He crosses not on transit lines,Not at intersection,1
1684,1684,1684,898157,2021,Abu Dhabi,April,Monday,At noon,second week,Be shocked,Not adhering to the mandatory itinerary,Al Ain Street,Industrial area,Industrial,public road,day,Wicked (Bad),No Clouds,dry,driver,Driver,Medium,32,Female,100,3,There is no,Not at intersection,1
1685,1685,1685,898158,2021,Abu Dhabi,May,Tuesday,In the afternoon,The first week,Shock,Enter a major road without making sure that it is free,Al Ain Street - Al -Wajan - Al -Qaa,External road,Custody,public road,Night - Enough lighting,Wicked (Bad),No Clouds,dry,passenger,A passenger in the front seat,Medium,36,Female,140,2,There is no,Not on or by (20) meters of a,1
1686,1686,1686,898159,2021,Abu Dhabi,April,Friday,In the afternoon,fourth week,Run,Not to give priority to the infantry crossing,Lamp,Residential area,Healer,Individual,day,Wicked (Bad),No Clouds,dry,pedestrian,There is no passenger,Medium,2,Male,40,1,There is no,Not on or by (20) meters of a,1
1687,1687,1687,898160,2021,Abu Dhabi,August,Saturday,At noon,The first week,Be shocked,Failure to adhere to traffic signs,An internal street,Industrial area,Industrial,Dhuatatin Road,day,Wicked (Bad),No Clouds,dry,driver,Bike,Medium,22,Male,40,2,There is no,Not at intersection,1
1688,1688,1688,898161,2021,Ras Al Khaimah,January,Wednesday,Before noon,fourth week,Be shocked,Negligence and lack of attention,Dqaladah Street,Governmental,Stagnation,public road,day,Wicked (Bad),No Clouds,Temple,passenger,Rapid in the back seat,Medium,28,Male,80,2,There is no,Hole,1
1689,1689,1689,898162,2021,Fujairah,August,Tuesday,In the afternoon,The fifth week,Shock,Enter a major road without making sure that it is free,Sheikh Maktoum Bin Rashid Street,Mountainous area,Thoban area,Other (select),Night - Enough lighting,Wicked (Bad),No Clouds,Temple,passenger,Rapid in the back seat,Medium,69,Female,100,2,There is no,Hole,1
1690,1690,1690,898163,2021,Abu Dhabi,October,Wednesday,In the afternoon,fourth week,Deterioration,Preoccupation with the road while driving the vehicle in any way,Sheikh Maktoum Bin Rashid Street,Residential area,Al Shaila,Individual,Night - Enough lighting,Wicked (Bad),No Clouds,dry,driver,Driver,Medium,19,Male,80,2,There is no,Not on or by (20) meters of a,1
1691,1691,1691,898164,2021,Abu Dhabi,January,Saturday,Before noon,the third week,Run,Overcoming the red light signal,IPTwo Zayed the First Intersection - Khaled Bin Al Waleed,Commercial area,Fortress,Intersection,day,Wicked (Bad),No Clouds,dry,pedestrian,There is no passenger,Medium,59,Male,60,4,It crosses the crossing lines,Multi -legs intersection,1
1692,1692,1692,898165,2021,Abu Dhabi,April,Sunday,At noon,The first week,Shock,Preoccupation with the road while driving the vehicle in any way,There is no definition,Commercial area,Industrial Archbishop,Double road,day,Wicked (Bad),No Clouds,dry,driver,Driver,Medium,57,Male,60,3,There is no,Not on or by (20) meters of a,1
1693,1693,1693,898166,2021,Ajman,January,Wednesday,At noon,fourth week,A fixed body shocked the road,Sudden deviation,Sheikh Hamid bin Rashid Al Nuaimi Street,Others,Rumor,Double road,day,Wicked (Bad),No Clouds,dry,driver,Driver,Medium,36,Male,50,0,There is no,Not on or by (20) meters of a,1
1694,1694,1694,898167,2021,Abu Dhabi,May,Monday,Evening,The first week,Shock,Speed without taking into account the road conditions,General Street (Abu Dhabi - Commodities),Tunnel / Bridge,Ruwais,Double road,Night - Enough lighting,Wicked (Bad),No Clouds,dry,driver,Driver,Medium,55,Male,80,3,There is no,Not on or by (20) meters of a,1
1695,1695,1695,898168,2021,Abu Dhabi,August,Sunday,Evening,The fifth week,Deterioration,Preoccupation with the road while driving the vehicle in any way,Khalifa Bin Zayed Street I,Industrial area,There is no definition of regions,Double road,Night - Enough lighting,Wicked (Bad),No Clouds,dry,passenger,Rapid in the back seat,Medium,20,Male,100,3,There is no,Not at intersection,1
1696,1696,1696,898169,2021,Ajman,July,Monday,At noon,second week,Run,Negligence and lack of attention,Kuwait Street,Commercial area,Naimia,Double road,day,Wicked (Bad),No Clouds,dry,pedestrian,There is no passenger,Medium,4,Male,40,0,There is no,Vertical cross intersection,1
1697,1697,1697,898170,2021,Abu Dhabi,February,Saturday,Evening,fourth week,Deterioration,Speed without taking into account the road conditions,Airport roundabout,Sandy area,Raw,Out of the way,Night - without lighting,Wicked (Bad),No Clouds,Sand,passenger,A passenger in the front seat,Medium,22,Male,40,0,There is no,Not on or by (20) meters of a,1
1698,1698,1698,898171,2021,Sharjah,March,Tuesday,Before noon,The first week,Deterioration,Sudden deviation,Sheikh Mohammed bin Zayed Street,Sandy area,Hamriyah,Other (select),Night - without lighting,Wicked (Bad),No Clouds,Sand,passenger,A passenger in the front seat,Medium,33,Male,10,1,There is no,Not on or by (20) meters of a,1
1699,1699,1699,898172,2021,Abu Dhabi,August,Tuesday,Before noon,The first week,Shock,Overcoming the red light signal - the arrow signal,Sultan Bin Zayed the First Street (Thirty Two),Governmental,There is no definition of regions,Intersection,day,Wicked (Bad),No Clouds,dry,driver,Driver,Medium,32,Male,100,3,There is no,Vertical cross intersection,1
1700,1700,1700,898173,2021,Umm Al Quwain,May,Monday,Before noon,second week,Be shocked,Preoccupation with the road while driving the vehicle in any way,Sheikh Mohammed bin Zayed Street (Umm Al Qain - Ras Al Khaimah),Petrol station,Navel,Double road,day,Wicked (Bad),No Clouds,dry,driver,Driver,Medium,40,Male,120,3,There is no,Not on or by (20) meters of a,1
1701,1701,1701,898174,2021,Abu Dhabi,March,Sunday,In the afternoon,fourth week,Be shocked,Not adhering to the mandatory itinerary,Muhammad bin Khalifa Street,Residential area,Dropper,public road,day,Wicked (Bad),No Clouds,dry,driver,Bike,Medium,28,Male,80,3,There is no,Not at intersection,1
1702,1702,1702,898175,2021,Abu Dhabi,January,Friday,Evening,second week,Run,Sudden deviation,An internal street,Commercial area,Camp Companies,Intersection,Night - Enough lighting,Wicked (Bad),No Clouds,dry,pedestrian,There is no passenger,Medium,25,Male,80,2,Familiar,Multi -legs intersection,1
1703,1703,1703,898176,2021,Abu Dhabi,October,Saturday,Before noon,the third week,A fixed body shocked the road,Preoccupation with the road while driving the vehicle in any way,Al -Mafraq Al -Shawamik Street,Residential area,Tall,vertigo,day,Wicked (Bad),No Clouds,Temple,passenger,A passenger in the front seat,Medium,51,Female,60,3,There is no,Not at intersection,1
1704,1704,1704,898177,2021,Abu Dhabi,June,Sunday,Before noon,the third week,Be shocked,Preoccupation with the road while driving the vehicle in any way,Al -Mafraq Al -Shawamik Street,External road,Mafraq Hospital Bridge,Double road,day,curve,No Clouds,dry,driver,Driver,Medium,23,Male,140,4,There is no,A meeting of half -vertical roads,1
1705,1705,1705,898178,2021,Fujairah,August,Tuesday,In the afternoon,The fifth week,Shock,Enter a major road without making sure that it is free,Sheikh Maktoum Bin Rashid Street,Mountainous area,Thoban area,Other (select),Night - Enough lighting,Wicked (Bad),No Clouds,Temple,passenger,Rapid in the back seat,Medium,85,Female,100,2,There is no,Hole,1
1706,1706,1706,898179,2021,Umm Al Quwain,April,Tuesday,Evening,The first week,Run,Negligence and lack of attention,Sheikh Zayed bin Sultan Al Nahyan Street,Petrol station,Al -Labsa area,public road,Night - Enough lighting,curve,No Clouds,dry,pedestrian,There is no passenger,Medium,29,Male,100,2,There is no,Not on or by (20) meters of a,1
1707,1707,1707,898180,2021,Abu Dhabi,September,Monday,At noon,The first week,Run,Not to give priority to the infantry crossing,Sheikh Mohammed bin Zayed Street,External road,Swallow,public road,day,Wicked (Bad),No Clouds,dry,pedestrian,There is no passenger,Medium,60,Male,80,3,There is no,Not at intersection,1
1708,1708,1708,898181,2021,Abu Dhabi,April,Monday,At noon,The first week,Run,Preoccupation with the road while driving the vehicle in any way,There is no definition,Commercial area,Industrial Archbishop,Individual,day,Wicked (Bad),No Clouds,dry,pedestrian,There is no passenger,Medium,36,Female,30,1,Familiar,Not on or by (20) meters of a,1
1709,1709,1709,898182,2021,Abu Dhabi,September,Wednesday,At noon,the third week,Run,Preoccupation with the road while driving the vehicle in any way,Zayed the First Intersection - Street Twenty Six,Residential area,Khalidiya,Intersection,day,Wicked (Bad),No Clouds,dry,pedestrian,There is no passenger,Medium,41,Male,40,2,He crosses not on transit lines,A meeting of half -vertical roads,1
1710,1710,1710,898183,2021,Abu Dhabi,May,Friday,In the afternoon,The first week,Be shocked,Driving without a driver's license at all,There is no definition,Commercial area,Industrial Archbishop,Double road,day,Wicked (Bad),No Clouds,dry,driver,Driver,Medium,24,Male,60,2,There is no,Not on or by (20) meters of a,1
1711,1711,1711,898184,2021,Abu Dhabi,June,Tuesday,Before noon,the third week,Deterioration,Sudden deviation,Zayed Bin Sultan Street (General),External road,More,Double road,day,Wicked (Bad),No Clouds,dry,driver,Driver,Medium,34,Male,80,3,There is no,vertigo,1
1712,1712,1712,898185,2021,Ras Al Khaimah,September,Wednesday,Before noon,the third week,Be shocked,Enter a major road without making sure that it is free,Mohammed Bin Salem Street from Dolphin Roundabout to Dr. Sorghum,Others,The Red Island,public road,day,Wicked (Bad),No Clouds,Temple,driver,Bike,Medium,30,Male,100,2,There is no,Others,1
1713,1713,1713,898186,2021,Abu Dhabi,June,Saturday,Evening,the third week,Shock,Preoccupation with the road while driving the vehicle in any way,Sheikh Maktoum Bin Rashid Street,Tunnel / Bridge,Sayeh Al -Sidair,Individual,Night - Enough lighting,Wicked (Bad),No Clouds,dry,passenger,Rapid in the back seat,Medium,23,Male,120,4,There is no,Not on or by (20) meters of a,1
1714,1714,1714,898187,2021,Fujairah,August,Thursday,In the afternoon,the third week,Run,Preoccupation with the road while driving the vehicle in any way,Al -Tuwayen Street,Industrial area,Sarram area,Individual,Night - without lighting,Wicked (Bad),No Clouds,Temple,pedestrian,There is no passenger,Medium,64,Male,40,1,There is no,Not on or by (20) meters of a,1
1715,1715,1715,898188,2021,Sharjah,March,Sunday,Before noon,second week,Be shocked,Sudden deviation,Al Hamriyah Street,Commercial area,Hamriyah,Double road,day,Wicked (Bad),No Clouds,dry,driver,Driver,Medium,34,Male,80,2,There is no,Not on or by (20) meters of a,1
1716,1716,1716,898189,2021,Abu Dhabi,November,Thursday,In the afternoon,fourth week,Be shocked,Enter a major road without making sure that it is free,An internal street,Mosque,Salamat,Other (select),Night - Enough lighting,Wicked (Bad),No Clouds,dry,driver,Driver,Medium,13,Male,40,2,There is no,Not at intersection,1
1717,1717,1717,898190,2021,Abu Dhabi,October,Sunday,In the afternoon,the third week,Be shocked,Enter a major road without making sure that it is free,Abu Dhabi Road - Al Ain,External road,Al Wathba (East + West),Double road,day,Wicked (Bad),No Clouds,dry,driver,Driver,Medium,20,Male,80,3,There is no,Not on or by (20) meters of a,1
1718,1718,1718,898191,2021,Abu Dhabi,November,Sunday,In the afternoon,second week,Be shocked,Enter a major road without making sure that it is free,Armored road,Commercial area,There is no definition of regions,Double road,Night - Enough lighting,Wicked (Bad),No Clouds,dry,driver,Driver,Medium,53,Male,120,2,There is no,A meeting of half -vertical roads,1
1719,1719,1719,898192,2021,Ras Al Khaimah,January,Wednesday,Before noon,fourth week,Be shocked,Negligence and lack of attention,Dqaladah Street,Governmental,Stagnation,public road,day,Wicked (Bad),No Clouds,Temple,passenger,Rapid in the back seat,Medium,27,Male,80,2,There is no,Hole,1
1720,1720,1720,898193,2021,Abu Dhabi,August,Thursday,Evening,The first week,Run,Preoccupation with the road while driving the vehicle in any way,Armored road,School,Popularism,Double road,Night - Enough lighting,Wicked (Bad),No Clouds,dry,pedestrian,There is no passenger,Medium,68,Female,60,2,He crosses not on transit lines,Not on or by (20) meters of a,1
1721,1721,1721,898194,2021,Abu Dhabi,March,Saturday,Evening,second week,Shock,Preoccupation with the road while driving the vehicle in any way,Abu Dhabi Road - Al Ain,Residential area,Mohammed bin Zayed City,Double road,Night - Enough lighting,The movement is suspended,No Clouds,dry,driver,Bike,Medium,24,Male,80,3,There is no,Vertical cross intersection,1
1722,1722,1722,898195,2021,Abu Dhabi,November,Monday,Evening,fourth week,Shock,Enter a major road without making sure that it is free,Abu Dhabi Road - Al Ain,Residential area,Bani Yas (East),Double road,Night - without lighting,Wicked (Bad),No Clouds,dry,driver,Driver,Medium,10,Male,60,2,There is no,Not on or by (20) meters of a,1
1723,1723,1723,898196,2021,Ras Al Khaimah,November,Wednesday,Before noon,The first week,Shock,Not leaving enough distance,Sheikh Mohammed bin Zayed Street,Others,The Red Island,public road,day,Wicked (Bad),fog,Temple,driver,Driver,Medium,45,Male,100,3,There is no,Not at intersection,1
1724,1724,1724,898197,2021,Ajman,June,Monday,Before noon,the third week,Run,Negligence and lack of attention,Sheikh Khalifa bin Zayed Street,Commercial area,Naimia,Double road,day,Wicked (Bad),No Clouds,dry,pedestrian,There is no passenger,Medium,39,Female,40,0,There is no,Not on or by (20) meters of a,1
1725,1725,1725,898198,2021,Abu Dhabi,June,Friday,Evening,The first week,Shock,Preoccupation with the road while driving the vehicle in any way,Abu Dhabi Road - Al Ain,External road,Hawi bridge,public road,Night - Enough lighting,Wicked (Bad),No Clouds,dry,driver,Driver,Medium,23,Male,120,4,There is no,Not at intersection,1
1726,1726,1726,898199,2021,Sharjah,July,Saturday,Evening,second week,Consecutive,Negligence and lack of attention,Al Madam / Hatta,External road,Madame,Double road,Night - Enough lighting,Wicked (Bad),No Clouds,dry,passenger,A passenger in the front seat,Medium,34,Male,120,2,There is no,Not on or by (20) meters of a,1
1727,1727,1727,898200,2021,Abu Dhabi,May,Friday,Before noon,second week,Be shocked,Overcoming the red light signal,Clock signal intersection,Commercial area,City center,Double road,day,Wicked (Bad),No Clouds,dry,driver,Bike,Medium,40,Male,80,3,There is no,Multi -legs intersection,1
1728,1728,1728,898201,2021,Abu Dhabi,September,Thursday,Evening,The first week,Shock,Preoccupation with the road while driving the vehicle in any way,There is no definition,Industrial area,Industrial Archbishop,public road,Night - Enough lighting,Wicked (Bad),No Clouds,dry,driver,Driver,Medium,32,Male,80,3,There is no,Not on or by (20) meters of a,1
1729,1729,1729,898202,2021,Abu Dhabi,Dec,Monday,In the afternoon,second week,Be shocked,Enter a major road without making sure that it is free,An internal street,Commercial area,Apparent,Intersection,Night - Enough lighting,Wicked (Bad),No Clouds,dry,passenger,A passenger in the front seat,Medium,11,Male,40,2,There is no,Multi -legs intersection,1
1730,1730,1730,898203,2021,Abu Dhabi,August,Thursday,At noon,The first week,Be shocked,Negligence and lack of attention,An internal street,Residential area,Apparent,Individual,day,Wicked (Bad),No Clouds,dry,driver,Driver,Medium,11,Male,40,2,There is no,Not at intersection,1
1731,1731,1731,898204,2021,Abu Dhabi,Dec,Wednesday,Evening,The first week,Shock,Not adhering to the mandatory itinerary,Baynunah Street(Thirty Four),Governmental,Ventricle,Individual,Night - Enough lighting,Wicked (Bad),No Clouds,dry,driver,Bike,Medium,26,Male,80,3,There is no,Not on or by (20) meters of a,1
1732,1732,1732,898205,2021,Abu Dhabi,October,Sunday,Evening,fourth week,Shock,Preoccupation with the road while driving the vehicle in any way,Tarif road,School,sedate,Out of the way,Night - without lighting,Wicked (Bad),No Clouds,dry,passenger,Rapid in the back seat,Medium,21,Male,40,1,There is no,Not on or by (20) meters of a,1
1733,1733,1733,898206,2021,Sharjah,February,Tuesday,Evening,second week,Be shocked,Sudden deviation,Lake Corniche Street,Residential area,Magazine 1,Double road,Night - Enough lighting,Wicked (Bad),No Clouds,dry,driver,Bike,Medium,20,Male,80,3,There is no,Not on or by (20) meters of a,1
1734,1734,1734,898207,2021,Abu Dhabi,January,Friday,Evening,The fifth week,Deterioration,Failure to adhere to traffic signs,Armored road,Industrial area,Industrial Archbishop,Intersection,day,Wicked (Bad),No Clouds,Temple,driver,Bike,Medium,33,Male,80,2,There is no,Vertical cross intersection,1
1735,1735,1735,898208,2021,Abu Dhabi,September,Monday,At noon,the third week,Deterioration,Driving without a driver's license at all,Sheikh Maktoum Bin Rashid Street,Residential area,Al Shaila,Double road,day,Wicked (Bad),No Clouds,dry,passenger,A passenger in the front seat,Medium,17,Male,80,2,There is no,Not on or by (20) meters of a,1
1736,1736,1736,898209,2021,Abu Dhabi,April,Monday,In the afternoon,second week,Run,Not to give priority to the infantry crossing,An internal street,Residential area,Merkhania,parking,day,Wicked (Bad),No Clouds,dry,pedestrian,There is no passenger,Medium,4,Male,40,2,Familiar,Not at intersection,1
1737,1737,1737,898210,2021,Ras Al Khaimah,August,Wednesday,Evening,second week,Shock,Not leaving enough distance,Dahisha Street,Residential area,Soothing,public road,Night - Enough lighting,Wicked (Bad),No Clouds,Temple,driver,Driver,Medium,20,Male,80,2,There is no,Not on or by (20) meters of a,1
1738,1738,1738,898211,2021,Umm Al Quwain,October,Thursday,Before noon,The first week,Deterioration,Sudden deviation,Sheikh Mohammed bin Zayed Street (Umm Al Qain - Ras Al Khaimah),Tunnel / Bridge,Navel,Double road,day,Wicked (Bad),No Clouds,dry,passenger,A passenger in the front seat,Medium,31,Male,140,3,There is no,Not on or by (20) meters of a,1
1739,1739,1739,898212,2021,Sharjah,January,Monday,At noon,second week,Be shocked,Sudden deviation,Hamriyah,Commercial area,Hamriyah,Side,day,Wicked (Bad),No Clouds,dry,pedestrian,There is no passenger,Medium,39,Male,20,1,Familiar,Not on or by (20) meters of a,1
1740,1740,1740,898213,2021,Abu Dhabi,January,Friday,At noon,the third week,Be shocked,Enter a major road without making sure that it is free,Truck Road (Abu Dhabi-Al Ain),External road,There is no definition of regions,Dhuatatin Road,day,Wicked (Bad),No Clouds,dry,passenger,A passenger in the front seat,Medium,52,Male,80,2,There is no,Not on or by (20) meters of a,1
1741,1741,1741,898214,2021,Abu Dhabi,August,Wednesday,Evening,fourth week,Shock,Not leaving enough distance,Sultan Bin Zayed the First Street (Thirty Two),Commercial area,There is no definition of regions,Double road,Night - Enough lighting,Wicked (Bad),No Clouds,dry,driver,Bike,Medium,26,Male,80,3,There is no,Not on or by (20) meters of a,1
1742,1742,1742,898215,2021,Sharjah,April,Friday,At noon,the third week,Run,Negligence and lack of attention,Muhammad bin Sultan Al Qasimi Street,Residential area,Fascist,vertigo,day,crowded,No Clouds,dry,pedestrian,There is no passenger,Medium,26,Male,60,2,He crosses not on transit lines,vertigo,1
1743,1743,1743,898216,2021,Abu Dhabi,March,Monday,In the afternoon,fourth week,Deterioration,Preoccupation with the road while driving the vehicle in any way,Sheikh Mohammed bin Zayed Street,Residential area,There is no definition of regions,public road,day,Wicked (Bad),No Clouds,dry,driver,Driver,Medium,21,Male,60,2,There is no,Not on or by (20) meters of a,1
1744,1744,1744,898217,2021,Sharjah,July,Friday,Evening,fourth week,Deterioration,Sudden deviation,Gamal Abdel Nasser Street,Residential area,Al -Majaz 2,Double road,Night - Enough lighting,Wicked (Bad),No Clouds,dry,driver,Bike,Medium,24,Male,60,2,There is no,Not on or by (20) meters of a,1
1745,1745,1745,898218,2021,Ajman,February,Tuesday,At noon,fourth week,Be shocked,Return back without making sure that the road is free,College Street,Residential area,Naimia,Double road,day,Wicked (Bad),No Clouds,dry,passenger,A passenger in the front seat,Medium,22,Female,50,0,There is no,Not on or by (20) meters of a,1
1746,1746,1746,898219,2021,Sharjah,June,Friday,Evening,fourth week,Be shocked,Not adhering to the mandatory itinerary,Sheikh Khalid bin Mohammed Al Qasimi Street,Mosque,Sheikh Khaled Road,public road,Night - Enough lighting,Wicked (Bad),No Clouds,dry,driver,Driver,Medium,61,Male,80,3,There is no,Not on or by (20) meters of a,1
1747,1747,1747,898220,2021,Abu Dhabi,November,Tuesday,Evening,second week,A fixed body shocked the road,Preoccupation with the road while driving the vehicle in any way,Corniche intersection - Street Twenty Six,Governmental,Khalidiya,vertigo,Night - Enough lighting,Wicked (Bad),No Clouds,dry,driver,Driver,Medium,33,Male,60,3,There is no,vertigo,1
1748,1748,1748,898221,2021,Abu Dhabi,November,Thursday,In the afternoon,the third week,Deterioration,The presence of the road or a wide hole,There is no definition,Commercial area,Industrial Archbishop,Individual,Night - Enough lighting,Hole,No Clouds,Other (select),driver,Bike,Medium,27,Male,80,3,There is no,Not on or by (20) meters of a,1
1749,1749,1749,898222,2021,Abu Dhabi,April,Tuesday,Evening,The first week,Shock,Driving without a driver's license at all,Sultan Bin Zayed the First Street (Thirty Two),Commercial area,There is no definition of regions,public road,Night - Enough lighting,Wicked (Bad),No Clouds,dry,driver,Bike,Medium,34,Male,80,4,There is no,Not at intersection,1
1750,1750,1750,898223,2021,Abu Dhabi,March,Tuesday,Evening,second week,Shock,Overcoming the red light signal,Rashid between Sayed Al Maktoum Street (Tah),Residential area,Central,Intersection,day,Wicked (Bad),No Clouds,dry,driver,Bike,Medium,42,Male,80,4,There is no,Vertical cross intersection,1
1751,1751,1751,898224,2021,Abu Dhabi,May,Wednesday,Evening,The first week,Be shocked,Not adhering to the mandatory itinerary,Al -Muhairi signals,Residential area,Merkhania,Dhuatatin Road,Night - Enough lighting,Wicked (Bad),No Clouds,dry,driver,Driver,Medium,21,Male,40,1,There is no,Hole,1
1752,1752,1752,898225,2021,Abu Dhabi,April,Wednesday,In the afternoon,fourth week,Shock,Not leaving enough distance,Al Tawa roundabout,Residential area,Fold,Double road,Night - Enough lighting,Wicked (Bad),No Clouds,dry,driver,Driver,Medium,16,Female,80,3,There is no,Not at intersection,1