,Unnamed: 0.1,Unnamed: 0,Fake ID,Year,City,Month,Day,Time,Week,Type Of Accident,Reasons,Street,Place,Area,Location,Lighting,Road Condition,Weather Condition,Road surface,Lay injured,Injured seat,Degree of injury,Age of the injured,The person's gender,Speed of the road,Number of tracks,Pedestrian behavior,Intersection,Total
1753,1753,1753,898226,2021,Ras Al Khaimah,February,Tuesday,Evening,the third week,Run,Negligence and lack of attention,Al -Jazeera Al -Hamra area,Others,The Red Island,Other (select),Night - Enough lighting,Wicked (Bad),No Clouds,Temple,pedestrian,There is no passenger,Medium,8,Female,40,2,He crosses not on transit lines,Not at intersection,1
1754,1754,1754,898227,2021,Abu Dhabi,July,Sunday,At noon,fourth week,Be shocked,Not adhering to the mandatory itinerary,An internal street,Residential area,Maqam,Double road,day,Wicked (Bad),No Clouds,dry,driver,Driver,Medium,33,Male,40,2,There is no,Not at intersection,1
1755,1755,1755,898228,2021,Sharjah,February,Monday,Before noon,fourth week,Run,Preoccupation with the road while driving the vehicle in any way,Al -Wahda Street,Commercial area,Comfort,Individual,Night - Enough lighting,Wicked (Bad),No Clouds,dry,pedestrian,There is no passenger,Medium,36,Male,60,2,He crosses not on transit lines,Not on or by (20) meters of a,1
1756,1756,1756,898229,2021,Ras Al Khaimah,June,Monday,Evening,the third week,Shock,Preoccupation with the road while driving the vehicle in any way,Al -Faisal Street near the agencies,Petrol station,Old Ras Al Khaimah,public road,Night - Enough lighting,Wicked (Bad),No Clouds,Temple,driver,Driver,Medium,43,Male,100,3,There is no,Not on or by (20) meters of a,1
1757,1757,1757,898230,2021,Abu Dhabi,Dec,Thursday,Evening,fourth week,Shock,Preoccupation with the road while driving the vehicle in any way,Sweihan Road,External road,Sweihan,public road,Night - Enough lighting,Wicked (Bad),No Clouds,dry,driver,Driver,Medium,25,Male,120,2,There is no,Not on or by (20) meters of a,1
1758,1758,1758,898231,2021,Abu Dhabi,September,Friday,Evening,second week,A fixed body was shocked outside the road,Preoccupation with the road while driving the vehicle in any way,Road Road Road,Tunnel / Bridge,Rawf Kindergarten Bridge Bridge,Individual,Night - Enough lighting,Wicked (Bad),No Clouds,dry,driver,Driver,Medium,45,Male,60,1,There is no,Not on or by (20) meters of a,1
1759,1759,1759,898232,2021,Abu Dhabi,Dec,Thursday,Before noon,the third week,Shock,Overcoming the red light signal - the arrow signal,Arabian Gulf Street(Thirty),Residential area,Ventricle,Intersection,day,Wicked (Bad),No Clouds,dry,passenger,A passenger in the front seat,Medium,38,Male,80,4,There is no,Vertical cross intersection,1
1760,1760,1760,898233,2021,Abu Dhabi,June,Wednesday,Before noon,fourth week,Run,Not to give priority to the infantry crossing,An internal street,Residential area,Fold,Double road,day,Other (select),No Clouds,dry,pedestrian,There is no passenger,Medium,32,Male,40,2,There is no,Not at intersection,1
1761,1761,1761,898234,2021,Abu Dhabi,September,Monday,Before noon,fourth week,Shock,Preoccupation with the road while driving the vehicle in any way,Mohammed Bin Khalifa Street(Fifteen),Residential area,Ventricle,public road,day,Wicked (Bad),No Clouds,dry,driver,Bike,Medium,24,Male,80,3,There is no,Not at intersection,1
1762,1762,1762,898235,2021,Abu Dhabi,November,Saturday,Evening,second week,Shock,Not to make the road / not to give the brigades,Sultan Bin Zayed the First Street (Thirty Two),Residential area,There is no definition of regions,Intersection,Night - Enough lighting,Wicked (Bad),No Clouds,dry,driver,Bike,Medium,27,Male,80,4,There is no,Vertical cross intersection,1
1763,1763,1763,898236,2021,Abu Dhabi,March,Sunday,Before noon,The first week,A fixed body was shocked outside the road,Sudden deviation,Inner Street No. (Three),Governmental,There is no definition of regions,Double road,day,Wicked (Bad),No Clouds,dry,driver,Driver,Medium,25,Male,60,2,There is no,Not on or by (20) meters of a,1
1764,1764,1764,898237,2021,Abu Dhabi,February,Sunday,Before noon,the third week,Run,Not to give priority to the infantry crossing,Eastern Street (Al Traffic) (Four),Commercial area,Unit,Double road,day,Wicked (Bad),No Clouds,dry,pedestrian,There is no passenger,Medium,32,Male,20,2,There is no,Not at intersection,1
1765,1765,1765,898238,2021,Abu Dhabi,September,Thursday,Evening,The fifth week,A fixed body shocked the road,Preoccupation with the road while driving the vehicle in any way,Al -Mafraq Al -Shawamik Street,Residential area,There is no definition of regions,vertigo,Night - Enough lighting,Wicked (Bad),No Clouds,dry,driver,Driver,Medium,22,Male,40,3,There is no,vertigo,1
1766,1766,1766,898239,2021,Abu Dhabi,January,Friday,Evening,the third week,Shock,Not leaving enough distance,Roin Road,Sandy area,sedate,public road,Night - without lighting,Wicked (Bad),fog,Foundation,passenger,Rapid in the back seat,Medium,26,Female,100,2,There is no,Not on or by (20) meters of a,1
1767,1767,1767,898240,2021,Abu Dhabi,January,Saturday,In the afternoon,The fifth week,Shock,Preoccupation with the road while driving the vehicle in any way,Abu Dhabi Road - Al Ain,Residential area,Bani Yas Park Bridge,vertigo,Night - Enough lighting,Wicked (Bad),No Clouds,dry,driver,Bike,Medium,35,Male,60,3,There is no,vertigo,1
1768,1768,1768,898241,2021,Umm Al Quwain,September,Tuesday,Before noon,second week,Shock,Preoccupation with the road while driving the vehicle in any way,Sheikh Mohammed bin Zayed Street (Umm Al Qain - Ras Al Khaimah),External road,Navel,Double road,Night - Enough lighting,Wicked (Bad),No Clouds,dry,driver,Driver,Eloquent,45,Male,120,3,There is no,Not on or by (20) meters of a,1
1769,1769,1769,898242,2021,Ras Al Khaimah,March,Monday,Before noon,fourth week,Run,Negligence and lack of attention,Wadi Shahm Street,Residential area,Hide,Dhuatatin Road,Night - without lighting,Wicked (Bad),No Clouds,Temple,pedestrian,There is no passenger,Eloquent,13,Female,40,2,He crosses not on transit lines,Not at intersection,1
1770,1770,1770,898243,2021,Abu Dhabi,May,Thursday,Evening,second week,A fixed body shocked the road,Preoccupation with the road while driving the vehicle in any way,International airport roads,Residential area,Khalifa City (a),vertigo,Night - Enough lighting,Wicked (Bad),No Clouds,dry,driver,Driver,Eloquent,32,Male,60,2,There is no,vertigo,1
1771,1771,1771,898244,2021,Ajman,July,Thursday,Evening,The fifth week,Be shocked,Sudden deviation,Sheikh Ammar bin Humaid Al -Nuaimi Street,Residential area,Kindergarten,Double road,day,Wicked (Bad),No Clouds,dry,driver,Bike,Eloquent,21,Male,60,0,There is no,Not on or by (20) meters of a,1
1772,1772,1772,898245,2021,Abu Dhabi,Dec,Friday,Before noon,second week,Shock,Enter a major road without making sure that it is free,Zayed the First Street(Seven),Commercial area,Khalidiya,public road,Night - Enough lighting,Wicked (Bad),No Clouds,dry,driver,Bike,Eloquent,32,Male,80,3,There is no,Not at intersection,1
1773,1773,1773,898246,2021,Abu Dhabi,March,Thursday,At noon,the third week,Run,Preoccupation with the road while driving the vehicle in any way,Sultan Bin Zayed the First Street (Thirty Two),Residential area,There is no definition of regions,public road,day,Wicked (Bad),No Clouds,dry,pedestrian,There is no passenger,Eloquent,49,Female,80,4,He crosses not on transit lines,Not at intersection,1
1774,1774,1774,898247,2021,Abu Dhabi,March,Wednesday,At noon,The fifth week,Cross -100,Not adhering to the mandatory itinerary,Umm Al -Nar Road / Shahama,Residential area,Khalifa City (a),Individual,day,Wicked (Bad),No Clouds,dry,driver,Bike,Eloquent,30,Male,40,1,There is no,Not on or by (20) meters of a,1
1775,1775,1775,898248,2021,Sharjah,April,Monday,Before noon,the third week,Run,Not to give priority to the infantry crossing,The field of cooperation,Commercial area,Gorgeous,Double road,Night - Enough lighting,Wicked (Bad),No Clouds,dry,pedestrian,There is no passenger,Eloquent,7,Male,60,3,He crosses pedestrian crossing lines,Others,1
1776,1776,1776,898249,2021,Fujairah,November,Saturday,Evening,the third week,Be shocked,Sudden deviation,Crescent city,Commercial area,Sakmkm area,Double road,Night - Enough lighting,Wicked (Bad),No Clouds,Temple,passenger,Bike,Eloquent,17,Male,40,1,There is no,Vertical cross intersection,1
1777,1777,1777,898250,2021,Ras Al Khaimah,June,Monday,Evening,the third week,Be shocked,Sudden deviation,Al -Munai’i Street,Mosque,Al -Munai’i,Double road,Night - Enough lighting,Wicked (Bad),No Clouds,dry,driver,Driver,Eloquent,19,Male,60,1,There is no,Not on or by (20) meters of a,1
1778,1778,1778,898251,2021,Abu Dhabi,Dec,Wednesday,In the afternoon,the third week,Deterioration,Driving without a driver's license at all,There is no definition,Sandy area,There is no definition of regions,vertigo,day,Wicked (Bad),No Clouds,dry,driver,Driver,Eloquent,17,Male,20,2,There is no,vertigo,1
1779,1779,1779,898252,2021,Abu Dhabi,April,Wednesday,Evening,fourth week,Be shocked,Preoccupation with the road while driving the vehicle using the phone,Khalid bin Sultan Street,Residential area,Khalidiya,public road,Night - Enough lighting,Wicked (Bad),No Clouds,dry,driver,Bike,Eloquent,29,Male,100,3,There is no,Not at intersection,1
1780,1780,1780,898253,2021,Ras Al Khaimah,January,Wednesday,Before noon,fourth week,Be shocked,Negligence and lack of attention,Dqaladah Street,Governmental,Stagnation,public road,day,Wicked (Bad),No Clouds,Temple,passenger,Rapid in the back seat,Eloquent,27,Male,80,2,There is no,Hole,1
1781,1781,1781,898254,2021,Abu Dhabi,Dec,Friday,At noon,The fifth week,Deterioration,Negligence and lack of attention,Liwa Street,Agricultural area,Nose,Individual,day,Wicked (Bad),No Clouds,dry,driver,Driver,Eloquent,20,Male,100,2,There is no,Not on or by (20) meters of a,1
1782,1782,1782,898255,2021,Sharjah,February,Tuesday,Before noon,second week,Deterioration,Sudden deviation,Khorfakkan Road,External road,Sharjah / Al Dhaid,Double road,day,Wicked (Bad),fog,dry,passenger,Rapid in the back seat,Eloquent,24,Male,120,2,There is no,Not on or by (20) meters of a,1
1783,1783,1783,898256,2021,Abu Dhabi,July,Tuesday,Evening,fourth week,Shock,Failure to adhere to traffic signs,Eastern Street (Al Traffic) (Four),Commercial area,There is no definition of regions,Intersection,Night - Enough lighting,Wicked (Bad),No Clouds,dry,driver,Bike,Eloquent,50,Male,60,2,There is no,Vertical cross intersection,1
1784,1784,1784,898257,2021,Abu Dhabi,April,Wednesday,Evening,The first week,Deterioration,Not adhering to the mandatory itinerary,Shabakht Street,External road,Sage,Double road,Night - Enough lighting,Wicked (Bad),No Clouds,dry,driver,Driver,Eloquent,18,Male,100,2,There is no,Not on or by (20) meters of a,1
1785,1785,1785,898258,2021,Abu Dhabi,March,Thursday,Before noon,fourth week,Be shocked,Sudden deviation,Hawi bridge,Residential area,The city of Shakhbout,Double road,day,Wicked (Bad),No Clouds,dry,driver,Driver,Eloquent,36,Male,40,2,There is no,A meeting of half -vertical roads,1
1786,1786,1786,898259,2021,Sharjah,March,Wednesday,In the afternoon,The first week,Run,Negligence and lack of attention,Third industrial street,Tunnel / Bridge,Third industrial,Double road,day,Wicked (Bad),No Clouds,dry,pedestrian,There is no passenger,Eloquent,27,Male,60,1,There is no,Not on or by (20) meters of a,1
1787,1787,1787,898260,2021,Sharjah,July,Wednesday,Before noon,second week,Shock,Enter a major road without making sure that it is free,Fourth Industrial Street,Industrial area,The tenth industrial,Individual,day,Wicked (Bad),No Clouds,dry,driver,Driver,Eloquent,46,Male,60,3,There is no,Not on or by (20) meters of a,1
1788,1788,1788,898261,2021,Ajman,February,Tuesday,In the afternoon,The first week,Be shocked,Enter a major road without making sure that it is free,El-Shikh Zayed street,Residential area,Halio,Intersection,day,Wicked (Bad),No Clouds,dry,passenger,Rapid in the back seat,Eloquent,31,Male,40,0,There is no,Vertical cross intersection,1
1789,1789,1789,898262,2021,Ras Al Khaimah,Dec,Friday,Evening,The fifth week,Fall,Sudden deviation,Al -Falamiya area,Governmental,Atmosphere,Dhuatatin Road,Night - without lighting,Wicked (Bad),rainy,Foundation,passenger,Rapid in the back seat,Eloquent,30,Male,60,1,There is no,Not at intersection,1
1790,1790,1790,898263,2021,Ras Al Khaimah,April,Tuesday,At noon,fourth week,Deterioration,Sudden deviation,"Sheikh Khalifa Street, Shawka area",External road,fork,public road,day,Wicked (Bad),No Clouds,dry,driver,Driver,Eloquent,30,Male,120,3,There is no,Not on or by (20) meters of a,1
1791,1791,1791,898264,2021,Ajman,July,Wednesday,Before noon,fourth week,A fixed body was shocked outside the road,Sudden deviation,El-Shikh Zayed street,Petrol station,Al -Hamidiya 1,Intersection,Night - Enough lighting,Wicked (Bad),No Clouds,dry,passenger,A passenger in the front seat,Eloquent,35,Female,100,0,There is no,A meeting of half -vertical roads,1
1792,1792,1792,898265,2021,Ras Al Khaimah,February,Saturday,In the afternoon,second week,Shock,Enter a major road without making sure that it is free,Sheikh Rashid bin Saeed Street,Commercial area,Northern,Double road,Night - Enough lighting,The movement is suspended,No Clouds,Temple,driver,Bike,Eloquent,26,Male,80,2,There is no,Hole,1
1793,1793,1793,898266,2021,Sharjah,August,Monday,Evening,fourth week,Run,Sudden deviation,Corniche Al Mamzar Street,Residential area,Gorgeous,public road,day,Wicked (Bad),No Clouds,dry,pedestrian,There is no passenger,Eloquent,35,Male,60,2,Familiar,Not on or by (20) meters of a,1
1794,1794,1794,898267,2021,Abu Dhabi,August,Wednesday,Before noon,second week,A fixed body shocked the road,Driving the vehicle under the influence of narcotic substances or mental effects or,Abu Dhabi Road - Al Ain,External road,Magic,public road,day,Wicked (Bad),No Clouds,dry,driver,Driver,Eloquent,58,Male,160,3,There is no,Not at intersection,1
1795,1795,1795,898268,2021,Fujairah,April,Tuesday,Evening,second week,Consecutive,Not leaving enough distance,Beach Hotel Roundabout,Petrol station,The faction area,vertigo,Night - Enough lighting,Wicked (Bad),No Clouds,Temple,driver,Bike,Eloquent,43,Male,80,3,There is no,Not on or by (20) meters of a,1
1796,1796,1796,898269,2021,Umm Al Quwain,November,Thursday,Evening,the third week,Deterioration,Sudden deviation,Sheikh Mohammed bin Zayed Street (Umm Al Qain - Ras Al Khaimah),Petrol station,Navel,Double road,Night - Enough lighting,Wicked (Bad),No Clouds,dry,passenger,Rapid in the back seat,Eloquent,42,Male,120,3,There is no,Not on or by (20) meters of a,1
1797,1797,1797,898270,2021,Sharjah,August,Saturday,Before noon,The first week,Shocked,Sudden deviation,Maliha Street,Industrial area,The eighteenth industrial zone,Double road,day,Wicked (Bad),No Clouds,dry,passenger,Rapid in the back seat,Eloquent,18,Male,120,3,There is no,Not on or by (20) meters of a,1
1798,1798,1798,898271,2021,Abu Dhabi,October,Tuesday,At noon,The first week,Be shocked,Negligence and lack of attention,Tel Merrb Street,External road,Lave it,Individual,day,Other (select),No Clouds,dry,driver,Driver,Eloquent,43,Male,80,2,There is no,Not at intersection,1
1799,1799,1799,898272,2021,Abu Dhabi,October,Thursday,Before noon,fourth week,Deterioration,Fatigue and drowsiness,General Street (Abu Dhabi - Commodities),External road,Ruwais,Double road,day,Wicked (Bad),No Clouds,dry,driver,Driver,Eloquent,33,Male,160,3,There is no,Not at intersection,1
1800,1800,1800,898273,2021,Ras Al Khaimah,July,Monday,Evening,fourth week,A fixed body shocked the road,Preoccupation with the road while driving the vehicle in any way,Al Watan Street,Mountainous area,Al -Munai’i,public road,Night - Enough lighting,Wicked (Bad),No Clouds,dry,driver,Driver,Eloquent,25,Male,100,3,There is no,Not on or by (20) meters of a,1
1801,1801,1801,898274,2021,Abu Dhabi,November,Wednesday,In the afternoon,fourth week,Shock,Driving the vehicle under the influence of narcotic substances or mental effects or,Sheikh Mohammed bin Rashid Al Maktoum Street,External road,There is no definition of regions,Double road,Night - Enough lighting,Wicked (Bad),No Clouds,dry,passenger,A passenger in the front seat,Eloquent,37,Male,140,4,There is no,Not on or by (20) meters of a,1
1802,1802,1802,898275,2021,Abu Dhabi,Dec,Thursday,In the afternoon,The fifth week,Shock,Preoccupation with the road while driving the vehicle in any way,Umm Al -Nar Road / Shahama,Commercial area,Sas Al Nakhl (Umm Fire),Individual,Night - weak lighting,Wicked (Bad),No Clouds,dry,driver,Driver,Eloquent,38,Male,80,1,There is no,Not on or by (20) meters of a,1
1803,1803,1803,898276,2021,Abu Dhabi,April,Sunday,In the afternoon,The first week,Run,Preoccupation with the road while driving the vehicle in any way,Ghiasi Shari,Residential area,Ghiasi,Individual,Night - Enough lighting,Wicked (Bad),dusty,dry,pedestrian,There is no passenger,Eloquent,31,Male,80,2,He crosses not on transit lines,Not on or by (20) meters of a,1
1804,1804,1804,898277,2021,Sharjah,January,Friday,In the afternoon,the third week,Run,Negligence and lack of attention,Maliha Street,Others,Mouleeh commercial,Individual,Night - weak lighting,Wicked (Bad),No Clouds,dry,pedestrian,There is no passenger,Eloquent,56,Male,40,1,There is no,Not on or by (20) meters of a,1
1805,1805,1805,898278,2021,Abu Dhabi,August,Wednesday,At noon,The first week,Deterioration,Not adhering to the mandatory itinerary,General Street (Abu Dhabi - Commodities),Tunnel / Bridge,Ruwais,Double road,day,Wicked (Bad),No Clouds,dry,driver,Driver,Eloquent,24,Male,160,4,There is no,Not on or by (20) meters of a,1
1806,1806,1806,898279,2021,Abu Dhabi,Dec,Friday,In the afternoon,fourth week,Shock,Sir is the opposite of the direction,Three Hundred and Thirty,Tunnel / Bridge,Yass Island,Dhuatatin Road,Night - without lighting,Wicked (Bad),No Clouds,dry,driver,Driver,Eloquent,26,Male,60,2,It crosses the crossing lines,Not on or by (20) meters of a,1
1807,1807,1807,898280,2021,Ajman,July,Wednesday,Before noon,fourth week,A fixed body was shocked outside the road,Sudden deviation,El-Shikh Zayed street,Petrol station,Al -Hamidiya 1,Intersection,Night - Enough lighting,Wicked (Bad),No Clouds,dry,driver,Driver,Eloquent,26,Male,100,0,There is no,A meeting of half -vertical roads,1
1808,1808,1808,898281,2021,Abu Dhabi,June,Tuesday,Before noon,the third week,A fixed body shocked the road,Preoccupation with the road while driving the vehicle using the phone,Hazaa Bin Zayed the First Street(Eleven),Mosque,Ventricle,vertigo,day,Wicked (Bad),No Clouds,dry,driver,Driver,Eloquent,34,Male,60,3,There is no,vertigo,1
1809,1809,1809,898282,2021,Abu Dhabi,October,Tuesday,Evening,fourth week,A fixed body shocked the road,Preoccupation with the road while driving the vehicle in any way,El-Shikh Zayed street,Commercial area,There is no definition of regions,public road,Night - Enough lighting,Wicked (Bad),No Clouds,dry,driver,Driver,Eloquent,38,Male,120,4,There is no,Not on or by (20) meters of a,1
1810,1810,1810,898283,2021,Abu Dhabi,March,Monday,At noon,The fifth week,Shock,Overcoming the red light signal,Arabian Gulf Street(Thirty),Commercial area,There is no definition of regions,Intersection,day,Wicked (Bad),No Clouds,dry,driver,Driver,Eloquent,77,Male,120,4,There is no,Vertical cross intersection,1
1811,1811,1811,898284,2021,Abu Dhabi,Dec,Thursday,At noon,second week,Be shocked,Overcoming the red light signal,Abu Dhabi Road - Al Ain,Residential area,Mohammed bin Zayed City,public road,Night - Enough lighting,Wicked (Bad),No Clouds,dry,driver,Driver,Eloquent,16,Male,80,3,There is no,Multi -legs intersection,1
1812,1812,1812,898285,2021,Sharjah,June,Sunday,Evening,second week,Shock,Driving under the influence of intoxicant or anesthetic,Sharjah Ring Street,Industrial area,The twelve industrial industrial,Individual,Night - Enough lighting,Wicked (Bad),No Clouds,dry,passenger,Rapid in the back seat,Eloquent,31,Male,40,1,There is no,Others,1
1813,1813,1813,898286,2021,Abu Dhabi,Dec,Monday,At noon,fourth week,Shock,Not adhering to the mandatory itinerary,Al -Hir Street - Al -Shweib,External road,Shuwaib,Double road,day,Wicked (Bad),No Clouds,dry,passenger,A passenger in the front seat,death,25,Male,120,2,There is no,Not at intersection,1
1814,1814,1814,898287,2021,Ras Al Khaimah,September,Wednesday,At noon,second week,Shock,Sudden deviation,Al -Ghail Street,External road,Inconsistent,Double road,day,Wicked (Bad),No Clouds,Temple,driver,Driver,death,18,Male,100,2,There is no,Not on or by (20) meters of a,1
1815,1815,1815,898288,2021,Abu Dhabi,Dec,Thursday,Evening,fourth week,Shock,Preoccupation with the road while driving the vehicle in any way,Sweihan Road,External road,Sweihan,public road,Night - Enough lighting,Wicked (Bad),No Clouds,dry,driver,Driver,death,30,Male,120,2,There is no,Not on or by (20) meters of a,1
1816,1816,1816,898289,2021,Ras Al Khaimah,January,Friday,Evening,fourth week,Deterioration,Negligence and lack of attention,Al -Jazeera Al -Hamra area,Others,The Red Island,Dhuatatin Road,Night - weak lighting,curve,No Clouds,Temple,passenger,Rapid in the back seat,death,38,Male,60,2,There is no,Others,1
1817,1817,1817,898290,2021,Sharjah,Dec,Wednesday,Evening,second week,Shock,Enter a major road without making sure that it is free,Trem Omran Tarim Square,Residential area,Nouf,Double road,Night - Enough lighting,Wicked (Bad),No Clouds,dry,driver,Driver,death,58,Male,80,2,There is no,Not on or by (20) meters of a,1
1818,1818,1818,898291,2021,Abu Dhabi,November,Thursday,At noon,the third week,Cross -100,Overing from the right or ingredon is cautious,Umm Al -Nar Road / Shahama,Tunnel / Bridge,Khalifa City (a),bridge,day,Wicked (Bad),No Clouds,dry,driver,Bike,death,28,Male,60,2,There is no,Not on or by (20) meters of a,1
1819,1819,1819,898292,2021,Ras Al Khaimah,May,Saturday,In the afternoon,the third week,Be shocked,Preoccupation with the road while driving the vehicle in any way,Wadi Al -Bayh Street,Mountainous area,Sih Al -Barirat,Dhuatatin Road,day,Wicked (Bad),No Clouds,Temple,passenger,Rapid in the back seat,death,24,Male,60,2,There is no,Others,1
1820,1820,1820,898293,2021,Abu Dhabi,Dec,Thursday,Evening,second week,Shock,Preoccupation with the road while driving the vehicle in any way,Al Ain Street - Dubai,External road,Hayer,Double road,Night - Enough lighting,Wicked (Bad),No Clouds,dry,pedestrian,There is no passenger,death,26,Male,140,4,Familiar,Not at intersection,1
1821,1821,1821,898294,2021,Abu Dhabi,November,Friday,Evening,the third week,Run,Preoccupation with the road while driving the vehicle in any way,Khalid bin Sultan Street,Residential area,Pre -Islamic,Double road,Night - Enough lighting,Wicked (Bad),No Clouds,dry,pedestrian,There is no passenger,death,68,Male,100,3,It crosses a street that exceeds 80 km,Not at intersection,1
1822,1822,1822,898295,2021,Sharjah,August,Sunday,At noon,The first week,Run,Sudden deviation,Cooperation Street,Residential area,Gorgeous,Double road,day,Wicked (Bad),No Clouds,dry,pedestrian,There is no passenger,death,39,Male,60,3,He crosses pedestrian crossing lines,Not on or by (20) meters of a,1
1823,1823,1823,898296,2021,Sharjah,February,Tuesday,Before noon,second week,Deterioration,Sudden deviation,Khorfakkan Road,External road,Sharjah / Al Dhaid,Double road,day,Wicked (Bad),fog,dry,passenger,Rapid in the back seat,death,47,Male,120,2,There is no,Not on or by (20) meters of a,1
1824,1824,1824,898297,2021,Abu Dhabi,January,Monday,Before noon,the third week,Shock,Preoccupation with the road while driving the vehicle in any way,Abu Dhabi Road - Al Ain,External road,Al -Faya Bridge,public road,Night - Enough lighting,Wicked (Bad),No Clouds,dry,driver,Driver,death,39,Male,160,3,There is no,Not at intersection,1
1825,1825,1825,898298,2021,Ras Al Khaimah,August,Monday,Evening,The fifth week,Consecutive,Not leaving enough distance,Emirates Al Saadi Street,hospital,The Red Island,public road,Night - Enough lighting,Wicked (Bad),No Clouds,Temple,passenger,A passenger in the front seat,death,48,Male,100,2,There is no,Not at intersection,1
1826,1826,1826,898299,2021,Umm Al Quwain,June,Sunday,Before noon,fourth week,Deterioration,Preoccupation with the road while driving the vehicle in any way,Emirates Street,Others,Polite area,Double road,Night - Enough lighting,Wicked (Bad),No Clouds,dry,passenger,A passenger in the front seat,death,21,Male,120,2,There is no,Not on or by (20) meters of a,1
1827,1827,1827,898300,2021,Abu Dhabi,October,Sunday,Before noon,The fifth week,Shock,Preoccupation with the road while driving the vehicle in any way,General Street (Abu Dhabi - Commodities),External road,Abu Al -Abyad Bridge,Individual,day,Wicked (Bad),No Clouds,dry,driver,Driver,death,25,Male,160,4,There is no,Not at intersection,1
1828,1828,1828,898301,2021,Abu Dhabi,January,Tuesday,In the afternoon,the third week,Consecutive,Preoccupation with the road while driving the vehicle in any way,Hamdan bin Mohammed Street (Al Ain),Residential area,Ventricle,Double road,Night - Enough lighting,Wicked (Bad),No Clouds,dry,driver,Driver,death,30,Female,100,3,There is no,Not at intersection,1
1829,1829,1829,898302,2021,Abu Dhabi,November,Sunday,In the afternoon,second week,Run,Preoccupation with the road while driving the vehicle in any way,Truck Road (Abu Dhabi-Al Ain),Tunnel / Bridge,There is no definition of regions,Double road,Night - Enough lighting,Wicked (Bad),No Clouds,dry,pedestrian,There is no passenger,death,33,Male,100,2,He crosses not on transit lines,Not on or by (20) meters of a,1
1830,1830,1830,898303,2021,Abu Dhabi,Dec,Monday,In the afternoon,fourth week,Consecutive,Preoccupation with the road while driving the vehicle in any way,Sheikh Maktoum Bin Rashid Street,External road,There is no definition of regions,public road,Night - Enough lighting,crowded,No Clouds,dry,passenger,Rapid in the back seat,death,35,Female,140,4,There is no,Not on or by (20) meters of a,1
1831,1831,1831,898304,2021,Ajman,July,Wednesday,At noon,The first week,Shock,Negligence and lack of attention,Sheikh Khalifa bin Zayed Street,Commercial area,Naimia,Double road,Night - Enough lighting,Wicked (Bad),No Clouds,dry,pedestrian,There is no passenger,death,23,Male,80,0,There is no,Not on or by (20) meters of a,1
1832,1832,1832,898305,2021,Ras Al Khaimah,March,Friday,Evening,the third week,Run,Al -Aburvi is a place of infantry for pedestrians,Sheikh Kayed bin Mohammed Street,Commercial area,Al -Uraibi,Double road,Night - Enough lighting,Wicked (Bad),No Clouds,Temple,pedestrian,There is no passenger,death,43,Male,60,2,He crosses not on transit lines,Not on or by (20) meters of a,1
1833,1833,1833,898306,2021,Ajman,May,Tuesday,Evening,the third week,Be shocked,Sudden deviation,Sheikh Mohammed bin Zayed Street,External road,Al -Hamidiya,Double road,Night - Enough lighting,Wicked (Bad),No Clouds,dry,driver,Driver,death,25,Male,120,0,There is no,Not on or by (20) meters of a,1
1834,1834,1834,898307,2021,Ras Al Khaimah,Dec,Wednesday,Evening,The fifth week,Shock,Enter a major road without making sure that it is free,Khorkheir Gullah Street,Industrial area,Hide,public road,Night - Enough lighting,Wicked (Bad),No Clouds,Temple,driver,Driver,death,41,Female,100,2,There is no,Hole,1
1835,1835,1835,898308,2021,Ras Al Khaimah,June,Wednesday,At noon,the third week,Be shocked,Sudden deviation,Public Public Street,Governmental,Stagnation,public road,day,Wicked (Bad),No Clouds,Temple,driver,Driver,death,31,Male,100,2,There is no,Not at intersection,1
1836,1836,1836,898309,2021,Abu Dhabi,Dec,Sunday,Evening,fourth week,Shock,Preoccupation with the road while driving the vehicle in any way,Liwa Street,Others,Zayed City,Individual,Night - Enough lighting,Wicked (Bad),No Clouds,dry,passenger,A passenger in the front seat,death,17,Male,140,2,There is no,Not at intersection,1
1837,1837,1837,898310,2021,Abu Dhabi,April,Sunday,Before noon,second week,Deterioration,Preoccupation with the road while driving the vehicle in any way,Umm Al -Zamoul Street,External road,Mother of Zamul,Double road,day,Wicked (Bad),No Clouds,dry,driver,Driver,death,49,Male,120,2,There is no,Not at intersection,1
1838,1838,1838,898311,2021,Sharjah,January,Sunday,Evening,The first week,Deterioration,Negligence and lack of attention,Wadi Al -Madiq Street,Mountainous area,Sweet Valley,Dhuatatin Road,Night - without lighting,Wicked (Bad),No Clouds,dry,driver,Driver,death,21,Male,60,2,There is no,Not on or by (20) meters of a,1
1839,1839,1839,898312,2021,Abu Dhabi,April,Sunday,At noon,second week,Shock,Preoccupation with the road while driving the vehicle in any way,General Street (Abu Dhabi - Commodities),Tunnel / Bridge,Funny,public road,day,Wicked (Bad),No Clouds,dry,driver,Driver,death,50,Male,160,4,There is no,Not at intersection,1