,Unnamed: 0.1,Unnamed: 0,Fake ID,Year,City,Month,Day,Time,Week,Type Of Accident,Reasons,Street,Place,Area,Location,Lighting,Road Condition,Weather Condition,Road surface,Lay injured,Injured seat,Degree of injury,Age of the injured,The person's gender,Speed of the road,Number of tracks,Pedestrian behavior,Intersection,Total
1840,1840,1840,898313,2021,Umm Al Quwain,November,Saturday,Before noon,the third week,A fixed body was shocked outside the road,Sudden deviation,Sheikh Zayed bin Sultan Al Nahyan Street,External road,Kabir area,Double road,day,Wicked (Bad),No Clouds,dry,driver,Driver,death,62,Male,100,2,There is no,Not on or by (20) meters of a,1
1841,1841,1841,898314,2021,Abu Dhabi,April,Wednesday,Before noon,the third week,Be shocked,Enter a major road without making sure that it is free,Al -Maqatra Street - Himim,Sandy area,Nerve,Intersection,day,Wicked (Bad),No Clouds,dry,passenger,A passenger in the front seat,death,44,Male,120,1,There is no,Vertical cross intersection,1
1842,1842,1842,898315,2021,Umm Al Quwain,February,Thursday,Before noon,second week,Deterioration,Preoccupation with the road while driving the vehicle in any way,Sheikh Mohammed bin Zayed Street (Umm Al Qain - Ras Al Khaimah),Petrol station,Navel,Double road,day,Wicked (Bad),No Clouds,dry,driver,Driver,death,26,Male,120,3,There is no,Not on or by (20) meters of a,1
1843,1843,1843,898316,2021,Abu Dhabi,November,Tuesday,Before noon,The first week,Shock,Not to make the road / not to give the brigades,El-Shikh Zayed street,Commercial area,There is no definition of regions,parking,day,Wicked (Bad),No Clouds,dry,passenger,Bike,death,50,Male,40,2,There is no,Not at intersection,1
1844,1844,1844,898317,2021,Ras Al Khaimah,January,Friday,Evening,fourth week,Deterioration,Negligence and lack of attention,Al -Jazeera Al -Hamra area,Others,The Red Island,Dhuatatin Road,Night - weak lighting,curve,No Clouds,Temple,passenger,Rapid in the back seat,death,28,Male,60,2,There is no,Others,1
1845,1845,1845,898318,2021,Umm Al Quwain,September,Friday,At noon,The first week,Deterioration,Sudden deviation,Emirates Street,External road,Polite area,Double road,day,Wicked (Bad),No Clouds,dry,driver,Driver,death,21,Male,120,2,There is no,Not on or by (20) meters of a,1
1846,1846,1846,898319,2021,Abu Dhabi,May,Thursday,Evening,the third week,Shock,Preoccupation with the road while driving the vehicle in any way,Al -Mafraq Al -Shawamik Street,Tunnel / Bridge,There is no definition of regions,Double road,Night - Enough lighting,Wicked (Bad),No Clouds,Temple,driver,Driver,death,57,Male,140,6,There is no,Not on or by (20) meters of a,1
1847,1847,1847,898320,2021,Sharjah,March,Friday,Evening,The first week,Shock,Preoccupation with the road while driving the vehicle in any way,Sheikh Salem bin Sultan Al Qasimi Street,Others,Buda’i,Double road,Night - Enough lighting,Wicked (Bad),No Clouds,dry,passenger,A passenger in the front seat,death,32,Male,80,2,There is no,Hole,1
1848,1848,1848,898321,2021,Abu Dhabi,February,Thursday,At noon,fourth week,Shock,Preoccupation with the road while driving the vehicle in any way,Sheikh Maktoum Bin Rashid Street,External road,Phantom,Double road,day,Wicked (Bad),No Clouds,dry,driver,Driver,death,52,Male,140,4,There is no,Not on or by (20) meters of a,1
1849,1849,1849,898322,2021,Abu Dhabi,August,Tuesday,Evening,The fifth week,Run,Preoccupation with the road while driving the vehicle in any way,General Street (Abu Dhabi - Commodities),External road,Commodity,Double road,Night - Enough lighting,Wicked (Bad),No Clouds,dry,pedestrian,There is no passenger,death,20,Male,160,3,There is no,Not on or by (20) meters of a,1
1850,1850,1850,898323,2021,Abu Dhabi,October,Monday,Before noon,second week,A fixed body was shocked outside the road,Preoccupation with the road while driving the vehicle in any way,Truck Road (Abu Dhabi-Al Ain),External road,Al Wathba Camel Square,Individual,day,Wicked (Bad),No Clouds,dry,passenger,Rapid in the back seat,death,22,Male,100,1,There is no,Not on or by (20) meters of a,1
1851,1851,1851,898324,2021,Umm Al Quwain,October,Tuesday,At noon,fourth week,Shock,Not leaving enough distance,Sheikh Mohammed bin Zayed Street (Umm Al Qain - Ras Al Khaimah),External road,Navel,Double road,Night - Enough lighting,Wicked (Bad),No Clouds,dry,driver,Driver,death,51,Male,120,3,There is no,Not on or by (20) meters of a,1
1852,1852,1852,898325,2021,Abu Dhabi,October,Friday,At noon,The fifth week,Shock,Overcoming the red light signal - the arrow signal,Arabian Gulf Street(Thirty),Governmental,Ventricle,Intersection,day,Wicked (Bad),No Clouds,dry,passenger,Rapid in the back seat,Simple,31,Female,100,4,There is no,Vertical cross intersection,1
1853,1853,1853,898326,2021,Fujairah,January,Saturday,In the afternoon,The first week,Be shocked,Driving without a driver's license at all,Old palace roundabout,Residential area,Al -Owaid region,vertigo,day,Wicked (Bad),No Clouds,Temple,driver,Driver,Simple,21,Male,60,3,There is no,vertigo,1
1854,1854,1854,898327,2021,Abu Dhabi,March,Thursday,At noon,the third week,Be shocked,Sudden deviation,Abu Dhabi Road - Al Ain,Tunnel / Bridge,Perfection,Double road,day,Wicked (Bad),No Clouds,dry,passenger,A passenger in the front seat,Simple,25,Female,160,3,There is no,Not on or by (20) meters of a,1
1855,1855,1855,898328,2021,Abu Dhabi,September,Thursday,Before noon,second week,Be shocked,Enter a major road without making sure that it is free,Hazza Bin Sultan Street,Agricultural area,Reefs,Double road,day,Wicked (Bad),No Clouds,dry,driver,Driver,Simple,29,Male,140,2,There is no,Not on or by (20) meters of a,1
1856,1856,1856,898329,2021,Ras Al Khaimah,September,Thursday,Evening,second week,Cross -100,Negligence and lack of attention,Al -Munai’i Street,Residential area,Al -Munai’i,Double road,Night - Enough lighting,Wicked (Bad),No Clouds,Temple,driver,Driver,Simple,37,Male,60,1,There is no,Not at intersection,1
1857,1857,1857,898330,2021,Abu Dhabi,January,Saturday,Before noon,the third week,Shocked,Speed without taking into account the road conditions,Sheikh Khalifa bin Zayed Street,Governmental,Sa'adiat Island,Double road,day,The movement is suspended,fog,Foundation,passenger,Rapid in the back seat,Simple,40,Female,120,5,There is no,Not on or by (20) meters of a,1
1858,1858,1858,898331,2021,Abu Dhabi,June,Sunday,Evening,the third week,Be shocked,Overcoming the red light signal,Intersection of the Arabian Gulf - Al Saada,garden,Supervisor,Intersection,day,Wicked (Bad),No Clouds,dry,passenger,Rapid in the back seat,Simple,38,Male,100,4,There is no,Not on or by (20) meters of a,1
1859,1859,1859,898332,2021,Fujairah,March,Saturday,Evening,fourth week,Run,Negligence and lack of attention,Industrial tricks,Industrial area,Tricks,public road,Night - Enough lighting,Wicked (Bad),No Clouds,dry,pedestrian,There is no passenger,Simple,28,Male,80,2,There is no,Not at intersection,1
1860,1860,1860,898333,2021,Abu Dhabi,Dec,Thursday,In the afternoon,the third week,Shock,Preoccupation with the road while driving the vehicle in any way,Al -Mafraq Al -Shawamik Street,Tunnel / Bridge,Al -Shamekha Bridge,Double road,Night - Enough lighting,Wicked (Bad),No Clouds,Temple,passenger,Rapid in the back seat,Simple,13,Female,80,3,There is no,Not on or by (20) meters of a,1
1861,1861,1861,898334,2021,Abu Dhabi,February,Friday,Evening,fourth week,Be shocked,Failure to adhere to traffic signs,An internal street,Residential area,full,Individual,Night - Enough lighting,Wicked (Bad),No Clouds,dry,passenger,A passenger in the front seat,Simple,12,Male,40,2,There is no,Vertical cross intersection,1
1862,1862,1862,898335,2021,Sharjah,February,Friday,In the afternoon,The first week,Be shocked,Negligence and lack of attention,Sheikh Mohammed bin Zayed Street,Sandy area,Hamriyah,Other (select),Night - without lighting,Wicked (Bad),No Clouds,Sand,driver,Driver,Simple,14,Male,10,1,There is no,Not on or by (20) meters of a,1
1863,1863,1863,898336,2021,Abu Dhabi,September,Sunday,Evening,fourth week,Deterioration,Tire explosion,An internal street,Residential area,Hayer,vertigo,day,Wicked (Bad),No Clouds,dry,driver,Driver,Simple,50,Male,60,1,There is no,vertigo,1
1864,1864,1864,898337,2021,Abu Dhabi,June,Saturday,Before noon,The first week,Be shocked,Sudden deviation,Hawi bridge,Residential area,The city of Shakhbout,Individual,Night - Enough lighting,Wicked (Bad),No Clouds,dry,driver,Driver,Simple,32,Male,60,3,There is no,Not on or by (20) meters of a,1
1865,1865,1865,898338,2021,Fujairah,February,Saturday,Before noon,The first week,Shock,Enter a major road without making sure that it is free,Sword Roundabout,Mosque,Flyer,Double road,day,Wicked (Bad),No Clouds,Temple,passenger,Bike,Simple,40,Female,40,2,There is no,Not on or by (20) meters of a,1
1866,1866,1866,898339,2021,Abu Dhabi,October,Wednesday,Before noon,the third week,Consecutive,Not leaving enough distance,Delma intersection - Street Thirty Two,Commercial area,Ventricle,Intersection,day,Wicked (Bad),No Clouds,dry,driver,Driver,Simple,41,Male,60,3,There is no,Vertical cross intersection,1
1867,1867,1867,898340,2021,Abu Dhabi,September,Thursday,Before noon,second week,Be shocked,Enter a major road without making sure that it is free,Hazza Bin Sultan Street,Agricultural area,Reefs,Double road,day,Wicked (Bad),No Clouds,dry,driver,Driver,Simple,28,Female,140,2,There is no,Not on or by (20) meters of a,1
1868,1868,1868,898341,2021,Abu Dhabi,July,Friday,Before noon,fourth week,Shock,Preoccupation with the road while driving the vehicle using the phone,Yas Mall,Tunnel / Bridge,Yass Island,Double road,day,Wicked (Bad),No Clouds,Temple,driver,Driver,Simple,36,Male,140,4,There is no,Not on or by (20) meters of a,1
1869,1869,1869,898342,2021,Abu Dhabi,June,Wednesday,Before noon,The first week,Consecutive,Not leaving enough distance,Zayed Bin Sultan Street (General),Commercial area,Jerk,Double road,day,Wicked (Bad),No Clouds,dry,driver,Driver,Simple,24,Female,100,3,There is no,Not at intersection,1
1870,1870,1870,898343,2021,Abu Dhabi,March,Thursday,At noon,the third week,Be shocked,Sudden deviation,Abu Dhabi Road - Al Ain,Tunnel / Bridge,Perfection,Double road,day,Wicked (Bad),No Clouds,dry,passenger,Rapid in the back seat,Simple,15,Female,160,3,There is no,Not on or by (20) meters of a,1
1871,1871,1871,898344,2021,Abu Dhabi,October,Wednesday,In the afternoon,the third week,Shock,Not adhering to the mandatory itinerary,Khalifa City Bridge,Residential area,The city of Shakhbout,vertigo,day,Wicked (Bad),No Clouds,dry,passenger,Rapid in the back seat,Simple,35,Male,60,3,There is no,vertigo,1
1872,1872,1872,898345,2021,Fujairah,June,Tuesday,Evening,second week,Run,Preoccupation with the road while driving the vehicle in any way,Dakhli Street,Mosque,Profitable,Double road,Night - Enough lighting,Wicked (Bad),No Clouds,Temple,pedestrian,There is no passenger,Simple,33,Female,40,2,There is no,Not at intersection,1
1873,1873,1873,898346,2021,Abu Dhabi,October,Thursday,Before noon,fourth week,A fixed body was shocked outside the road,Fatigue and drowsiness,Rashid between Sayed Al Maktoum Street (Tah),Commercial area,Bridge of the clip,public road,day,Wicked (Bad),No Clouds,dry,driver,Driver,Simple,33,Male,80,4,There is no,Not at intersection,1
1874,1874,1874,898347,2021,Sharjah,May,Saturday,At noon,fourth week,Consecutive,Not leaving enough distance,Khorfakkan Road,Tunnel / Bridge,The forum tunnel to the heavy tunnel,public road,day,Wicked (Bad),No Clouds,dry,driver,Driver,Simple,27,Female,100,2,There is no,Not on or by (20) meters of a,1
1875,1875,1875,898348,2021,Fujairah,September,Saturday,In the afternoon,the third week,Be shocked,Sudden deviation,Sheikh Khalifa bin Zayed Street - Al -Farfar,Mountainous area,Alfrafar area,public road,Night - Enough lighting,Wicked (Bad),No Clouds,Temple,driver,Driver,Simple,35,Male,140,3,There is no,Not on or by (20) meters of a,1
1876,1876,1876,898349,2021,Ras Al Khaimah,February,Wednesday,At noon,the third week,Run,Preoccupation with the road while driving the vehicle in any way,Al -Tawyin roundabout,Governmental,Inconsistent,vertigo,day,Wicked (Bad),No Clouds,Temple,pedestrian,There is no passenger,Simple,39,Male,40,2,There is no,vertigo,1
1877,1877,1877,898350,2021,Abu Dhabi,Dec,Tuesday,In the afternoon,fourth week,Deterioration,Speed without taking into account the road conditions,An internal street,Governmental,Hayer,vertigo,day,Wicked (Bad),No Clouds,dry,passenger,A passenger in the front seat,Simple,49,Male,60,1,There is no,vertigo,1
1878,1878,1878,898351,2021,Abu Dhabi,September,Friday,Evening,fourth week,Shock,Not adhering to the mandatory itinerary,Arabian Gulf Street(Thirty),Commercial area,Ventricle,Double road,Night - Enough lighting,Wicked (Bad),No Clouds,dry,driver,Driver,Simple,18,Male,60,2,There is no,Not on or by (20) meters of a,1
1879,1879,1879,898352,2021,Abu Dhabi,October,Saturday,Before noon,The first week,Deterioration,Preoccupation with the road while driving the vehicle in any way,The shampoo,Tunnel / Bridge,There is no definition of regions,Individual,day,Wicked (Bad),fog,Temple,driver,Driver,Simple,18,Male,80,1,There is no,Not on or by (20) meters of a,1
1880,1880,1880,898353,2021,Abu Dhabi,Dec,Sunday,Before noon,The first week,Shock,Preoccupation with the road while driving the vehicle in any way,Sultan Bin Zayed the First Street (Thirty Two),Residential area,There is no definition of regions,public road,day,Wicked (Bad),No Clouds,dry,passenger,Rapid in the back seat,Simple,29,Male,80,4,There is no,Not at intersection,1
1881,1881,1881,898354,2021,Abu Dhabi,January,Wednesday,Before noon,the third week,Consecutive,Not leaving enough distance,Sheikh Maktoum Bin Rashid Street,Governmental,Sih Al -Shuaib,Double road,day,Wicked (Bad),No Clouds,Temple,driver,Driver,Simple,24,Male,140,4,There is no,Not on or by (20) meters of a,1
1882,1882,1882,898355,2021,Fujairah,May,Tuesday,In the afternoon,second week,Consecutive,Not leaving enough distance,Sheikh Zayed bin Sultan Al Nahyan Street,Residential area,Old Fujairah area,Double road,Night - Enough lighting,Wicked (Bad),No Clouds,Temple,driver,Driver,Simple,26,Male,60,2,There is no,Not on or by (20) meters of a,1
1883,1883,1883,898356,2021,Sharjah,May,Tuesday,Evening,the third week,Run,Return back without making sure that the road is free,Sheikh Saqr bin Khalid Al Qasimi Street,Residential area,Umm Al -Tarafa,Other (select),Night - Enough lighting,Wicked (Bad),No Clouds,dry,pedestrian,There is no passenger,Simple,51,Male,20,1,Familiar,Not on or by (20) meters of a,1
1884,1884,1884,898357,2021,Abu Dhabi,April,Thursday,In the afternoon,second week,Be shocked,Overcoming the red light signal,Municipal Street,Mosque,Objectionable,Double road,Night - Enough lighting,Wicked (Bad),No Clouds,dry,driver,Driver,Simple,31,Female,80,3,There is no,Multi -legs intersection,1
1885,1885,1885,898358,2021,Sharjah,February,Thursday,Before noon,fourth week,Shock,Preoccupation with the road while driving the vehicle in any way,Hospital roundabout,hospital,Yarmouk,public road,day,Wicked (Bad),No Clouds,dry,driver,Driver,Simple,30,Male,80,2,There is no,vertigo,1
1886,1886,1886,898359,2021,Abu Dhabi,September,Monday,At noon,fourth week,Cross -100,Preoccupation with the road while driving the vehicle in any way,Al Ain Street - Al -Wajan - Al -Qaa,External road,Custody,Double road,day,Wicked (Bad),No Clouds,dry,passenger,A passenger in the front seat,Simple,36,Male,120,2,There is no,Not at intersection,1
1887,1887,1887,898360,2021,Ajman,October,Tuesday,Before noon,the third week,Run,Return back without making sure that the road is free,unknown,Residential area,Rashidiya,Out of the way,day,Wicked (Bad),No Clouds,dry,pedestrian,There is no passenger,Simple,4,Male,10,0,There is no,Not on or by (20) meters of a,1
1888,1888,1888,898361,2021,Ajman,November,Friday,Evening,The first week,Deterioration,Sudden deviation,El-Shikh Zayed street,garden,Jasmine,Double road,Night - Enough lighting,Wicked (Bad),No Clouds,dry,driver,Driver,Simple,40,Male,80,0,There is no,Not on or by (20) meters of a,1
1889,1889,1889,898362,2021,Ajman,August,Thursday,Before noon,second week,Run,Return back without making sure that the road is free,unknown,Commercial area,Cliff,parking,Night - Enough lighting,Wicked (Bad),No Clouds,dry,pedestrian,There is no passenger,Simple,70,Female,20,0,There is no,Not on or by (20) meters of a,1
1890,1890,1890,898363,2021,Sharjah,August,Friday,Evening,the third week,Deterioration,Sudden deviation,Hamriyah,Residential area,Hamriyah,Individual,day,Wicked (Bad),No Clouds,Sand,passenger,Rapid in the back seat,Simple,35,Male,40,1,There is no,Others,1
1891,1891,1891,898364,2021,Sharjah,October,Saturday,Before noon,The fifth week,Deterioration,Sudden deviation,Hamriyah,Residential area,Hamriyah,Individual,Night - without lighting,Wicked (Bad),No Clouds,Sand,passenger,Rapid in the back seat,Simple,17,Male,10,1,There is no,Not on or by (20) meters of a,1
1892,1892,1892,898365,2021,Abu Dhabi,Dec,Sunday,Evening,The first week,Be shocked,Sudden deviation,International airport roads,External road,There is no definition of regions,Double road,Night - Enough lighting,Wicked (Bad),No Clouds,dry,passenger,A passenger in the front seat,Simple,27,Female,120,3,There is no,A meeting of half -vertical roads,1
1893,1893,1893,898366,2021,Abu Dhabi,April,Sunday,At noon,the third week,Run,Not to give priority to the infantry crossing,Banias Street (Al Najd) (Sex),Commercial area,There is no definition of regions,Individual,day,Wicked (Bad),No Clouds,dry,pedestrian,There is no passenger,Simple,53,Male,40,1,He crosses not on transit lines,Not on or by (20) meters of a,1
1894,1894,1894,898367,2021,Fujairah,May,Friday,Evening,the third week,Be shocked,Preoccupation with the road while driving the vehicle in any way,A profitable street -,Residential area,Al -Jaradiya area,Double road,Night - Enough lighting,Wicked (Bad),No Clouds,Temple,driver,Bike,Simple,34,Male,80,4,There is no,Not on or by (20) meters of a,1
1895,1895,1895,898368,2021,Ras Al Khaimah,September,Thursday,Evening,second week,Cross -100,Negligence and lack of attention,Al -Munai’i Street,Residential area,Al -Munai’i,Double road,Night - Enough lighting,Wicked (Bad),No Clouds,Temple,driver,Driver,Simple,20,Male,60,1,There is no,Not at intersection,1
1896,1896,1896,898369,2021,Sharjah,March,Wednesday,Evening,second week,Be shocked,Enter a major road without making sure that it is free,There is no definition,Residential area,Readings 5,Double road,Night - Enough lighting,Wicked (Bad),No Clouds,dry,passenger,A passenger in the front seat,Simple,21,Male,60,2,There is no,Vertical cross intersection,1
1897,1897,1897,898370,2021,Abu Dhabi,October,Saturday,Before noon,the third week,A fixed body shocked the road,Preoccupation with the road while driving the vehicle in any way,Al -Mafraq Al -Shawamik Street,Residential area,Tall,vertigo,day,Wicked (Bad),No Clouds,Temple,driver,Driver,Simple,32,Female,60,3,There is no,Not at intersection,1
1898,1898,1898,898371,2021,Abu Dhabi,November,Wednesday,Evening,second week,Consecutive,Not leaving enough distance,Arabian Gulf Street(Thirty),Commercial area,There is no definition of regions,public road,Night - Enough lighting,Wicked (Bad),No Clouds,dry,passenger,A passenger in the front seat,Simple,23,Male,100,4,There is no,Not on or by (20) meters of a,1
1899,1899,1899,898372,2021,Abu Dhabi,April,Sunday,Before noon,second week,Be shocked,Fatigue and drowsiness,General Street (Abu Dhabi - Commodities),External road,Ruwais,Double road,day,Wicked (Bad),No Clouds,dry,passenger,Rapid in the back seat,Simple,61,Male,160,3,There is no,Not on or by (20) meters of a,1
1900,1900,1900,898373,2021,Sharjah,November,Saturday,Before noon,the third week,Cross -100,Negligence and lack of attention,Sheikh Khalid bin Sultan Al Qasimi Street,Residential area,Shahba,Dhuatatin Road,day,Wicked (Bad),No Clouds,dry,driver,Bike,Simple,27,Male,40,2,There is no,Not on or by (20) meters of a,1
1901,1901,1901,898374,2021,Abu Dhabi,October,Thursday,Before noon,The first week,Shock,Overcoming the red light signal - the arrow signal,Sultan Bin Zayed the First Street (Thirty Two),Governmental,There is no definition of regions,Intersection,day,Wicked (Bad),No Clouds,dry,passenger,A passenger in the front seat,Simple,54,Female,100,3,There is no,Vertical cross intersection,1
1902,1902,1902,898375,2021,Abu Dhabi,Dec,Sunday,Evening,The first week,Shock,Return back without making sure that the road is free,Zayed the First Intersection - Street Twenty Six,Commercial area,Khalidiya,Double road,day,Wicked (Bad),No Clouds,dry,passenger,A passenger in the front seat,Simple,30,Female,40,2,There is no,Not at intersection,1
1903,1903,1903,898376,2021,Abu Dhabi,Dec,Friday,Evening,The fifth week,Be shocked,Not to make the road / not to give the brigades,Rashid between Sayed Al Maktoum Street (Tah),Commercial area,Supervisor,public road,Night - Enough lighting,Wicked (Bad),No Clouds,dry,passenger,Rapid in the back seat,Simple,28,Female,80,3,There is no,Not at intersection,1
1904,1904,1904,898377,2021,Abu Dhabi,Dec,Wednesday,Evening,second week,Run,Driving without a driver's license at all,Al -Mafraq Al -Shawamik Street,Residential area,Bani Yas (East),public road,Night - Enough lighting,Wicked (Bad),No Clouds,dry,pedestrian,There is no passenger,Simple,25,Male,40,2,There is no,Not on or by (20) meters of a,1
1905,1905,1905,898378,2021,Abu Dhabi,October,Saturday,Before noon,The first week,Deterioration,Preoccupation with the road while driving the vehicle in any way,The shampoo,Tunnel / Bridge,There is no definition of regions,Individual,day,Wicked (Bad),fog,Temple,passenger,Rapid in the back seat,Simple,16,Male,80,1,There is no,Not on or by (20) meters of a,1
1906,1906,1906,898379,2021,Abu Dhabi,August,Thursday,In the afternoon,fourth week,A fixed body shocked the road,Driving the vehicle under the influence of alcohol,Airport bridge towards the airport road,External road,Abu Dhabi International Airport,Double road,day,Wicked (Bad),No Clouds,dry,driver,Driver,Simple,34,Male,140,3,There is no,Not on or by (20) meters of a,1
1907,1907,1907,898380,2021,Abu Dhabi,February,Thursday,Evening,The first week,Shock,Preoccupation with the road while driving the vehicle in any way,Sheikh Mohammed bin Rashid Al Maktoum Street,Petrol station,Gentott,public road,Night - Enough lighting,Wicked (Bad),fog,dry,driver,Driver,Simple,34,Male,80,4,There is no,Not on or by (20) meters of a,1
1908,1908,1908,898381,2021,Abu Dhabi,Dec,Thursday,At noon,the third week,Shock,Negligence and lack of attention,Arabian Gulf Street(Thirty),Commercial area,Khalidiya,Intersection,day,Wicked (Bad),No Clouds,dry,driver,Bike,Simple,28,Male,80,4,There is no,Vertical cross intersection,1
1909,1909,1909,898382,2021,Ras Al Khaimah,July,Monday,Evening,The first week,Shock,Enter a major road without making sure that it is free,Mohammed bin Salem Street from the roundabout of Mohammed bin Zaid to Dolphin,Others,The Red Island,Other (select),Night - Enough lighting,Wicked (Bad),No Clouds,Temple,passenger,A passenger in the front seat,Simple,30,Female,100,2,There is no,Hole,1
1910,1910,1910,898383,2021,Abu Dhabi,November,Sunday,Before noon,second week,Shock,Not leaving enough distance,Sheikh Khalifa Bridge,Tunnel / Bridge,Sa'adiat Island,bridge,day,Wicked (Bad),No Clouds,dry,passenger,Rapid in the back seat,Simple,38,Male,100,4,There is no,Not at intersection,1
1911,1911,1911,898384,2021,Sharjah,April,Saturday,Before noon,second week,Be shocked,Sudden deviation,corneche Street,garden,Alive,public road,day,Wicked (Bad),No Clouds,dry,driver,Driver,Simple,48,Male,60,2,There is no,Not on or by (20) meters of a,1
1912,1912,1912,898385,2021,Abu Dhabi,Dec,Sunday,Evening,the third week,Be shocked,Fatigue and drowsiness,General Street (Abu Dhabi - Commodities),Governmental,Commodity,Double road,Night - Enough lighting,Wicked (Bad),No Clouds,dry,passenger,A passenger in the front seat,Simple,25,Female,80,3,There is no,Not on or by (20) meters of a,1
1913,1913,1913,898386,2021,Umm Al Quwain,September,Sunday,At noon,The first week,Shock,Not leaving enough distance,King Faisal Street,Residential area,Sports area,public road,day,Wicked (Bad),No Clouds,dry,driver,Driver,Simple,46,Male,40,2,There is no,Not on or by (20) meters of a,1
1914,1914,1914,898387,2021,Abu Dhabi,August,Thursday,In the afternoon,fourth week,Run,Return back without making sure that the road is free,Hamdan Bin Mohammed Street(Five),Commercial area,There is no definition of regions,parking,day,Wicked (Bad),No Clouds,dry,pedestrian,There is no passenger,Simple,43,Male,40,2,Familiar,Not at intersection,1
1915,1915,1915,898388,2021,Abu Dhabi,September,Thursday,Before noon,second week,Shock,Enter a major road without making sure that it is free,There is no definition,Industrial area,Industrial Archbishop,Intersection,Night - Enough lighting,Wicked (Bad),No Clouds,dry,driver,Driver,Simple,41,Male,60,2,He crosses pedestrian crossing lines,Not on or by (20) meters of a,1
1916,1916,1916,898389,2021,Abu Dhabi,June,Sunday,Evening,the third week,Be shocked,Overcoming the red light signal,Intersection of the Arabian Gulf - Al Saada,garden,Supervisor,Intersection,day,Wicked (Bad),No Clouds,dry,passenger,Rapid in the back seat,Simple,39,Male,100,4,There is no,Not on or by (20) meters of a,1
1917,1917,1917,898390,2021,Abu Dhabi,June,Sunday,Evening,the third week,Be shocked,Overcoming the red light signal,Intersection of the Arabian Gulf - Al Saada,garden,Supervisor,Intersection,day,Wicked (Bad),No Clouds,dry,passenger,Rapid in the back seat,Simple,36,Male,100,4,There is no,Not on or by (20) meters of a,1
1918,1918,1918,898391,2021,Fujairah,Dec,Friday,Evening,second week,Be shocked,Enter a major road without making sure that it is free,Hamad bin Abdullah Street,Residential area,Safed area,Individual,Night - without lighting,Wicked (Bad),No Clouds,Temple,driver,Bike,Simple,23,Male,40,1,There is no,Not on or by (20) meters of a,1
1919,1919,1919,898392,2021,Fujairah,April,Thursday,Before noon,fourth week,Be shocked,Enter a major road without making sure that it is free,Room Street,Commercial area,Room,public road,day,Wicked (Bad),No Clouds,Temple,driver,Driver,Simple,43,Female,60,3,There is no,Hole,1
1920,1920,1920,898393,2021,Ras Al Khaimah,May,Monday,Evening,the third week,Run,Negligence and lack of attention,Mohammed bin Salem Street near Al -Rifaa,School,The Red Island,Individual,Night - without lighting,Wicked (Bad),No Clouds,Temple,pedestrian,There is no passenger,Simple,36,Male,40,1,He crosses not on transit lines,Not on or by (20) meters of a,1
1921,1921,1921,898394,2021,Fujairah,July,Thursday,Before noon,the third week,Be shocked,Sudden deviation,An internal street,Mountainous area,Ceiji area,Dhuatatin Road,day,curve,No Clouds,Temple,driver,Driver,Simple,25,Male,60,2,There is no,Not on or by (20) meters of a,1
1922,1922,1922,898395,2021,Abu Dhabi,August,Wednesday,Evening,the third week,Shock,Preoccupation with the road while driving the vehicle in any way,There is no definition,External road,Between the two bridges,public road,day,Wicked (Bad),No Clouds,dry,passenger,Rapid in the back seat,Simple,24,Male,80,3,There is no,Not at intersection,1
1923,1923,1923,898396,2021,Sharjah,August,Friday,Evening,second week,Run,Not to give priority to the infantry crossing,Nahda Street,Residential area,Nomination,Side,Night - Enough lighting,Wicked (Bad),No Clouds,dry,pedestrian,There is no passenger,Simple,39,Female,10,1,There is no,Not on or by (20) meters of a,1
1924,1924,1924,898397,2021,Abu Dhabi,November,Wednesday,Evening,second week,Consecutive,Not leaving enough distance,Arabian Gulf Street(Thirty),Commercial area,There is no definition of regions,public road,Night - Enough lighting,Wicked (Bad),No Clouds,dry,driver,Driver,Simple,25,Male,100,4,There is no,Not on or by (20) meters of a,1
1925,1925,1925,898398,2021,Abu Dhabi,June,Sunday,Evening,the third week,Be shocked,Overcoming the red light signal,Intersection of the Arabian Gulf - Al Saada,garden,Supervisor,Intersection,day,Wicked (Bad),No Clouds,dry,passenger,Rapid in the back seat,Simple,19,Male,100,4,There is no,Not on or by (20) meters of a,1
1926,1926,1926,898399,2021,Sharjah,Dec,Friday,Evening,The first week,Be shocked,Driving under the influence of intoxicant or anesthetic,King Abdulaziz Street,Residential area,Boding,Individual,Night - Enough lighting,Wicked (Bad),No Clouds,dry,passenger,Rapid in the back seat,Simple,20,Female,40,2,There is no,Vertical cross intersection,1