,Unnamed: 0.1,Unnamed: 0,Fake ID,Year,City,Month,Day,Time,Week,Type Of Accident,Reasons,Street,Place,Area,Location,Lighting,Road Condition,Weather Condition,Road surface,Lay injured,Injured seat,Degree of injury,Age of the injured,The person's gender,Speed of the road,Number of tracks,Pedestrian behavior,Intersection,Total
1927,1927,1927,898400,2021,Sharjah,October,Monday,Evening,second week,Be shocked,Sudden deviation,Sheikh Mohammed bin Zayed Street,Residential area,The red patch,Double road,Night - Enough lighting,Wicked (Bad),No Clouds,dry,driver,Driver,Simple,44,Male,120,3,There is no,Not on or by (20) meters of a,1
1928,1928,1928,898401,2021,Abu Dhabi,November,Sunday,Before noon,second week,Shock,Not leaving enough distance,Sheikh Khalifa Bridge,Tunnel / Bridge,Sa'adiat Island,bridge,day,Wicked (Bad),No Clouds,dry,passenger,Rapid in the back seat,Simple,33,Male,100,4,There is no,Not at intersection,1
1929,1929,1929,898402,2021,Abu Dhabi,April,Sunday,Before noon,fourth week,Be shocked,Enter a major road without making sure that it is free,Truck Road,External road,There is no definition of regions,Individual,day,Wicked (Bad),No Clouds,dry,passenger,Rapid in the back seat,Simple,33,Male,80,1,There is no,Not on or by (20) meters of a,1
1930,1930,1930,898403,2021,Abu Dhabi,March,Tuesday,At noon,The fifth week,Be shocked,Overcoming the red light signal,Hazza Bin Sultan Street,Petrol station,Merkhania,Intersection,day,Wicked (Bad),No Clouds,dry,driver,Driver,Simple,31,Male,100,3,There is no,Multi -legs intersection,1
1931,1931,1931,898404,2021,Abu Dhabi,March,Friday,At noon,the third week,Cross -100,Exaggeration in a place where transgression is forbidden,Al -Mafraq Al -Shawamik Street,Industrial area,Mafraq industrial,Double road,day,Wicked (Bad),No Clouds,dry,passenger,A passenger in the front seat,Simple,38,Male,60,2,There is no,Not at intersection,1
1932,1932,1932,898405,2021,Abu Dhabi,October,Monday,Evening,fourth week,Run,Preoccupation with the road while driving the vehicle in any way,There is no definition,Commercial area,Industrial Archbishop,Dhuatatin Road,Night - Enough lighting,Wicked (Bad),No Clouds,dry,pedestrian,There is no passenger,Simple,39,Male,60,1,Familiar,Not on or by (20) meters of a,1
1933,1933,1933,898406,2021,Abu Dhabi,August,Tuesday,Before noon,second week,Be shocked,Not to make the road / not to give the brigades,An internal street,Residential area,Farewell,Intersection,day,Wicked (Bad),No Clouds,dry,driver,Driver,Simple,53,Male,40,2,There is no,A meeting of half -vertical roads,1
1934,1934,1934,898407,2021,Abu Dhabi,October,Friday,Evening,The fifth week,Shock,Not leaving enough distance,Rashid between Sayed Al Maktoum Street (Tah),Tunnel / Bridge,There is no definition of regions,public road,Night - Enough lighting,Wicked (Bad),No Clouds,dry,passenger,A passenger in the front seat,Simple,25,Female,100,4,There is no,Not at intersection,1
1935,1935,1935,898408,2021,Fujairah,November,Tuesday,At noon,the third week,Run,Not securing the vehicle's stability while standing,Crusher creation sites,Work area,Ceiji area,Other (select),day,Wicked (Bad),No Clouds,earthy,pedestrian,There is no passenger,Simple,32,Male,20,0,There is no,Not on or by (20) meters of a,1
1936,1936,1936,898409,2021,Sharjah,October,Monday,Evening,second week,Be shocked,Sudden deviation,Sheikh Mohammed bin Zayed Street,Residential area,The red patch,Double road,Night - Enough lighting,Wicked (Bad),No Clouds,dry,passenger,A passenger in the front seat,Simple,32,Male,120,3,There is no,Not on or by (20) meters of a,1
1937,1937,1937,898410,2021,Abu Dhabi,November,Thursday,In the afternoon,the third week,Run,Not to give priority to the infantry crossing,Corniche Street towards the Maritime Club,Governmental,There is no definition of regions,public road,Night - Enough lighting,Wicked (Bad),No Clouds,dry,pedestrian,There is no passenger,Simple,39,Female,80,3,It crosses the crossing lines,Not at intersection,1
1938,1938,1938,898411,2021,Abu Dhabi,June,Saturday,Before noon,The first week,Be shocked,Sudden deviation,Hawi bridge,Residential area,The city of Shakhbout,Individual,Night - Enough lighting,Wicked (Bad),No Clouds,dry,passenger,A passenger in the front seat,Simple,27,Female,60,3,There is no,Not on or by (20) meters of a,1
1939,1939,1939,898412,2021,Abu Dhabi,October,Saturday,Evening,fourth week,Shock,Preoccupation with the road while driving the vehicle in any way,Satellite Street - Tarif,Petrol station,General Street (Abu Dhabi - Commodities),Individual,day,Wicked (Bad),No Clouds,dry,passenger,A passenger in the front seat,Simple,35,Male,160,4,There is no,Not at intersection,1
1940,1940,1940,898413,2021,Abu Dhabi,November,Friday,At noon,second week,Cross -100,Not adhering to the mandatory itinerary,Jabal Hafit Street,Mountainous area,There is no definition of regions,Double road,day,Wicked (Bad),No Clouds,dry,passenger,Rapid in the back seat,Simple,6,Female,60,2,There is no,Not at intersection,1
1941,1941,1941,898414,2021,Sharjah,February,Wednesday,In the afternoon,the third week,Be shocked,Preoccupation with the road while driving the vehicle in any way,Sheikh Khalid bin Mohammed Al Qasimi Street,Commercial area,Sheikh Khaled Road,public road,Night - Enough lighting,Wicked (Bad),No Clouds,dry,driver,Driver,Simple,47,Male,60,2,There is no,Not on or by (20) meters of a,1
1942,1942,1942,898415,2021,Sharjah,November,Sunday,Before noon,second week,Consecutive,Not leaving enough distance,Sharjah Ring Street,Petrol station,Holding,Double road,day,Wicked (Bad),No Clouds,dry,driver,Driver,Simple,44,Male,100,3,There is no,Not on or by (20) meters of a,1
1943,1943,1943,898416,2021,Sharjah,January,Tuesday,Evening,the third week,Cross -100,Not leaving enough distance,Maliha Street,Commercial area,Thirteenth industrial,Double road,day,Wicked (Bad),No Clouds,dry,driver,Driver,Simple,63,Male,120,6,There is no,Not on or by (20) meters of a,1
1944,1944,1944,898417,2021,Abu Dhabi,November,Thursday,Evening,the third week,Run,Not to give priority to the infantry crossing,Eastern Street (Al Traffic) (Four),School,Humper saffron,public road,Night - Enough lighting,Wicked (Bad),No Clouds,Temple,pedestrian,There is no passenger,Simple,26,Female,40,2,He crosses not on transit lines,Vertical cross intersection,1
1945,1945,1945,898418,2021,Abu Dhabi,January,Wednesday,In the afternoon,fourth week,Run,Not to give priority to the infantry crossing,An internal street,Residential area,Rumor,Dhuatatin Road,Night - Enough lighting,Wicked (Bad),No Clouds,dry,pedestrian,There is no passenger,Simple,3,Male,40,2,He crosses not on transit lines,Not at intersection,1
1946,1946,1946,898419,2021,Fujairah,January,Wednesday,Evening,fourth week,Consecutive,Not leaving enough distance,Al Mina Street,Seaport,Dibba Al -Fujairah / Al -Awkamiya area,Individual,Night - Enough lighting,Wicked (Bad),No Clouds,Temple,driver,Bike,Simple,36,Male,40,2,There is no,Not on or by (20) meters of a,1
1947,1947,1947,898420,2021,Abu Dhabi,October,Sunday,Before noon,fourth week,Shock,Not leaving enough distance,Rashid between Sayed Al Maktoum Street (Tah),Others,There is no definition of regions,public road,day,Wicked (Bad),No Clouds,dry,passenger,Rapid in the back seat,Simple,31,Female,80,4,There is no,Not on or by (20) meters of a,1
1948,1948,1948,898421,2021,Abu Dhabi,January,Saturday,In the afternoon,the third week,Deterioration,Not adhering to the mandatory itinerary,Zayed City Street (New),Sandy area,Habshan,vertigo,day,Wicked (Bad),No Clouds,dry,passenger,Rapid in the back seat,Simple,37,Male,50,2,There is no,vertigo,1
1949,1949,1949,898422,2021,Abu Dhabi,June,Tuesday,At noon,The fifth week,A fixed body shocked the road,Not installing the load or its emergence,Sheikh Zayed Street - Sheikh Zayed Tunnel,Tunnel / Bridge,El-Shikh Zayed street,Tunnel,day,Wicked (Bad),No Clouds,dry,driver,Driver,Simple,47,Female,80,4,There is no,Not at intersection,1
1950,1950,1950,898423,2021,Sharjah,May,Friday,Before noon,fourth week,Shock,Preoccupation with the road while driving the vehicle in any way,Maliha Street,Residential area,Mud,Double road,Night - Enough lighting,Wicked (Bad),No Clouds,dry,passenger,A passenger in the front seat,Simple,19,Male,80,2,There is no,Hole,1
1951,1951,1951,898424,2021,Abu Dhabi,June,Thursday,Evening,second week,Shock,Preoccupation with the road while driving the vehicle in any way,Sweihan Road,Tunnel / Bridge,The farmer,public road,Night - Enough lighting,Wicked (Bad),No Clouds,dry,passenger,A passenger in the front seat,Simple,21,Male,140,4,There is no,Not on or by (20) meters of a,1
1952,1952,1952,898425,2021,Abu Dhabi,October,Thursday,At noon,fourth week,Shock,Overcoming the red light signal - the arrow signal,Inner Street No. (Three),Residential area,There is no definition of regions,Intersection,day,Wicked (Bad),No Clouds,dry,driver,Driver,Simple,30,Male,60,4,There is no,Vertical cross intersection,1
1953,1953,1953,898426,2021,Abu Dhabi,November,Sunday,Before noon,second week,Shock,Not leaving enough distance,Sheikh Khalifa Bridge,Tunnel / Bridge,Sa'adiat Island,bridge,day,Wicked (Bad),No Clouds,dry,passenger,Rapid in the back seat,Simple,27,Male,100,4,There is no,Not at intersection,1
1954,1954,1954,898427,2021,Sharjah,January,Friday,At noon,the third week,Be shocked,Sudden deviation,Al -Dhaid / Al -Rafiah,External road,Al Dhaid / Sharjah,Individual,day,Wicked (Bad),No Clouds,dry,driver,Driver,Simple,15,Male,60,2,There is no,Not at intersection,1
1955,1955,1955,898428,2021,Sharjah,April,Thursday,Before noon,the third week,A fixed body shocked the road,Sudden deviation,Cemetery,Commercial area,the East,public road,day,Wicked (Bad),No Clouds,dry,driver,Driver,Simple,20,Male,80,2,There is no,Not on or by (20) meters of a,1
1956,1956,1956,898429,2021,Abu Dhabi,February,Saturday,Evening,The first week,Shock,Not leaving enough distance,Bani Yas Street,Commercial area,Al Masoudi,Double road,Night - Enough lighting,Wicked (Bad),No Clouds,dry,passenger,A passenger in the front seat,Simple,35,Female,80,3,There is no,Not at intersection,1
1957,1957,1957,898430,2021,Fujairah,March,Thursday,In the afternoon,The first week,Shock,Enter a major road without making sure that it is free,Industrial Street inside Dibba,Industrial area,Dibba Al -Fujairah - Wadi Dalam,Individual,Night - without lighting,Wicked (Bad),No Clouds,Temple,driver,Driver,Simple,51,Male,60,1,There is no,Not at intersection,1
1958,1958,1958,898431,2021,Abu Dhabi,May,Thursday,At noon,fourth week,Deterioration,Driving without a driver's license at all,Sheikh Maktoum Bin Rashid Street,Agricultural area,Splendor,Double road,day,Wicked (Bad),No Clouds,dry,driver,Driver,Simple,15,Male,60,2,There is no,Not on or by (20) meters of a,1
1959,1959,1959,898432,2021,Abu Dhabi,Dec,Sunday,Evening,the third week,Be shocked,Fatigue and drowsiness,General Street (Abu Dhabi - Commodities),Governmental,Commodity,Double road,Night - Enough lighting,Wicked (Bad),No Clouds,dry,driver,Driver,Simple,28,Male,80,3,Familiar,Not on or by (20) meters of a,1
1960,1960,1960,898433,2021,Abu Dhabi,November,Friday,At noon,second week,Cross -100,Not adhering to the mandatory itinerary,Jabal Hafit Street,Mountainous area,There is no definition of regions,Double road,day,Wicked (Bad),No Clouds,dry,driver,Driver,Simple,32,Male,60,2,There is no,Not at intersection,1
1961,1961,1961,898434,2021,Abu Dhabi,May,Wednesday,Before noon,The first week,Be shocked,Not adhering to the mandatory itinerary,There is no definition,Industrial area,Industrial Archbishop,vertigo,day,Wicked (Bad),No Clouds,Temple,driver,Driver,Medium,41,Male,60,3,There is no,vertigo,1
1962,1962,1962,898435,2021,Abu Dhabi,July,Wednesday,In the afternoon,the third week,Run,Negligence and lack of attention,An internal street,Residential area,Umm Ghaza,Dhuatatin Road,Night - Enough lighting,Wicked (Bad),No Clouds,dry,pedestrian,There is no passenger,Medium,48,Male,40,2,Familiar,Not at intersection,1
1963,1963,1963,898436,2021,Abu Dhabi,June,Wednesday,Before noon,the third week,Shock,Enter a major road without making sure that it is free,Eastern Street (Al Traffic) (Four),Residential area,Central,public road,Night - Enough lighting,Wicked (Bad),No Clouds,dry,driver,Bike,Medium,33,Male,80,4,There is no,Not at intersection,1
1964,1964,1964,898437,2021,Abu Dhabi,November,Wednesday,Evening,second week,Be shocked,Negligence and lack of attention,Abu Aida Street (Al -Foua border),Residential area,Healer,Double road,Night - Enough lighting,Wicked (Bad),No Clouds,dry,driver,Driver,Medium,30,Male,80,2,There is no,Not on or by (20) meters of a,1
1965,1965,1965,898438,2021,Abu Dhabi,May,Friday,At noon,the third week,A fixed body shocked the road,Tire explosion,Al Ain Street - Dubai,Petrol station,housing,Double road,day,Wicked (Bad),No Clouds,dry,passenger,Rapid in the back seat,Medium,33,Male,140,4,There is no,Not on or by (20) meters of a,1
1966,1966,1966,898439,2021,Abu Dhabi,June,Wednesday,Before noon,The first week,Be shocked,Failure to adhere to traffic signs,Zayed Bin Sultan Street (General),Commercial area,Jerk,Double road,day,Wicked (Bad),No Clouds,dry,driver,Bike,Medium,45,Male,100,3,There is no,Not at intersection,1
1967,1967,1967,898440,2021,Abu Dhabi,June,Friday,At noon,fourth week,Shock,Preoccupation with the road while driving the vehicle in any way,Umm Al -Nar Road / Shahama,External road,Rest Beach Bridge,public road,day,Wicked (Bad),No Clouds,dry,driver,Driver,Medium,48,Female,140,5,There is no,Not on or by (20) meters of a,1
1968,1968,1968,898441,2021,Umm Al Quwain,March,Sunday,Before noon,fourth week,A fixed body shocked the road,Sudden deviation,Sheikh Mohammed bin Zayed Street (Umm Al Qain - Ras Al Khaimah),Petrol station,Navel,Double road,Night - Enough lighting,Wicked (Bad),No Clouds,dry,passenger,A passenger in the front seat,Medium,20,Male,140,3,There is no,Not on or by (20) meters of a,1
1969,1969,1969,898442,2021,Abu Dhabi,April,Wednesday,Evening,The first week,Deterioration,Not adhering to the mandatory itinerary,Shabakht Street,External road,Sage,Double road,Night - Enough lighting,Wicked (Bad),No Clouds,dry,passenger,A passenger in the front seat,Medium,20,Male,100,2,There is no,Not on or by (20) meters of a,1
1970,1970,1970,898443,2021,Abu Dhabi,February,Wednesday,Evening,second week,Shock,Not leaving enough distance,Sheikh Maktoum Bin Rashid Street,Tunnel / Bridge,Sih Al -Shuaib,Individual,Night - Enough lighting,Wicked (Bad),No Clouds,dry,driver,Driver,Medium,58,Male,100,4,There is no,Not on or by (20) meters of a,1
1971,1971,1971,898444,2021,Abu Dhabi,July,Tuesday,At noon,the third week,A fixed body was shocked outside the road,Sudden deviation,Sweihan Street - Al Hir,External road,All regions,Double road,day,Wicked (Bad),No Clouds,dry,driver,Driver,Medium,23,Male,120,2,There is no,Not on or by (20) meters of a,1
1972,1972,1972,898445,2021,Abu Dhabi,May,Thursday,Before noon,The first week,Shock,Failure to adhere to traffic signs,Hamdan Bin Mohammed Street(Five),Commercial area,There is no definition of regions,Intersection,day,Wicked (Bad),No Clouds,dry,driver,Bike,Medium,55,Male,40,2,There is no,Not on or by (20) meters of a,1
1973,1973,1973,898446,2021,Ajman,Dec,Monday,Evening,fourth week,Shock,Return back without making sure that the road is free,unknown,Residential area,garden,Individual,Night - without lighting,Wicked (Bad),No Clouds,dry,pedestrian,There is no passenger,Medium,32,Male,40,0,There is no,Not on or by (20) meters of a,1
1974,1974,1974,898447,2021,Ajman,April,Tuesday,Evening,The first week,Shock,Not adhering to the mandatory itinerary,Sheikh Maktoum Bin Rashid Street,Tunnel / Bridge,Al -Zahra,Bridge / tunnel,day,Wicked (Bad),No Clouds,dry,driver,Driver,Medium,32,Male,80,0,There is no,A meeting of half -vertical roads,1
1975,1975,1975,898448,2021,Abu Dhabi,May,Monday,Evening,The fifth week,Run,Preoccupation with the road while driving the vehicle in any way,International airport roads,Residential area,Khalifa City (a),Intersection,Night - without lighting,Other (select),No Clouds,Other (select),pedestrian,There is no passenger,Medium,35,Male,40,2,He crosses not on transit lines,Vertical cross intersection,1
1976,1976,1976,898449,2021,Abu Dhabi,February,Thursday,At noon,fourth week,Shock,Preoccupation with the road while driving the vehicle in any way,Sheikh Maktoum Bin Rashid Street,External road,Phantom,Double road,day,Wicked (Bad),No Clouds,dry,passenger,A passenger in the front seat,Medium,37,Male,140,5,There is no,Not on or by (20) meters of a,1
1977,1977,1977,898450,2021,Abu Dhabi,April,Friday,Evening,the third week,Shock,Preoccupation with the road while driving the vehicle in any way,Al -Mafraq Al -Shawamik Street,Tunnel / Bridge,There is no definition of regions,Double road,Night - Enough lighting,Wicked (Bad),No Clouds,Temple,driver,Bike,Medium,16,Male,80,3,There is no,Not on or by (20) meters of a,1
1978,1978,1978,898451,2021,Abu Dhabi,November,Friday,Evening,fourth week,Cross -100,Sudden deviation,Abu Dhabi Road - Al Ain,Others,Al Wathba (East + West),Individual,Night - Enough lighting,Wicked (Bad),No Clouds,dry,passenger,Rapid in the back seat,Medium,37,Male,80,1,There is no,Not on or by (20) meters of a,1
1979,1979,1979,898452,2021,Abu Dhabi,August,Thursday,At noon,fourth week,Be shocked,Not adhering to the mandatory itinerary,corneche Street,Commercial area,The port,Intersection,day,Wicked (Bad),No Clouds,dry,driver,Bike,Medium,25,Male,60,2,There is no,Vertical cross intersection,1
1980,1980,1980,898453,2021,Abu Dhabi,October,Sunday,Evening,fourth week,Shock,Preoccupation with the road while driving the vehicle in any way,Tarif road,School,sedate,Out of the way,Night - without lighting,Wicked (Bad),No Clouds,dry,driver,Driver,Medium,26,Male,40,1,There is no,Not on or by (20) meters of a,1
1981,1981,1981,898454,2021,Ajman,August,Sunday,Evening,The first week,Run,Negligence and lack of attention,Sheikh Hamid bin Rashid Al Nuaimi Street,Residential area,Rumor,Double road,Night - Enough lighting,Wicked (Bad),No Clouds,dry,pedestrian,There is no passenger,Medium,57,Female,50,0,There is no,A meeting of half -vertical roads,1
1982,1982,1982,898455,2021,Abu Dhabi,November,Friday,At noon,fourth week,Shock,Preoccupation with the road while driving the vehicle in any way,Truck Road (Abu Dhabi-Al Ain),Sandy area,Al Wathba Camel Square,Out of the way,day,Wicked (Bad),No Clouds,earthy,driver,Driver,Medium,29,Male,20,1,There is no,Not on or by (20) meters of a,1
1983,1983,1983,898456,2021,Ajman,September,Monday,Before noon,the third week,Run,Negligence and lack of attention,Amman Street,Commercial area,Industrial,Double road,Night - Enough lighting,Wicked (Bad),No Clouds,dry,pedestrian,There is no passenger,Medium,31,Male,60,0,He crosses not on transit lines,Not on or by (20) meters of a,1
1984,1984,1984,898457,2021,Abu Dhabi,June,Sunday,At noon,second week,Cross -100,Not adhering to the mandatory itinerary,Sultan Bin Zayed the First Street (Thirty Two),Residential area,There is no definition of regions,Dhuatatin Road,day,Wicked (Bad),No Clouds,dry,driver,Driver,Medium,42,Male,40,2,There is no,Not at intersection,1
1985,1985,1985,898458,2021,Abu Dhabi,Dec,Thursday,Evening,The fifth week,Be shocked,Not adhering to the mandatory itinerary,Nissan Najda Showroom - Al Masaood Automobiles,Commercial area,Zayed City (Abu Dhabi),public road,Night - Enough lighting,Wicked (Bad),No Clouds,dry,driver,Driver,Medium,23,Male,60,4,There is no,Not on or by (20) meters of a,1
1986,1986,1986,898459,2021,Ajman,February,Saturday,Evening,The first week,Run,Negligence and lack of attention,Sheikh Rashid bin Saeed Al Maktoum Street,Petrol station,garden,Double road,Night - Enough lighting,Wicked (Bad),No Clouds,dry,pedestrian,There is no passenger,Medium,36,Male,60,0,There is no,Not on or by (20) meters of a,1
1987,1987,1987,898460,2021,Abu Dhabi,May,Friday,In the afternoon,The first week,A fixed body was shocked outside the road,Preoccupation with the road while driving the vehicle in any way,Abu Dhabi Road - Al Ain,Residential area,Mohammed bin Zayed City,vertigo,day,Wicked (Bad),No Clouds,dry,driver,Bike,Medium,26,Male,40,2,There is no,vertigo,1
1988,1988,1988,898461,2021,Abu Dhabi,February,Monday,In the afternoon,fourth week,Shock,Preoccupation with the road while driving the vehicle in any way,Sweihan Road,Residential area,The farmer,Double road,Night - Enough lighting,Wicked (Bad),No Clouds,dry,driver,Driver,Medium,15,Male,80,4,There is no,Not on or by (20) meters of a,1
1989,1989,1989,898462,2021,Abu Dhabi,January,Friday,At noon,the third week,Cross -100,Not adhering to the mandatory itinerary,Sweihan Road,Residential area,Enhanced,Intersection,day,Wicked (Bad),No Clouds,dry,passenger,Bike,Medium,7,Male,60,2,There is no,Vertical cross intersection,1
1990,1990,1990,898463,2021,Ras Al Khaimah,July,Tuesday,At noon,the third week,Be shocked,Sudden deviation,"Sheikh Khalifa Street, Shawka area",External road,fork,public road,day,Wicked (Bad),No Clouds,dry,driver,Driver,Medium,46,Male,120,3,There is no,Not on or by (20) meters of a,1
1991,1991,1991,898464,2021,Ajman,April,Monday,Evening,the third week,Run,Negligence and lack of attention,unknown,Residential area,Stray,Individual,Night - Enough lighting,Wicked (Bad),No Clouds,dry,pedestrian,There is no passenger,Medium,2,Male,40,0,There is no,Not on or by (20) meters of a,1
1992,1992,1992,898465,2021,Ajman,November,Wednesday,At noon,the third week,Run,Negligence and lack of attention,Badr Street,Commercial area,Rashidiya,parking,day,Wicked (Bad),No Clouds,dry,pedestrian,There is no passenger,Medium,74,Male,40,0,There is no,Not on or by (20) meters of a,1
1993,1993,1993,898466,2021,Abu Dhabi,May,Saturday,Evening,second week,Shock,Not leaving enough distance,Sheikh Maktoum Bin Rashid Street,Tunnel / Bridge,Al Samha Bridge,Individual,Night - Enough lighting,Wicked (Bad),No Clouds,dry,driver,Bike,Medium,37,Male,140,4,There is no,Not on or by (20) meters of a,1
1994,1994,1994,898467,2021,Ras Al Khaimah,April,Tuesday,Evening,fourth week,Run,Failure to adhere to traffic signs,Al -Faisal Street,Commercial area,Old Ras Al Khaimah,public road,Night - Enough lighting,Wicked (Bad),No Clouds,Temple,pedestrian,There is no passenger,Medium,44,Female,80,2,He crosses pedestrian crossing lines,Not on or by (20) meters of a,1
1995,1995,1995,898468,2021,Ajman,July,Friday,Before noon,fourth week,Shock,Not leaving enough distance,Sheikh Mohammed bin Zayed Street,External road,Moueta,Double road,Night - Enough lighting,Wicked (Bad),No Clouds,dry,driver,Driver,Medium,24,Male,120,0,There is no,Not on or by (20) meters of a,1
1996,1996,1996,898469,2021,Umm Al Quwain,November,Monday,Before noon,The first week,Deterioration,Sudden deviation,Sheikh Zayed bin Sultan Al Nahyan Street,External road,Kabir area,Double road,Night - Enough lighting,Wicked (Bad),No Clouds,dry,passenger,A passenger in the front seat,Medium,21,Male,100,2,There is no,Not at intersection,1
1997,1997,1997,898470,2021,Ajman,January,Thursday,In the afternoon,the third week,Run,Negligence and lack of attention,unknown,Commercial area,Kindergarten,Individual,day,Wicked (Bad),No Clouds,dry,pedestrian,There is no passenger,Medium,5,Female,40,0,He crosses not on transit lines,Not on or by (20) meters of a,1
1998,1998,1998,898471,2021,Abu Dhabi,October,Tuesday,Before noon,fourth week,Shock,Enter a major road without making sure that it is free,Abu Dhabi Road - Al Ain,Residential area,The Military Renaissance City,Dhuatatin Road,day,Wicked (Bad),No Clouds,dry,driver,Driver,Medium,4,Male,30,1,There is no,Not on or by (20) meters of a,1
1999,1999,1999,898472,2021,Abu Dhabi,November,Monday,Before noon,The fifth week,Shock,Not adhering to the mandatory itinerary,Rashid between Sayed Al Maktoum Street (Tah),Tunnel / Bridge,The General Police Command Bridge,public road,day,Wicked (Bad),No Clouds,dry,driver,Bike,Medium,22,Male,60,2,There is no,Not at intersection,1
2000,2000,2000,898473,2021,Sharjah,March,Sunday,Before noon,second week,Fall,The lack of conditions of security and traffic safety,Tariq Bin Ziyad Street,Commercial area,Station,public road,Night - weak lighting,Wicked (Bad),No Clouds,earthy,passenger,Rapid in the back seat,Medium,44,Male,40,2,There is no,Not on or by (20) meters of a,1
2001,2001,2001,898474,2021,Abu Dhabi,July,Tuesday,Before noon,fourth week,Deterioration,Speed without taking into account the road conditions,There is no definition,External road,There is no definition of regions,Individual,day,Other (select),No Clouds,Sand,driver,Driver,Medium,32,Male,60,1,There is no,Not on or by (20) meters of a,1
2002,2002,2002,898475,2021,Ras Al Khaimah,January,Saturday,Before noon,The first week,Run,Preoccupation with the road while driving the vehicle in any way,Mohammed bin Salem Street,Commercial area,Mouth,vertigo,day,Wicked (Bad),No Clouds,Temple,pedestrian,There is no passenger,Medium,38,Male,80,3,He crosses pedestrian crossing lines,vertigo,1
2003,2003,2003,898476,2021,Abu Dhabi,Dec,Friday,At noon,second week,Deterioration,Sudden deviation,Al -Mafraq Al -Shawamik Street,Tunnel / Bridge,There is no definition of regions,Double road,day,Wicked (Bad),No Clouds,dry,driver,Driver,Medium,38,Male,80,2,There is no,Not on or by (20) meters of a,1
2004,2004,2004,898477,2021,Ajman,Dec,Monday,At noon,second week,Run,Negligence and lack of attention,unknown,Commercial area,Industrial generator 3,Double road,Night - without lighting,Wicked (Bad),No Clouds,dry,pedestrian,There is no passenger,Medium,50,Male,40,0,He crosses not on transit lines,Not on or by (20) meters of a,1
2005,2005,2005,898478,2021,Abu Dhabi,February,Thursday,In the afternoon,fourth week,Cross -100,Failure to adhere to traffic signs,Sheikh Maktoum Bin Rashid Street,Residential area,Phantom,Intersection,day,Wicked (Bad),No Clouds,Temple,passenger,A passenger in the front seat,Medium,27,Male,60,2,There is no,Vertical cross intersection,1
2006,2006,2006,898479,2021,Abu Dhabi,Dec,Tuesday,At noon,fourth week,Deterioration,Preoccupation with the road while driving the vehicle in any way,Yas Street One,External road,Yass Island,Double road,day,Wicked (Bad),No Clouds,dry,driver,Bike,Medium,30,Male,60,2,There is no,Not on or by (20) meters of a,1
2007,2007,2007,898480,2021,Abu Dhabi,June,Wednesday,Evening,second week,Shock,Preoccupation with the road while driving the vehicle in any way,Armored road,Tunnel / Bridge,Industrial armored bridge,Individual,day,Wicked (Bad),No Clouds,dry,passenger,A passenger in the front seat,Medium,41,Male,100,3,There is no,Not on or by (20) meters of a,1
2008,2008,2008,898481,2021,Ajman,April,Monday,Evening,the third week,Run,Negligence and lack of attention,unknown,Residential area,Stray,Individual,Night - Enough lighting,Wicked (Bad),No Clouds,dry,pedestrian,There is no passenger,Medium,35,Male,40,0,There is no,Not on or by (20) meters of a,1
2009,2009,2009,898482,2021,Ras Al Khaimah,June,Friday,Evening,the third week,Run,Preoccupation with the road while driving the vehicle in any way,Al -Falaiya Street,Commercial area,Atmosphere,public road,Night - Enough lighting,Wicked (Bad),No Clouds,Temple,pedestrian,There is no passenger,Medium,34,Male,80,2,Familiar,Not on or by (20) meters of a,1
2010,2010,2010,898483,2021,Sharjah,September,Tuesday,At noon,second week,Run,Not to give priority to the infantry crossing,Abdullah Salem Al -Sabah Street,Residential area,Hoys,Double road,day,Wicked (Bad),No Clouds,dry,pedestrian,There is no passenger,Medium,19,Female,60,2,He crosses not on transit lines,Not on or by (20) meters of a,1
2011,2011,2011,898484,2021,Abu Dhabi,July,Sunday,Evening,fourth week,Shock,Speed without taking into account the road conditions,Sweihan Road,Residential area,The farmer,Double road,Night - Enough lighting,Wicked (Bad),No Clouds,dry,driver,Driver,Medium,18,Male,80,3,There is no,Not on or by (20) meters of a,1
2012,2012,2012,898485,2021,Abu Dhabi,May,Friday,In the afternoon,The first week,Deterioration,Negligence and lack of attention,Sheikh Mubarak roundabout,Residential area,Jimmy,Double road,day,Wicked (Bad),No Clouds,dry,driver,Bike,Medium,37,Male,40,2,There is no,A meeting of half -vertical roads,1
2013,2013,2013,898486,2021,Sharjah,February,Wednesday,Evening,second week,Be shocked,Sudden deviation,Sheikh Mohammed bin Zayed Street,External road,Hamriyah,Double road,Night - Enough lighting,Wicked (Bad),No Clouds,dry,driver,Driver,Medium,28,Male,120,3,There is no,Not on or by (20) meters of a,1
2014,2014,2014,898487,2021,Abu Dhabi,October,Tuesday,Evening,the third week,A fixed body was shocked outside the road,Sudden deviation,Zayed Bin Sultan Street (General),Commercial area,Jerk,Double road,Night - Enough lighting,Wicked (Bad),No Clouds,dry,driver,Driver,Medium,33,Male,100,3,There is no,Not on or by (20) meters of a,1