,Unnamed: 0.1,Unnamed: 0,Fake ID,Year,City,Month,Day,Time,Week,Type Of Accident,Reasons,Street,Place,Area,Location,Lighting,Road Condition,Weather Condition,Road surface,Lay injured,Injured seat,Degree of injury,Age of the injured,The person's gender,Speed of the road,Number of tracks,Pedestrian behavior,Intersection,Total
2015,2015,2015,898488,2021,Abu Dhabi,September,Thursday,At noon,The fifth week,Shock,Preoccupation with the road while driving the vehicle in any way,Sweihan Road,External road,Zayed Military City,Double road,day,Wicked (Bad),No Clouds,dry,driver,Driver,Medium,50,Male,140,4,There is no,Not on or by (20) meters of a,1
2016,2016,2016,898489,2021,Ras Al Khaimah,February,Wednesday,Before noon,second week,Deterioration,Sudden deviation,Mohammed bin Salem Street,Residential area,Southern,vertigo,day,Wicked (Bad),No Clouds,Temple,driver,Bike,Medium,39,Male,40,2,There is no,vertigo,1
2017,2017,2017,898490,2021,Abu Dhabi,August,Sunday,Evening,The fifth week,Deterioration,Preoccupation with the road while driving the vehicle in any way,Khalifa Bin Zayed Street I,Industrial area,There is no definition of regions,Double road,Night - Enough lighting,Wicked (Bad),No Clouds,dry,passenger,Rapid in the back seat,Medium,30,Male,100,3,There is no,Not at intersection,1
2018,2018,2018,898491,2021,Abu Dhabi,July,Friday,In the afternoon,the third week,Be shocked,Driving without a driver's license at all,IP - Zero Zero One,School,Zayed City,Individual,Night - Enough lighting,Other (select),No Clouds,Foundation,driver,Driver,Medium,21,Male,80,3,There is no,Not at intersection,1
2019,2019,2019,898492,2021,Abu Dhabi,October,Tuesday,Before noon,fourth week,Be shocked,Not to make the route to come from the back by passing from the left side,There is no definition,Residential area,There is no definition of regions,Other (select),day,Wicked (Bad),No Clouds,dry,driver,Driver,Medium,41,Female,80,3,There is no,Not on or by (20) meters of a,1
2020,2020,2020,898493,2021,Abu Dhabi,June,Saturday,Evening,the third week,Consecutive,Negligence and lack of attention,Sheikh Zayed Street - Sheikh Zayed Tunnel,Commercial area,El-Shikh Zayed street,public road,Night - Enough lighting,Wicked (Bad),No Clouds,dry,passenger,Rapid in the back seat,Medium,3,Male,80,4,There is no,Not on or by (20) meters of a,1
2021,2021,2021,898494,2021,Abu Dhabi,January,Sunday,Evening,The fifth week,Shock,Preoccupation with the road while driving the vehicle in any way,Umm Al -Nar Road / Shahama,External road,Rest Beach,public road,Night - Enough lighting,Wicked (Bad),No Clouds,dry,driver,Driver,Medium,23,Male,140,4,There is no,Not on or by (20) meters of a,1
2022,2022,2022,898495,2021,Abu Dhabi,Dec,Saturday,At noon,the third week,Shock,Overcoming the red light signal - the arrow signal,Sultan Bin Zayed the First Street (Thirty Two),Commercial area,There is no definition of regions,Intersection,day,Wicked (Bad),No Clouds,dry,driver,Bike,Medium,42,Male,80,4,There is no,Vertical cross intersection,1
2023,2023,2023,898496,2021,Abu Dhabi,Dec,Monday,In the afternoon,the third week,Shock,Not leaving enough distance,You are a compassionate,Residential area,Shuaiba,public road,Night - Enough lighting,Wicked (Bad),No Clouds,dry,driver,Driver,Medium,62,Male,80,3,There is no,Not at intersection,1
2024,2024,2024,898497,2021,Abu Dhabi,April,Wednesday,In the afternoon,fourth week,Shock,Not leaving enough distance,Al Tawa roundabout,Residential area,Fold,Double road,Night - Enough lighting,Wicked (Bad),No Clouds,dry,driver,Driver,Medium,40,Female,80,3,There is no,Not at intersection,1
2025,2025,2025,898498,2021,Abu Dhabi,August,Monday,Before noon,fourth week,Be shocked,Fatigue and drowsiness,Abu Dhabi Road - Al Ain,External road,There is no definition of regions,Double road,Night - Enough lighting,Wicked (Bad),No Clouds,dry,driver,Driver,Medium,23,Male,160,3,There is no,Not at intersection,1
2026,2026,2026,898499,2021,Sharjah,Dec,Sunday,Before noon,The first week,Deterioration,Sudden deviation,Khorfakkan Road,External road,scarf,Double road,day,Wicked (Bad),No Clouds,dry,driver,Driver,Medium,24,Male,120,2,There is no,Not at intersection,1
2027,2027,2027,898500,2021,Umm Al Quwain,April,Friday,Before noon,fourth week,Shock,Overing from the right or ingredon is cautious,Sheikh Zayed bin Sultan Al Nahyan Street,Tunnel / Bridge,Navel,Double road,Night - Enough lighting,Wicked (Bad),No Clouds,dry,driver,Driver,Medium,22,Male,100,2,There is no,Not at intersection,1
2028,2028,2028,898501,2021,Abu Dhabi,October,Sunday,At noon,second week,Run,Preoccupation with the road while driving the vehicle in any way,Abu Dhabi Road - Al Ain,Residential area,Mohammed bin Zayed City,Double road,day,Wicked (Bad),No Clouds,dry,pedestrian,There is no passenger,Medium,58,Female,80,3,He crosses pedestrian crossing lines,Not on or by (20) meters of a,1
2029,2029,2029,898502,2021,Abu Dhabi,April,Saturday,In the afternoon,the third week,Cross -100,Exaggeration in a place where transgression is forbidden,An internal street,Industrial area,Industrial,Dhuatatin Road,day,Wicked (Bad),No Clouds,dry,driver,Bike,Medium,25,Male,40,2,There is no,Not at intersection,1
2030,2030,2030,898503,2021,Sharjah,July,Tuesday,Before noon,The first week,Shock,Not leaving enough distance,Sharjah Ring Street,Industrial area,The eighth industrial,Double road,day,Wicked (Bad),No Clouds,dry,passenger,A passenger in the front seat,Medium,20,Male,80,3,There is no,Not on or by (20) meters of a,1
2031,2031,2031,898504,2021,Abu Dhabi,November,Thursday,Evening,The first week,Cross -100,Not to make the road / not to give the brigades,Sas Al Nakhl Island,External road,Sas Al Nakhl (Umm Fire),Individual,day,Wicked (Bad),No Clouds,dry,passenger,A passenger in the front seat,Medium,40,Male,80,3,There is no,Not at intersection,1
2032,2032,2032,898505,2021,Abu Dhabi,September,Wednesday,At noon,fourth week,Consecutive,Preoccupation with the road while driving the vehicle in any way,Truck Road (Abu Dhabi-Al Ain),External road,Al Wathba Palace,Double road,day,Wicked (Bad),No Clouds,dry,driver,Driver,Medium,35,Male,80,2,There is no,Not on or by (20) meters of a,1
2033,2033,2033,898506,2021,Ras Al Khaimah,February,Monday,In the afternoon,fourth week,Cross -100,Not adhering to the mandatory itinerary,Al -Ghail Street,Industrial area,Inconsistent,Individual,Night - Enough lighting,Wicked (Bad),No Clouds,Temple,driver,Bike,Medium,38,Male,60,1,There is no,Vertical cross intersection,1
2034,2034,2034,898507,2021,Abu Dhabi,January,Sunday,Before noon,the third week,Be shocked,Failure to adhere to traffic signs,Hazza Bin Sultan Street,External road,Reefs,vertigo,day,Wicked (Bad),No Clouds,dry,passenger,Rapid in the back seat,Medium,52,Male,120,2,There is no,vertigo,1
2035,2035,2035,898508,2021,Abu Dhabi,Dec,Sunday,Evening,second week,Cross -100,Sir is the opposite of the direction,An internal street,External road,Satellite,Double road,Night - Enough lighting,Wicked (Bad),No Clouds,dry,driver,Driver,Medium,21,Male,80,2,There is no,Not at intersection,1
2036,2036,2036,898509,2021,Abu Dhabi,June,Wednesday,Evening,second week,A fixed body was shocked outside the road,Sudden deviation,Hamdan bin Mohammed Street (Al Ain),Residential area,Ventricle,Double road,Night - Enough lighting,Wicked (Bad),No Clouds,dry,driver,Driver,Medium,22,Male,100,3,There is no,Not on or by (20) meters of a,1
2037,2037,2037,898510,2021,Abu Dhabi,January,Sunday,In the afternoon,The first week,Shock,Enter a major road without making sure that it is free,Al Ain Street - Abuiriya,External road,Abu Kira,Double road,Night - Enough lighting,Wicked (Bad),No Clouds,dry,passenger,Rapid in the back seat,Medium,9,Male,140,2,There is no,Hole,1
2038,2038,2038,898511,2021,Abu Dhabi,February,Wednesday,Evening,The first week,Be shocked,Preoccupation with the road while driving the vehicle in any way,International airport roads,Residential area,Khalifa City (a),Other (select),Night - weak lighting,Other (select),No Clouds,earthy,driver,Bike,Medium,37,Male,20,0,There is no,Not on or by (20) meters of a,1
2039,2039,2039,898512,2021,Abu Dhabi,April,Friday,Evening,second week,Run,Not to give priority to the infantry crossing,Hamdan Bin Mohammed Street(Five),Commercial area,Fortress,Individual,Night - Enough lighting,Wicked (Bad),No Clouds,dry,pedestrian,There is no passenger,Medium,46,Female,60,3,He crosses pedestrian crossing lines,Not on or by (20) meters of a,1
2040,2040,2040,898513,2021,Abu Dhabi,Dec,Monday,Before noon,fourth week,Shock,Overcoming the red light signal,Sultan Bin Zayed the First Street (Thirty Two),Commercial area,There is no definition of regions,Intersection,day,Wicked (Bad),No Clouds,dry,driver,Driver,Medium,52,Male,100,3,There is no,Vertical cross intersection,1
2041,2041,2041,898514,2021,Abu Dhabi,January,Saturday,Before noon,the third week,Shock,Preoccupation with the road while driving the vehicle in any way,Bani Yas Sports Club,Residential area,The shampoo,Double road,day,Wicked (Bad),No Clouds,dry,driver,Bike,Medium,27,Male,80,3,There is no,Not on or by (20) meters of a,1
2042,2042,2042,898515,2021,Ajman,March,Sunday,Evening,second week,Be shocked,Enter a major road without making sure that it is free,unknown,Commercial area,Industrial,Individual,day,Wicked (Bad),No Clouds,dry,driver,Driver,Medium,16,Male,40,0,There is no,Not on or by (20) meters of a,1
2043,2043,2043,898516,2021,Abu Dhabi,April,Saturday,In the afternoon,second week,Be shocked,Overcoming the red light signal,Hamdan bin Mohammed Street (Al Ain),Residential area,Al -Khubaisi,Intersection,Night - Enough lighting,Wicked (Bad),No Clouds,dry,driver,Bike,Medium,19,Male,40,3,There is no,Multi -legs intersection,1
2044,2044,2044,898517,2021,Abu Dhabi,January,Saturday,Evening,The first week,Shock,Not leaving enough distance,Al Ain Street - Abuiriya,External road,Abu Kira,Double road,Night - Enough lighting,Wicked (Bad),No Clouds,dry,driver,Driver,Medium,27,Male,140,2,There is no,Not on or by (20) meters of a,1
2045,2045,2045,898518,2021,Abu Dhabi,Dec,Wednesday,In the afternoon,The fifth week,Cross -100,Overing from the right or ingredon is cautious,Tarif road,External road,Al Dhafra Air Force Base,Double road,Night - without lighting,Wicked (Bad),No Clouds,dry,driver,Driver,Medium,32,Male,60,2,There is no,Not on or by (20) meters of a,1
2046,2046,2046,898519,2021,Ras Al Khaimah,September,Thursday,Before noon,second week,Be shocked,Sudden deviation,Al Montaser Street,Commercial area,Palm,Double road,Night - Enough lighting,Wicked (Bad),No Clouds,Temple,driver,Driver,Medium,41,Female,80,2,There is no,Not at intersection,1
2047,2047,2047,898520,2021,Abu Dhabi,November,Sunday,Before noon,second week,Shock,Not leaving enough distance,Sheikh Khalifa Bridge,Tunnel / Bridge,Sa'adiat Island,bridge,day,Wicked (Bad),No Clouds,dry,passenger,Rapid in the back seat,Medium,51,Male,100,4,There is no,Not at intersection,1
2048,2048,2048,898521,2021,Abu Dhabi,November,Sunday,Before noon,second week,Shock,Not leaving enough distance,Sheikh Khalifa Bridge,Tunnel / Bridge,Sa'adiat Island,bridge,day,Wicked (Bad),No Clouds,dry,passenger,Rapid in the back seat,Medium,27,Male,100,4,There is no,Not at intersection,1
2049,2049,2049,898522,2021,Abu Dhabi,June,Wednesday,Evening,the third week,Be shocked,Sudden deviation,Sheikh Maktoum Bin Rashid Street,Tunnel / Bridge,Al Samha Bridge,vertigo,Night - Enough lighting,Wicked (Bad),No Clouds,dry,driver,Driver,Medium,47,Male,60,2,There is no,Not on or by (20) meters of a,1
2050,2050,2050,898523,2021,Sharjah,August,Tuesday,Before noon,fourth week,Run,Preoccupation with the road while driving the vehicle in any way,King Abdulaziz Street,Mosque,Bushra,Individual,day,Wicked (Bad),No Clouds,dry,pedestrian,There is no passenger,Medium,36,Female,40,1,There is no,Not on or by (20) meters of a,1
2051,2051,2051,898524,2021,Abu Dhabi,July,Thursday,Evening,The fifth week,Run,Preoccupation with the road while driving the vehicle in any way,Ghiasi Shari,Residential area,Ghiasi,Individual,Night - without lighting,Wicked (Bad),No Clouds,dry,pedestrian,There is no passenger,Medium,28,Male,30,2,He crosses not on transit lines,Not on or by (20) meters of a,1
2052,2052,2052,898525,2021,Ajman,October,Friday,Evening,second week,Run,Negligence and lack of attention,Sheikh Khalifa bin Zayed Street,Commercial area,Mashirf Commercial,parking,Night - weak lighting,Wicked (Bad),No Clouds,dry,pedestrian,There is no passenger,Medium,4,Male,40,0,There is no,Not on or by (20) meters of a,1
2053,2053,2053,898526,2021,Sharjah,February,Thursday,Evening,The first week,Shock,Transit of infantry red lighting,Sheikh Sultan Al Qasimi Street,garden,Sur Kalba,public road,day,Wicked (Bad),No Clouds,dry,driver,Driver,Medium,20,Male,60,3,He crosses pedestrian crossing lines,Not on or by (20) meters of a,1
2054,2054,2054,898527,2021,Abu Dhabi,October,Friday,Evening,second week,A fixed body was shocked outside the road,Driving the vehicle under the influence of alcohol,Khalifa Bin Zayed Street,Tunnel / Bridge,Salamat,public road,Night - Enough lighting,Wicked (Bad),No Clouds,dry,driver,Driver,Medium,21,Male,100,1,There is no,Not on or by (20) meters of a,1
2055,2055,2055,898528,2021,Ras Al Khaimah,May,Tuesday,In the afternoon,The first week,Shock,Preoccupation with the road while driving the vehicle in any way,Al -Falaiya Street,Commercial area,Atmosphere,public road,Night - Enough lighting,Wicked (Bad),No Clouds,Temple,driver,Driver,Medium,28,Male,100,2,It crosses the crossing lines,Not on or by (20) meters of a,1
2056,2056,2056,898529,2021,Ajman,February,Tuesday,In the afternoon,The first week,Run,Negligence and lack of attention,Sheikh Rashid bin Saeed Street,Residential area,Liurah,Double road,day,Wicked (Bad),No Clouds,dry,pedestrian,There is no passenger,Medium,37,Male,60,0,There is no,Not on or by (20) meters of a,1
2057,2057,2057,898530,2021,Ras Al Khaimah,January,Wednesday,Before noon,fourth week,Be shocked,Negligence and lack of attention,Dqaladah Street,Governmental,Stagnation,public road,day,Wicked (Bad),No Clouds,Temple,passenger,Rapid in the back seat,Medium,31,Male,80,2,There is no,Hole,1
2058,2058,2058,898531,2021,Ras Al Khaimah,January,Tuesday,At noon,The first week,Run,Preoccupation with the road while driving the vehicle in any way,Crimean victor intersection,Commercial area,Palm,Individual,day,Wicked (Bad),No Clouds,dry,pedestrian,There is no passenger,Medium,35,Male,20,1,There is no,Not on or by (20) meters of a,1
2059,2059,2059,898532,2021,Abu Dhabi,Dec,Tuesday,At noon,The first week,Deterioration,Sudden deviation,Tarif road,Sandy area,Cavities,Double road,Night - without lighting,Wicked (Bad),No Clouds,Temple,driver,Driver,Medium,21,Male,80,2,There is no,Not at intersection,1
2060,2060,2060,898533,2021,Abu Dhabi,February,Wednesday,Before noon,The first week,A fixed body was shocked outside the road,Driving without a driver's license at all,Al -Mafraq Al -Shawamik Street,Residential area,Bani Yas (East),Double road,day,Wicked (Bad),No Clouds,dry,driver,Driver,Medium,12,Male,40,1,There is no,Not on or by (20) meters of a,1
2061,2061,2061,898534,2021,Abu Dhabi,May,Sunday,Evening,the third week,Shock,Driving the vehicle under the influence of alcohol,Nissan Najda Showroom - Al Masaood Automobiles,hospital,the airport,Intersection,day,Wicked (Bad),No Clouds,dry,driver,Driver,Medium,27,Female,100,4,There is no,Vertical cross intersection,1
2062,2062,2062,898535,2021,Sharjah,June,Thursday,Before noon,fourth week,Run,Negligence and lack of attention,Sheikh Mohammed bin Zayed Street,Tunnel / Bridge,Mouleeh commercial,Bridge / tunnel,day,Wicked (Bad),No Clouds,dry,pedestrian,There is no passenger,Medium,47,Male,40,1,He crosses not on transit lines,Not on or by (20) meters of a,1
2063,2063,2063,898536,2021,Abu Dhabi,February,Wednesday,Before noon,The first week,A fixed body was shocked outside the road,Driving without a driver's license at all,Al -Mafraq Al -Shawamik Street,Residential area,Bani Yas (East),Double road,day,Wicked (Bad),No Clouds,dry,passenger,Rapid in the back seat,Medium,14,Male,40,1,There is no,Not on or by (20) meters of a,1
2064,2064,2064,898537,2021,Fujairah,February,Sunday,At noon,fourth week,Be shocked,Enter a major road without making sure that it is free,Sheikh Maktoum Bin Rashid Street,External road,Thoban area,Double road,day,Wicked (Bad),No Clouds,Temple,driver,Driver,Medium,49,Male,100,2,There is no,Hole,1
2065,2065,2065,898538,2021,Abu Dhabi,February,Saturday,Before noon,second week,A fixed body was shocked outside the road,Fatigue and drowsiness,Abu Dhabi Road - Al Ain,External road,Mohammed bin Zayed City,Double road,Night - Enough lighting,Wicked (Bad),No Clouds,dry,passenger,Rapid in the back seat,Medium,33,Male,140,4,There is no,Not on or by (20) meters of a,1
2066,2066,2066,898539,2021,Ajman,January,Wednesday,At noon,fourth week,A fixed body shocked the road,Sudden deviation,Sheikh Hamid bin Rashid Al Nuaimi Street,Others,Rumor,Double road,day,Wicked (Bad),No Clouds,dry,pedestrian,There is no passenger,Medium,54,Male,50,0,There is no,Not on or by (20) meters of a,1
2067,2067,2067,898540,2021,Abu Dhabi,August,Monday,In the afternoon,second week,Shock,Enter a major road without making sure that it is free,Eastern Street (Al Traffic) (Four),Governmental,Humper saffron,Individual,Night - Enough lighting,Wicked (Bad),No Clouds,dry,passenger,A passenger in the front seat,Medium,56,Male,80,4,There is no,Not on or by (20) meters of a,1
2068,2068,2068,898541,2021,Abu Dhabi,Dec,Saturday,At noon,The first week,Cross -100,Sir is the opposite of the direction,Hazaa Bin Zayed the First Street(Eleven),Residential area,There is no definition of regions,Double road,day,Wicked (Bad),No Clouds,dry,driver,Driver,Medium,40,Male,40,2,There is no,Not at intersection,1
2069,2069,2069,898542,2021,Ras Al Khaimah,February,Thursday,In the afternoon,The first week,Shock,Not leaving enough distance,Shocking Shari'ah,Others,fork,Double road,Night - Enough lighting,Wicked (Bad),No Clouds,Temple,driver,Driver,Medium,21,Male,100,2,There is no,Not at intersection,1
2070,2070,2070,898543,2021,Ras Al Khaimah,September,Thursday,Evening,second week,Cross -100,Negligence and lack of attention,Al -Munai’i Street,Residential area,Al -Munai’i,Double road,Night - Enough lighting,Wicked (Bad),No Clouds,Temple,passenger,A passenger in the front seat,Medium,11,Male,60,1,There is no,Not at intersection,1
2071,2071,2071,898544,2021,Abu Dhabi,June,Wednesday,Before noon,the third week,Deterioration,Sudden deviation,Al Ain Street - Al -Wajan - Al -Qaa,External road,Custody,Double road,day,Wicked (Bad),No Clouds,dry,passenger,A passenger in the front seat,Medium,2,Male,140,2,There is no,Not at intersection,1
2072,2072,2072,898545,2021,Sharjah,June,Friday,Evening,The first week,Run,Preoccupation with the road while driving the vehicle in any way,Cooperation Street,Commercial area,Khan,Other (select),Night - Enough lighting,Wicked (Bad),No Clouds,dry,pedestrian,There is no passenger,Medium,64,Female,80,3,He crosses not on transit lines,vertigo,1
2073,2073,2073,898546,2021,Abu Dhabi,October,Wednesday,Evening,The first week,Shock,Sudden deviation,Sheikh Mohammed bin Rashid Al Maktoum Street,External road,-,public road,day,Wicked (Bad),No Clouds,Temple,driver,Driver,Medium,47,Female,140,4,There is no,Not at intersection,1
2074,2074,2074,898547,2021,Abu Dhabi,November,Sunday,Evening,second week,Be shocked,Not adhering to the mandatory itinerary,Yas Street One,Tunnel / Bridge,Yass Island,Double road,day,Wicked (Bad),No Clouds,dry,driver,Driver,Medium,23,Male,80,2,There is no,Not on or by (20) meters of a,1
2075,2075,2075,898548,2021,Ajman,April,Sunday,Evening,fourth week,Run,Negligence and lack of attention,unknown,Residential area,Naimia,Individual,Night - Enough lighting,Wicked (Bad),No Clouds,dry,pedestrian,There is no passenger,Medium,6,Male,40,0,There is no,Not on or by (20) meters of a,1
2076,2076,2076,898549,2021,Ras Al Khaimah,August,Sunday,Evening,The first week,Shock,Enter a major road without making sure that it is free,Mohammed Bin Salem Street from Dolphin Roundabout to Dr. Sorghum,Others,The Red Island,public road,Night - Enough lighting,Wicked (Bad),No Clouds,Temple,driver,Bike,Medium,26,Male,100,2,There is no,Not at intersection,1
2077,2077,2077,898550,2021,Abu Dhabi,November,Tuesday,Evening,The fifth week,A fixed body shocked the road,Not adhering to the mandatory itinerary,Sultan Bin Zayed the First Street (Thirty Two),Governmental,There is no definition of regions,Individual,Night - Enough lighting,Wicked (Bad),No Clouds,dry,driver,Driver,Medium,19,Male,100,4,There is no,Not on or by (20) meters of a,1
2078,2078,2078,898551,2021,Abu Dhabi,Dec,Thursday,Before noon,fourth week,Run,Not to give priority to the infantry crossing,Tel Merrb Street,External road,Lave it,public road,Night - Enough lighting,Wicked (Bad),No Clouds,dry,pedestrian,There is no passenger,Medium,23,Male,60,2,He crosses pedestrian crossing lines,Not on or by (20) meters of a,1
2079,2079,2079,898552,2021,Sharjah,June,Monday,At noon,fourth week,Be shocked,Enter a major road without making sure that it is free,Sheikh Sultan bin Saqr Al Qasimi Street,Petrol station,Maysalon,Individual,Night - Enough lighting,Wicked (Bad),No Clouds,dry,driver,Driver,Medium,30,Male,60,2,There is no,Not on or by (20) meters of a,1
2080,2080,2080,898553,2021,Sharjah,July,Tuesday,Evening,The first week,Non -moving,Negligence and lack of attention,Al -Orouba Street,Residential area,Choiites,Double road,Night - Enough lighting,Wicked (Bad),No Clouds,dry,driver,Driver,Medium,29,Male,60,2,There is no,Not on or by (20) meters of a,1
2081,2081,2081,898554,2021,Abu Dhabi,June,Friday,At noon,second week,Shock,Driving the vehicle under the influence of alcohol,Yas Street One,External road,Yass Island,Individual,day,Wicked (Bad),No Clouds,dry,driver,Bike,Medium,21,Male,120,5,There is no,Not on or by (20) meters of a,1
2082,2082,2082,898555,2021,Ajman,March,Friday,At noon,the third week,Deterioration,Negligence and lack of attention,Sheikh Mohammed bin Zayed Street,External road,Brightness,Double road,day,Wicked (Bad),No Clouds,dry,driver,Driver,Medium,47,Male,120,0,There is no,Not on or by (20) meters of a,1
2083,2083,2083,898556,2021,Abu Dhabi,June,Thursday,Evening,The first week,Run,Negligence and lack of attention,Public Street Road - Port,Tunnel / Bridge,General Street (Abu Dhabi - Commodities),public road,Night - Enough lighting,Wicked (Bad),No Clouds,dry,pedestrian,There is no passenger,Medium,49,Male,160,4,He crosses not on transit lines,Not at intersection,1
2084,2084,2084,898557,2021,Abu Dhabi,June,Wednesday,At noon,The first week,Consecutive,Preoccupation with the road while driving the vehicle in any way,Truck Street,Tunnel / Bridge,Bare,Double road,day,Wicked (Bad),No Clouds,dry,driver,Driver,Medium,58,Male,120,3,There is no,Not at intersection,1
2085,2085,2085,898558,2021,Abu Dhabi,March,Thursday,In the afternoon,second week,Shock,Preoccupation with the road while driving the vehicle in any way,Sheikh Maktoum Bin Rashid Street,Tunnel / Bridge,Long Bridge,Individual,day,Wicked (Bad),No Clouds,dry,passenger,A passenger in the front seat,Medium,48,Male,140,2,There is no,Not on or by (20) meters of a,1
2086,2086,2086,898559,2021,Abu Dhabi,January,Wednesday,Before noon,second week,Run,Preoccupation with the road while driving the vehicle in any way,Al -Mafraq Al -Shawamik Street,External road,Mafraq Bridge,public road,day,Wicked (Bad),No Clouds,dry,pedestrian,There is no passenger,Medium,21,Male,120,4,There is no,Not on or by (20) meters of a,1
2087,2087,2087,898560,2021,Abu Dhabi,Dec,Saturday,Evening,fourth week,Be shocked,Enter a major road without making sure that it is free,An internal street,Residential area,Apparent,Individual,Night - Enough lighting,Wicked (Bad),No Clouds,dry,driver,Driver,Medium,23,Male,60,1,There is no,A meeting of half -vertical roads,1
2088,2088,2088,898561,2021,Abu Dhabi,June,Sunday,Evening,the third week,Be shocked,Overcoming the red light signal,Intersection of the Arabian Gulf - Al Saada,garden,Supervisor,Intersection,day,Wicked (Bad),No Clouds,dry,driver,Driver,Medium,31,Male,100,4,There is no,Not on or by (20) meters of a,1
2089,2089,2089,898562,2021,Abu Dhabi,March,Sunday,Evening,the third week,Shock,Preoccupation with the road while driving the vehicle in any way,Armored road,Commercial area,Industrial armored bridge,Individual,Night - Enough lighting,Wicked (Bad),No Clouds,dry,pedestrian,There is no passenger,Medium,25,Male,60,3,Familiar,Not on or by (20) meters of a,1
2090,2090,2090,898563,2021,Ras Al Khaimah,November,Thursday,At noon,The first week,Deterioration,Preoccupation with the road while driving the vehicle in any way,Sea Al -Bana Street,Others,Stagnation,Double road,day,Wicked (Bad),No Clouds,Temple,driver,Driver,Medium,31,Male,120,2,There is no,Not on or by (20) meters of a,1
2091,2091,2091,898564,2021,Abu Dhabi,April,Sunday,Before noon,fourth week,Be shocked,Enter a major road without making sure that it is free,Truck Road,External road,There is no definition of regions,Individual,day,Wicked (Bad),No Clouds,dry,passenger,Rapid in the back seat,Medium,48,Male,80,1,There is no,Not on or by (20) meters of a,1
2092,2092,2092,898565,2021,Abu Dhabi,October,Sunday,In the afternoon,The fifth week,Shock,Preoccupation with the road while driving the vehicle in any way,Sweihan Road,Tunnel / Bridge,The farmer,Double road,Night - Enough lighting,Wicked (Bad),No Clouds,dry,driver,Driver,Medium,44,Male,140,4,There is no,Not on or by (20) meters of a,1
2093,2093,2093,898566,2021,Abu Dhabi,May,Monday,Before noon,The first week,A fixed body was shocked outside the road,Preoccupation with the road while driving the vehicle in any way,Abu Dhabi Road - Al Ain,External road,Spear,Double road,day,Wicked (Bad),No Clouds,dry,passenger,A passenger in the front seat,Medium,59,Male,160,3,There is no,Not at intersection,1
2094,2094,2094,898567,2021,Sharjah,October,Wednesday,At noon,second week,Shock,Not adhering to the mandatory itinerary,Maliha Street,Industrial area,second industrial,Individual,day,Wicked (Bad),No Clouds,dry,driver,Bike,Medium,29,Male,40,1,There is no,Not on or by (20) meters of a,1
2095,2095,2095,898568,2021,Abu Dhabi,July,Monday,In the afternoon,second week,Shock,Not to make the road / not to give the brigades,Sheikh Maktoum Bin Rashid Street,Residential area,magnanimity,Intersection,day,Wicked (Bad),No Clouds,dry,passenger,Bike,Medium,9,Male,60,1,There is no,Vertical cross intersection,1
2096,2096,2096,898569,2021,Abu Dhabi,August,Tuesday,At noon,second week,Be shocked,Not to make the road / not to give the brigades,An internal street,Commercial area,Custody,Intersection,day,Wicked (Bad),No Clouds,dry,driver,Bike,Medium,22,Male,40,2,There is no,Multi -legs intersection,1
2097,2097,2097,898570,2021,Abu Dhabi,November,Monday,Before noon,second week,Be shocked,Not adhering to the mandatory itinerary,An internal street,Residential area,Phenomenon,Double road,day,Wicked (Bad),No Clouds,dry,driver,Driver,Medium,24,Female,80,2,There is no,Not on or by (20) meters of a,1
2098,2098,2098,898571,2021,Abu Dhabi,Dec,Tuesday,In the afternoon,fourth week,Deterioration,Speed without taking into account the road conditions,An internal street,Governmental,Hayer,vertigo,day,Wicked (Bad),No Clouds,dry,driver,Driver,Medium,39,Male,60,1,There is no,vertigo,1
2099,2099,2099,898572,2021,Abu Dhabi,November,Friday,Evening,The first week,Run,Not to give priority to the infantry crossing,Al Ain Street,Commercial area,Industrial,public road,Night - Enough lighting,Wicked (Bad),No Clouds,dry,pedestrian,There is no passenger,Medium,29,Male,80,3,There is no,Not at intersection,1
2100,2100,2100,898573,2021,Abu Dhabi,Dec,Wednesday,Before noon,second week,Be shocked,Not adhering to the mandatory itinerary,Arabian Gulf Street(Thirty),Commercial area,Bridge bridge,Individual,day,Wicked (Bad),No Clouds,dry,passenger,A passenger in the front seat,Medium,42,Male,120,5,There is no,Not on or by (20) meters of a,1
2101,2101,2101,898574,2021,Abu Dhabi,July,Thursday,Before noon,The first week,Deterioration,Not adhering to the mandatory itinerary,Umm Ghafa Street,Others,Sazan,Double road,day,Wicked (Bad),No Clouds,dry,driver,Driver,Medium,33,Male,100,2,There is no,Not at intersection,1
2102,2102,2102,898575,2021,Abu Dhabi,April,Thursday,At noon,fourth week,Consecutive,Not leaving enough distance,IPFiftyEightB Intersection of the Arabian Gulf - Dalma,Commercial area,Kindergarten,Intersection,day,Wicked (Bad),No Clouds,dry,driver,Driver,Medium,24,Male,80,4,There is no,Vertical cross intersection,1