,Unnamed: 0.1,Unnamed: 0,Fake ID,Year,City,Month,Day,Time,Week,Type Of Accident,Reasons,Street,Place,Area,Location,Lighting,Road Condition,Weather Condition,Road surface,Lay injured,Injured seat,Degree of injury,Age of the injured,The person's gender,Speed of the road,Number of tracks,Pedestrian behavior,Intersection,Total
2103,2103,2103,898576,2021,Abu Dhabi,June,Tuesday,Evening,second week,A fixed body shocked the road,Fatigue and drowsiness,Old Truck Street,Governmental,There is no definition of regions,Individual,day,Wicked (Bad),No Clouds,dry,driver,Driver,Medium,55,Male,40,1,There is no,Not on or by (20) meters of a,1
2104,2104,2104,898577,2021,Fujairah,April,Friday,Evening,second week,Consecutive,Preoccupation with the road while driving the vehicle in any way,A profitable street -,Tunnel / Bridge,Shabika area,Bridge / tunnel,Night - Enough lighting,Wicked (Bad),No Clouds,Temple,driver,Driver,Medium,54,Male,100,3,There is no,Not on or by (20) meters of a,1
2105,2105,2105,898578,2021,Sharjah,June,Saturday,In the afternoon,the third week,Be shocked,Enter a major road without making sure that it is free,Khalil bin Ahmed Street,Commercial area,Butter,public road,day,Wicked (Bad),No Clouds,dry,driver,Driver,Medium,14,Male,40,2,There is no,Hole,1
2106,2106,2106,898579,2021,Abu Dhabi,Dec,Thursday,Before noon,fourth week,A fixed body shocked the road,Preoccupation with the road while driving the vehicle in any way,Abu Dhabi Road - Al Ain,External road,the seal,public road,day,Wicked (Bad),No Clouds,dry,passenger,A passenger in the front seat,Medium,71,Female,40,2,There is no,Hole,1
2107,2107,2107,898580,2021,Abu Dhabi,Dec,Monday,In the afternoon,fourth week,Consecutive,Preoccupation with the road while driving the vehicle in any way,Sheikh Maktoum Bin Rashid Street,External road,There is no definition of regions,public road,Night - Enough lighting,crowded,No Clouds,dry,driver,Driver,Medium,37,Male,140,4,There is no,Not on or by (20) meters of a,1
2108,2108,2108,898581,2021,Abu Dhabi,February,Sunday,Evening,The first week,Run,Speed without taking into account the road conditions,Rashid between Sayed Al Maktoum Street (Tah),Commercial area,sport City,Double road,Night - Enough lighting,Wicked (Bad),No Clouds,dry,pedestrian,There is no passenger,Medium,51,Male,80,3,He crosses not on transit lines,Not on or by (20) meters of a,1
2109,2109,2109,898582,2021,Abu Dhabi,November,Friday,At noon,second week,Cross -100,Not adhering to the mandatory itinerary,Jabal Hafit Street,Mountainous area,There is no definition of regions,Double road,day,Wicked (Bad),No Clouds,dry,passenger,Rapid in the back seat,Medium,24,Female,60,2,There is no,Not at intersection,1
2110,2110,2110,898583,2021,Abu Dhabi,August,Saturday,Evening,the third week,Shock,Preoccupation with the road while driving the vehicle in any way,Liwa Street,Agricultural area,Zayed City,Double road,day,Wicked (Bad),No Clouds,dry,passenger,There is no passenger,Medium,46,Male,140,2,There is no,Not on or by (20) meters of a,1
2111,2111,2111,898584,2021,Abu Dhabi,September,Sunday,Before noon,The first week,Shock,Preoccupation with the road while driving the vehicle in any way,Al -Mafraq Al -Shawamik Street,External road,There is no definition of regions,Double road,day,Wicked (Bad),No Clouds,dry,driver,Driver,Medium,29,Male,140,4,There is no,Not on or by (20) meters of a,1
2112,2112,2112,898585,2021,Abu Dhabi,August,Wednesday,Before noon,The first week,Be shocked,Sudden deviation,El-Shikh Zayed street,Commercial area,There is no definition of regions,public road,day,Wicked (Bad),No Clouds,dry,passenger,A passenger in the front seat,Medium,35,Female,120,4,There is no,Not at intersection,1
2113,2113,2113,898586,2021,Abu Dhabi,October,Sunday,In the afternoon,the third week,Be shocked,Enter a major road without making sure that it is free,Abu Dhabi Road - Al Ain,External road,Al Wathba (East + West),Double road,day,Wicked (Bad),No Clouds,dry,passenger,Rapid in the back seat,Medium,29,Male,80,3,There is no,Not on or by (20) meters of a,1
2114,2114,2114,898587,2021,Abu Dhabi,September,Tuesday,At noon,fourth week,Shock,Not to make the road / not to give the brigades,Riyadh city,External road,There is no definition of regions,public road,day,Wicked (Bad),No Clouds,dry,driver,Driver,Medium,44,Male,60,2,There is no,Vertical cross intersection,1
2115,2115,2115,898588,2021,Sharjah,June,Friday,At noon,fourth week,Deterioration,Return back without making sure that the road is free,Hamriyah,Commercial area,Hamriyah,Other (select),Night - Enough lighting,Other (select),No Clouds,dry,driver,Driver,Medium,56,Male,10,1,There is no,Others,1
2116,2116,2116,898589,2021,Sharjah,May,Thursday,At noon,The first week,Be shocked,Sudden deviation,Hamriyah,Residential area,Hamriyah,Individual,day,Wicked (Bad),No Clouds,dry,driver,Driver,Medium,50,Male,100,2,There is no,Not at intersection,1
2117,2117,2117,898590,2021,Sharjah,February,Thursday,Before noon,fourth week,Consecutive,Not leaving enough distance,Sheikh Mohammed bin Saqr Al Qasimi Street,Residential area,Qadisiyah,Double road,Night - Enough lighting,Wicked (Bad),No Clouds,dry,driver,Driver,Medium,43,Female,60,3,There is no,Not on or by (20) meters of a,1
2118,2118,2118,898591,2021,Abu Dhabi,October,Tuesday,In the afternoon,second week,Run,Not to give priority to the infantry crossing,Nissan Najda Showroom - Al Masaood Automobiles,Commercial area,Zayed City (Abu Dhabi),Double road,Night - Enough lighting,Wicked (Bad),No Clouds,dry,pedestrian,There is no passenger,Medium,43,Female,80,3,He crosses pedestrian crossing lines,Not on or by (20) meters of a,1
2119,2119,2119,898592,2021,Sharjah,June,Sunday,Evening,The first week,Run,Preoccupation with the road while driving the vehicle in any way,Lake Corniche Street,Residential area,Magazine 1,Double road,Night - Enough lighting,Wicked (Bad),No Clouds,dry,pedestrian,There is no passenger,Medium,32,Female,60,3,He crosses not on transit lines,Not on or by (20) meters of a,1
2120,2120,2120,898593,2021,Abu Dhabi,April,Thursday,Evening,The fifth week,Shock,Preoccupation with the road while driving the vehicle in any way,Sheikh Maktoum Bin Rashid Street,External road,The Bridge of Huma,Double road,Night - Enough lighting,Wicked (Bad),No Clouds,dry,driver,Bike,Medium,25,Male,140,4,There is no,Not on or by (20) meters of a,1
2121,2121,2121,898594,2021,Abu Dhabi,June,Wednesday,In the afternoon,the third week,Run,Negligence and lack of attention,IPTen Zayed the First Intersection - Baniyas (Al Najda),Commercial area,Central,Double road,Night - Enough lighting,Wicked (Bad),No Clouds,dry,pedestrian,There is no passenger,Medium,7,Male,40,2,He crosses not on transit lines,Not on or by (20) meters of a,1
2122,2122,2122,898595,2021,Sharjah,January,Wednesday,Evening,The first week,Run,Not to give priority to the infantry crossing,Sheikh Sultan bin Saqr Al Qasimi Street,Residential area,Nasiriyah,Double road,Night - Enough lighting,Wicked (Bad),No Clouds,dry,pedestrian,There is no passenger,Medium,33,Male,60,2,He crosses not on transit lines,Others,1
2123,2123,2123,898596,2021,Umm Al Quwain,Dec,Thursday,Evening,the third week,Shock,Not leaving enough distance,Sheikh Mohammed bin Zayed Street (Umm Al Qain - Ras Al Khaimah),External road,Navel,Double road,day,Wicked (Bad),No Clouds,dry,driver,Driver,Medium,54,Male,120,3,There is no,Not on or by (20) meters of a,1
2124,2124,2124,898597,2021,Ajman,April,Friday,At noon,second week,Run,Negligence and lack of attention,Amr bin Al -Aas Street,Commercial area,Industrial,Double road,day,Wicked (Bad),No Clouds,dry,pedestrian,There is no passenger,Medium,40,Male,60,0,He crosses not on transit lines,Not on or by (20) meters of a,1
2125,2125,2125,898598,2021,Abu Dhabi,January,Sunday,In the afternoon,The first week,Run,Not to give priority to the infantry crossing,Rashid between Sayed Al Maktoum Street (Tah),Commercial area,There is no definition of regions,Individual,Night - Enough lighting,Wicked (Bad),No Clouds,dry,pedestrian,There is no passenger,Medium,23,Male,40,1,He crosses pedestrian crossing lines,Not on or by (20) meters of a,1
2126,2126,2126,898599,2021,Sharjah,April,Saturday,Evening,the third week,Be shocked,Sudden deviation,Al -Zahra Street,Residential area,Gyour,Double road,Night - Enough lighting,Wicked (Bad),No Clouds,dry,driver,Bike,Medium,21,Male,60,2,There is no,Not on or by (20) meters of a,1
2127,2127,2127,898600,2021,Ajman,June,Saturday,In the afternoon,fourth week,Run,Negligence and lack of attention,unknown,Residential area,Naimia,Individual,day,Wicked (Bad),No Clouds,dry,pedestrian,There is no passenger,Medium,7,Male,40,0,There is no,Not on or by (20) meters of a,1
2128,2128,2128,898601,2021,Abu Dhabi,November,Saturday,At noon,fourth week,Deterioration,Negligence and lack of attention,Hazaa Bin Zayed the First Street(Eleven),Governmental,Palace,Intersection,day,Wicked (Bad),No Clouds,dry,driver,Bike,Medium,34,Male,80,3,There is no,Not on or by (20) meters of a,1
2129,2129,2129,898602,2021,Ras Al Khaimah,May,Sunday,In the afternoon,fourth week,Shock,Not adhering to the mandatory itinerary,Al -Ghail area,Industrial area,Inconsistent,Dhuatatin Road,Night - without lighting,Wicked (Bad),No Clouds,dry,driver,Driver,Medium,37,Male,60,2,There is no,Not at intersection,1
2130,2130,2130,898603,2021,Abu Dhabi,January,Wednesday,Before noon,The first week,Shock,Overcoming the red light signal,Arabian Gulf Street(Thirty),Commercial area,Khalidiya,public road,day,Wicked (Bad),No Clouds,dry,driver,Driver,Medium,39,Male,80,3,There is no,Vertical cross intersection,1
2131,2131,2131,898604,2021,Ajman,September,Saturday,Evening,second week,Run,Negligence and lack of attention,Sheikh Hamid bin Rashid Al Nuaimi Street,Coastal area,Palm,Double road,Night - Enough lighting,Wicked (Bad),No Clouds,dry,pedestrian,There is no passenger,Medium,26,Male,50,0,There is no,Not on or by (20) meters of a,1
2132,2132,2132,898605,2021,Abu Dhabi,November,Wednesday,At noon,fourth week,Deterioration,Speed without taking into account the road conditions,Rashid between Sayed Al Maktoum Street (Tah),Commercial area,the airport,public road,day,Wicked (Bad),No Clouds,dry,driver,Bike,Medium,42,Male,80,4,There is no,Not at intersection,1
2133,2133,2133,898606,2021,Abu Dhabi,September,Thursday,Evening,second week,Run,Negligence and lack of attention,Hazaa Bin Zayed the First Street(Eleven),Residential area,There is no definition of regions,Intersection,Night - Enough lighting,Wicked (Bad),No Clouds,dry,pedestrian,There is no passenger,Medium,28,Female,80,4,It crosses the crossing lines,Vertical cross intersection,1
2134,2134,2134,898607,2021,Ras Al Khaimah,April,Saturday,Evening,second week,Run,Driving under the influence of intoxicant or anesthetic,Al -Jazeera Al -Hamra area,Petrol station,The Red Island,Dhuatatin Road,Night - without lighting,Wicked (Bad),No Clouds,dry,pedestrian,There is no passenger,Eloquent,27,Male,40,1,Familiar,Not at intersection,1
2135,2135,2135,898608,2021,Ras Al Khaimah,February,Saturday,In the afternoon,fourth week,Non -moving,Preoccupation with the road while driving the vehicle in any way,Jabal Jais Street,Mountainous area,Whisper,Double road,Night - without lighting,Wicked (Bad),No Clouds,dry,passenger,A passenger in the front seat,Eloquent,32,Male,60,2,There is no,Not on or by (20) meters of a,1
2136,2136,2136,898609,2021,Ras Al Khaimah,January,Friday,In the afternoon,fourth week,Cross -100,The lack of conditions of security and traffic safety,Hamrania Street,External road,Stagnation,Individual,day,Wicked (Bad),No Clouds,Temple,passenger,Rapid in the back seat,Eloquent,14,Male,60,1,There is no,Not on or by (20) meters of a,1
2137,2137,2137,898610,2021,Fujairah,July,Thursday,Before noon,the third week,Be shocked,Sudden deviation,An internal street,Mountainous area,Ceiji area,Dhuatatin Road,day,curve,No Clouds,Temple,driver,Driver,Eloquent,20,Male,60,2,There is no,Not on or by (20) meters of a,1
2138,2138,2138,898611,2021,Ras Al Khaimah,April,Friday,At noon,the third week,Be shocked,Not leaving enough distance,Street,Commercial area,Globe,Double road,day,Wicked (Bad),No Clouds,Temple,driver,Driver,Eloquent,37,Male,80,3,There is no,Not on or by (20) meters of a,1
2139,2139,2139,898612,2021,Ras Al Khaimah,June,Sunday,Evening,the third week,A fixed body shocked the road,Preoccupation with the road while driving the vehicle in any way,Al Watan Street,Mountainous area,Al -Munai’i,Double road,Night - Enough lighting,Wicked (Bad),No Clouds,dry,driver,Driver,Eloquent,51,Male,100,3,There is no,Not on or by (20) meters of a,1
2140,2140,2140,898613,2021,Ajman,November,Sunday,In the afternoon,The first week,A fixed body was shocked outside the road,Negligence and lack of attention,Etihad Street,Mosque,Jarf 2,Double road,Night - Enough lighting,Wicked (Bad),No Clouds,dry,driver,Driver,Eloquent,46,Male,80,0,There is no,Not on or by (20) meters of a,1
2141,2141,2141,898614,2021,Abu Dhabi,Dec,Wednesday,Evening,fourth week,Be shocked,Sudden deviation,Sweihan Road,Tunnel / Bridge,Sweihan,public road,Night - Enough lighting,Wicked (Bad),No Clouds,dry,driver,Driver,Eloquent,20,Male,140,3,There is no,Not on or by (20) meters of a,1
2142,2142,2142,898615,2021,Abu Dhabi,April,Sunday,Before noon,the third week,Shock,Preoccupation with the road while driving the vehicle in any way,Armored road,External road,Khalifa popular bridge,Double road,Night - Enough lighting,Wicked (Bad),No Clouds,dry,driver,Driver,Eloquent,32,Male,100,3,There is no,Not on or by (20) meters of a,1
2143,2143,2143,898616,2021,Abu Dhabi,February,Friday,At noon,fourth week,Shock,Driving the vehicle under the influence of alcohol,El-Shikh Zayed street,garden,There is no definition of regions,Intersection,day,Wicked (Bad),No Clouds,dry,driver,Bike,Eloquent,41,Male,100,3,There is no,A meeting of half -vertical roads,1
2144,2144,2144,898617,2021,Umm Al Quwain,April,Friday,Before noon,fourth week,Shock,Overing from the right or ingredon is cautious,Sheikh Zayed bin Sultan Al Nahyan Street,Tunnel / Bridge,Navel,Double road,Night - Enough lighting,Wicked (Bad),No Clouds,dry,passenger,Rapid in the back seat,Eloquent,16,Male,100,2,There is no,Not at intersection,1
2145,2145,2145,898618,2021,Abu Dhabi,September,Sunday,Before noon,second week,Run,Negligence and lack of attention,Arabian Gulf Street(Thirty),Tunnel / Bridge,Bridge bridge,Bridge / tunnel,day,Wicked (Bad),No Clouds,dry,pedestrian,There is no passenger,Eloquent,31,Male,120,5,He crosses not on transit lines,Not at intersection,1
2146,2146,2146,898619,2021,Sharjah,February,Thursday,In the afternoon,the third week,Shock,Exaggeration in a place where transgression is forbidden,industrial area,Mosque,Industrial Zone,Dhuatatin Road,Night - Enough lighting,Wicked (Bad),No Clouds,dry,driver,Driver,Eloquent,55,Male,40,1,There is no,Vertical cross intersection,1
2147,2147,2147,898620,2021,Abu Dhabi,August,Friday,Evening,The first week,Shock,Not to make the road / not to give the brigades,Al -Felt Street (Nin),Residential area,There is no definition of regions,Double road,Night - Enough lighting,Wicked (Bad),No Clouds,dry,passenger,Bike,Eloquent,15,Male,60,2,There is no,Not on or by (20) meters of a,1
2148,2148,2148,898621,2021,Abu Dhabi,August,Thursday,At noon,fourth week,Shock,Sudden deviation,Sheikh Maktoum Bin Rashid Street,External road,Sayeh Al -Sidair,Individual,day,Wicked (Bad),No Clouds,dry,passenger,A passenger in the front seat,Eloquent,38,Male,120,3,There is no,Hole,1
2149,2149,2149,898622,2021,Ajman,July,Monday,Before noon,The first week,Run,Negligence and lack of attention,unknown,Commercial area,Moueta,Double road,day,Wicked (Bad),No Clouds,dry,pedestrian,There is no passenger,Eloquent,24,Male,60,0,He crosses not on transit lines,Increase deviant roads,1
2150,2150,2150,898623,2021,Abu Dhabi,September,Monday,At noon,fourth week,Cross -100,Preoccupation with the road while driving the vehicle in any way,Al Ain Street - Al -Wajan - Al -Qaa,External road,Custody,Double road,day,Wicked (Bad),No Clouds,dry,driver,Driver,Eloquent,19,Male,120,2,There is no,Not at intersection,1
2151,2151,2151,898624,2021,Abu Dhabi,October,Tuesday,Evening,The first week,Shock,Preoccupation with the road while driving the vehicle in any way,Rashid between Sayed Al Maktoum Street (Tah),Governmental,Supervisor,public road,Night - Enough lighting,Wicked (Bad),No Clouds,dry,driver,Bike,Eloquent,48,Male,80,4,There is no,Not at intersection,1
2152,2152,2152,898625,2021,Sharjah,July,Wednesday,At noon,the third week,Shock,Not adhering to the mandatory itinerary,Maliha Street,Industrial area,Third industrial,Double road,day,Wicked (Bad),No Clouds,dry,driver,Driver,Eloquent,21,Male,60,3,There is no,Not on or by (20) meters of a,1
2153,2153,2153,898626,2021,Ras Al Khaimah,June,Sunday,At noon,fourth week,Deterioration,Preoccupation with the road while driving the vehicle in any way,Mohammed bin Salem Street,Governmental,Southern,public road,day,Wicked (Bad),No Clouds,Temple,driver,Driver,Eloquent,23,Male,40,2,He crosses pedestrian crossing lines,Not on or by (20) meters of a,1
2154,2154,2154,898627,2021,Ras Al Khaimah,April,Friday,Before noon,second week,Run,Preoccupation with the road while driving the vehicle in any way,Al -Faisal Street near the agencies,Commercial area,Old Ras Al Khaimah,public road,Night - Enough lighting,Wicked (Bad),No Clouds,Temple,pedestrian,There is no passenger,Eloquent,32,Female,80,3,He crosses not on transit lines,Not at intersection,1
2155,2155,2155,898628,2021,Ras Al Khaimah,February,Sunday,In the afternoon,The first week,Be shocked,Enter a major road without making sure that it is free,Awafi area,External road,Stagnation,Individual,Night - without lighting,Wicked (Bad),No Clouds,Temple,driver,Bike,Eloquent,37,Female,60,1,There is no,Not on or by (20) meters of a,1
2156,2156,2156,898629,2021,Sharjah,February,Sunday,In the afternoon,The first week,Run,Negligence and lack of attention,Third industrial street,Industrial area,The tenth industrial,Double road,Night - Enough lighting,Wicked (Bad),No Clouds,dry,pedestrian,There is no passenger,Eloquent,39,Male,80,3,He crosses not on transit lines,Not on or by (20) meters of a,1
2157,2157,2157,898630,2021,Umm Al Quwain,August,Tuesday,Evening,second week,Shock,Not leaving enough distance,Sheikh Mohammed bin Zayed Street (Umm Al Qain - Ras Al Khaimah),External road,Navel,public road,Night - Enough lighting,The movement is suspended,No Clouds,dry,driver,Driver,death,26,Male,120,3,There is no,Not at intersection,1
2158,2158,2158,898631,2021,Abu Dhabi,July,Saturday,Evening,The fifth week,A fixed body shocked the road,Driving the vehicle under the influence of alcohol,Arabian Gulf Street(Thirty),Governmental,Bridge bridge,Double road,Night - Enough lighting,Wicked (Bad),No Clouds,dry,passenger,A passenger in the front seat,death,23,Male,120,4,There is no,Not on or by (20) meters of a,1
2159,2159,2159,898632,2021,Abu Dhabi,Dec,Monday,Before noon,the third week,Shock,Preoccupation with the road while driving the vehicle in any way,General Street (Abu Dhabi - Commodities),External road,Port,public road,day,Wicked (Bad),No Clouds,dry,driver,Driver,death,71,Male,160,4,There is no,Not at intersection,1
2160,2160,2160,898633,2021,Ajman,October,Monday,Before noon,second week,Be shocked,Not adhering to the mandatory itinerary,Khalifa Bin Zayed Street,Commercial area,Rashidiya,Double road,day,Wicked (Bad),No Clouds,dry,driver,Driver,death,43,Male,80,0,There is no,Not on or by (20) meters of a,1
2161,2161,2161,898634,2021,Ajman,April,Saturday,At noon,second week,Run,Negligence and lack of attention,Sheikh Mohammed bin Zayed Street,Residential area,Moueta,Double road,Night - Enough lighting,Wicked (Bad),No Clouds,dry,pedestrian,There is no passenger,death,48,Male,120,0,Familiar,Not on or by (20) meters of a,1
2162,2162,2162,898635,2021,Sharjah,October,Saturday,Evening,The fifth week,Run,Preoccupation with the road while driving the vehicle in any way,Nasiriyah Street,Residential area,Nasiriyah,Individual,Night - Enough lighting,crowded,No Clouds,dry,pedestrian,There is no passenger,death,75,Male,60,2,There is no,Not at intersection,1
2163,2163,2163,898636,2021,Abu Dhabi,Dec,Friday,Evening,The first week,Run,Preoccupation with the road while driving the vehicle in any way,Al Ain Street - Dubai,External road,housing,Double road,Night - Enough lighting,Wicked (Bad),No Clouds,dry,pedestrian,There is no passenger,death,28,Male,140,4,There is no,Not at intersection,1
2164,2164,2164,898637,2021,Abu Dhabi,March,Thursday,Evening,fourth week,Shocked,Driving the vehicle under the influence of alcohol,Sheikh Maktoum Bin Rashid Street,External road,There is no definition of regions,Double road,Night - Enough lighting,Wicked (Bad),No Clouds,dry,driver,Driver,death,56,Male,140,4,There is no,Not on or by (20) meters of a,1
2165,2165,2165,898638,2021,Abu Dhabi,January,Sunday,At noon,second week,Deterioration,Preoccupation with the road while driving the vehicle in any way,Umm Al -Zamoul Street,External road,Mother of Zamul,Dhuatatin Road,day,Wicked (Bad),No Clouds,dry,driver,Driver,death,26,Male,100,2,There is no,Not at intersection,1
2166,2166,2166,898639,2021,Sharjah,Dec,Thursday,In the afternoon,The first week,Run,Negligence and lack of attention,Maliha Street,Industrial area,The eighteenth industrial zone,Double road,Night - Enough lighting,Wicked (Bad),No Clouds,dry,pedestrian,There is no passenger,death,37,Male,120,6,He crosses not on transit lines,Not on or by (20) meters of a,1
2167,2167,2167,898640,2021,Abu Dhabi,January,Saturday,Before noon,the third week,Shock,Speed without taking into account the road conditions,Sheikh Khalifa bin Zayed Street,Governmental,Sa'adiat Island,Double road,day,Other (select),fog,Foundation,driver,Driver,death,64,Male,120,5,There is no,Not on or by (20) meters of a,1
2168,2168,2168,898641,2021,Sharjah,October,Wednesday,Evening,second week,Consecutive,Not leaving enough distance,Sheikh Mohammed bin Zayed Street,External road,Hamriyah,bridge,Night - Enough lighting,Wicked (Bad),No Clouds,dry,driver,Driver,death,43,Male,10,2,There is no,Others,1
2169,2169,2169,898642,2021,Sharjah,Dec,Tuesday,In the afternoon,The first week,Run,Overing from the right or ingredon is cautious,Sheikh Saqr bin Khalid Al Qasimi Street,Residential area,Stupidity,Other (select),day,Wicked (Bad),No Clouds,dry,pedestrian,There is no passenger,death,4,Male,40,1,There is no,Others,1
2170,2170,2170,898643,2021,Abu Dhabi,February,Wednesday,Evening,second week,Shock,Preoccupation with the road while driving the vehicle in any way,Jabal Hafit Street,Residential area,Ain Al -Fawya,public road,Night - Enough lighting,Wicked (Bad),No Clouds,dry,driver,Driver,death,21,Male,100,3,There is no,Not at intersection,1
2171,2171,2171,898644,2021,Ras Al Khaimah,April,Monday,Evening,The first week,Shock,Negligence and lack of attention,Al -Saadi Street,Governmental,Stagnation,public road,Night - Enough lighting,crowded,No Clouds,Temple,passenger,Rapid in the back seat,death,23,Male,100,2,There is no,Not at intersection,1
2172,2172,2172,898645,2021,Ajman,September,Sunday,Before noon,The first week,Cross -100,Negligence and lack of attention,Al -Hamidiya Street,Commercial area,Industrial generator 3,Double road,day,Wicked (Bad),No Clouds,dry,driver,Driver,death,51,Male,40,0,There is no,Others,1
2173,2173,2173,898646,2021,Fujairah,Dec,Wednesday,Evening,second week,Non -moving,Sudden deviation,Palm Street,Residential area,Al -Owaid region,public road,Night - Enough lighting,Wicked (Bad),No Clouds,Temple,driver,Driver,death,18,Male,60,3,There is no,Vertical cross intersection,1
2174,2174,2174,898647,2021,Ras Al Khaimah,September,Friday,Before noon,second week,Deterioration,Sudden deviation,Dafta Street,Commercial area,Inconsistent,Double road,day,Wicked (Bad),No Clouds,dry,driver,Driver,death,37,Male,80,2,There is no,Not at intersection,1
2175,2175,2175,898648,2021,Abu Dhabi,July,Saturday,Evening,The fifth week,A fixed body shocked the road,Driving the vehicle under the influence of alcohol,Arabian Gulf Street(Thirty),Governmental,Bridge bridge,Double road,Night - Enough lighting,Wicked (Bad),No Clouds,dry,passenger,Rapid in the back seat,death,24,Female,120,4,There is no,Not on or by (20) meters of a,1
2176,2176,2176,898649,2021,Ras Al Khaimah,May,Tuesday,Evening,the third week,Shock,Preoccupation with the road while driving the vehicle in any way,Emirates Street Transit Street,Tunnel / Bridge,Stagnation,Double road,Night - Enough lighting,Wicked (Bad),No Clouds,Temple,driver,Driver,death,43,Male,120,4,There is no,Multi -legs intersection,1
2177,2177,2177,898650,2021,Abu Dhabi,May,Friday,At noon,the third week,A fixed body shocked the road,Preoccupation with the road while driving the vehicle in any way,An internal street,Residential area,Swallow,Double road,day,Wicked (Bad),No Clouds,dry,driver,Driver,death,21,Male,100,2,There is no,Not on or by (20) meters of a,1
2178,2178,2178,898651,2021,Ras Al Khaimah,June,Friday,Evening,the third week,Run,Preoccupation with the road while driving the vehicle in any way,Al -Falaiya Street,Commercial area,Atmosphere,public road,Night - Enough lighting,Wicked (Bad),No Clouds,Temple,pedestrian,There is no passenger,death,31,Male,80,2,Familiar,Not on or by (20) meters of a,1
2179,2179,2179,898652,2021,Abu Dhabi,March,Monday,Before noon,second week,Run,Preoccupation with the road while driving the vehicle in any way,There is no definition,Commercial area,Industrial Archbishop,Double road,day,Wicked (Bad),No Clouds,dry,pedestrian,There is no passenger,death,36,Male,40,2,Familiar,Not on or by (20) meters of a,1
2180,2180,2180,898653,2021,Abu Dhabi,May,Thursday,Evening,second week,Be shocked,Overcoming the red light signal,Hilton Roundabout (East - Western),Residential area,Sage,Intersection,Night - Enough lighting,Wicked (Bad),No Clouds,dry,driver,Driver,Simple,25,Male,80,3,There is no,Multi -legs intersection,1
2181,2181,2181,898654,2021,Sharjah,July,Sunday,Before noon,second week,A fixed body was shocked outside the road,Preoccupation with the road while driving the vehicle in any way,Kuwait Street,Residential area,Qadisiyah,Double road,Night - Enough lighting,Wicked (Bad),No Clouds,dry,driver,Driver,Simple,21,Male,60,3,There is no,Not on or by (20) meters of a,1
2182,2182,2182,898655,2021,Abu Dhabi,November,Monday,Evening,The fifth week,Be shocked,Transit of infantry red lighting,Street Thirty One,Commercial area,the airport,Intersection,day,Wicked (Bad),No Clouds,dry,driver,Driver,Simple,37,Male,80,4,There is no,Multi -legs intersection,1
2183,2183,2183,898656,2021,Abu Dhabi,Dec,Thursday,At noon,The first week,Shock,Overcoming the red light signal - the arrow signal,Rashid between Sayed Al Maktoum Street (Tah),Commercial area,There is no definition of regions,Intersection,day,Wicked (Bad),No Clouds,dry,driver,Driver,Simple,38,Male,100,4,There is no,Vertical cross intersection,1
2184,2184,2184,898657,2021,Abu Dhabi,September,Wednesday,Evening,the third week,Deterioration,Preoccupation with the road while driving the vehicle in any way,Hawi bridge,Residential area,The city of Shakhbout,Individual,Night - Enough lighting,Wicked (Bad),No Clouds,dry,driver,Bike,Simple,27,Male,80,3,There is no,Not on or by (20) meters of a,1
2185,2185,2185,898658,2021,Abu Dhabi,February,Friday,Evening,fourth week,Be shocked,Failure to adhere to traffic signs,An internal street,Residential area,full,Individual,Night - Enough lighting,Wicked (Bad),No Clouds,dry,driver,Driver,Simple,43,Female,40,2,There is no,Vertical cross intersection,1
2186,2186,2186,898659,2021,Abu Dhabi,Dec,Wednesday,At noon,The first week,A fixed body shocked the road,Not adhering to the mandatory itinerary,Karama Street(Twenty Four),Commercial area,Supervisor,vertigo,day,Wicked (Bad),No Clouds,dry,driver,Driver,Simple,28,Female,80,4,There is no,Not at intersection,1
2187,2187,2187,898660,2021,Ras Al Khaimah,October,Thursday,In the afternoon,second week,Deterioration,Sudden deviation,Al -Ittihad Street from Al -Sarramic Roundabout to Morgan Borders,Others,The Red Island,public road,Night - Enough lighting,Wicked (Bad),No Clouds,Temple,passenger,Rapid in the back seat,Simple,16,Male,120,2,There is no,Not at intersection,1
2188,2188,2188,898661,2021,Abu Dhabi,February,Wednesday,At noon,The first week,Be shocked,Preoccupation with the road while driving the vehicle in any way,Abu Dhabi Road - Al Ain,External road,Abu Samra,Double road,day,Wicked (Bad),No Clouds,dry,passenger,A passenger in the front seat,Simple,56,Female,160,3,There is no,Not at intersection,1