,Unnamed: 0.1,Unnamed: 0,Fake ID,Year,City,Month,Day,Time,Week,Type Of Accident,Reasons,Street,Place,Area,Location,Lighting,Road Condition,Weather Condition,Road surface,Lay injured,Injured seat,Degree of injury,Age of the injured,The person's gender,Speed of the road,Number of tracks,Pedestrian behavior,Intersection,Total
2189,2189,2189,898662,2021,Umm Al Quwain,February,Sunday,Before noon,The first week,Be shocked,Exaggeration in a place where transgression is forbidden,International Federation Street,Residential area,Al -Salamah area a,Double road,day,Wicked (Bad),No Clouds,dry,passenger,A passenger in the front seat,Simple,45,Male,60,2,There is no,A meeting of half -vertical roads,1
2190,2190,2190,898663,2021,Abu Dhabi,June,Thursday,Evening,fourth week,Run,Not to give priority to the infantry crossing,Armored road,Residential area,Khalifa popular bridge,Double road,Night - Enough lighting,Wicked (Bad),No Clouds,Temple,driver,Bike,Simple,43,Male,80,3,There is no,Not on or by (20) meters of a,1
2191,2191,2191,898664,2021,Abu Dhabi,September,Wednesday,Evening,The fifth week,Shock,Overcoming the red light signal,Abu Dhabi Road - Al Ain,External road,Mohammed bin Zayed City,public road,Night - Enough lighting,Wicked (Bad),No Clouds,dry,driver,Driver,Simple,35,Male,80,3,There is no,Vertical cross intersection,1
2192,2192,2192,898665,2021,Abu Dhabi,September,Wednesday,Evening,The fifth week,Shock,Driving the vehicle under the influence of alcohol,Umm Al -Nar Road / Shahama,External road,Rest Beach,public road,Night - Enough lighting,Wicked (Bad),No Clouds,dry,driver,Bike,Simple,33,Male,140,4,There is no,Not on or by (20) meters of a,1
2193,2193,2193,898666,2021,Abu Dhabi,April,Friday,Evening,fourth week,Run,Preoccupation with the road while driving the vehicle in any way,Sheikh Maktoum Bin Rashid Street,Agricultural area,magnanimity,Double road,Night - without lighting,Wicked (Bad),No Clouds,dry,pedestrian,There is no passenger,Simple,46,Male,40,2,There is no,Not on or by (20) meters of a,1
2194,2194,2194,898667,2021,Abu Dhabi,September,Monday,At noon,the third week,Be shocked,Failure to adhere to traffic signs,Riyadh city,Residential area,There is no definition of regions,Intersection,day,Wicked (Bad),No Clouds,dry,passenger,Rapid in the back seat,Simple,11,Female,40,1,There is no,Vertical cross intersection,1
2195,2195,2195,898668,2021,Abu Dhabi,March,Sunday,In the afternoon,second week,Shock,Overcoming the red light signal - the arrow signal,Yas Street Two,Tunnel / Bridge,Yass Island,Intersection,day,Wicked (Bad),No Clouds,dry,driver,Driver,Simple,32,Male,60,2,There is no,Vertical cross intersection,1
2196,2196,2196,898669,2021,Sharjah,January,Thursday,Before noon,The first week,Be shocked,Enter a major road without making sure that it is free,Sheikh Khalid bin Khalid Al Qasimi Street,Governmental,Ramtha,Double road,day,Wicked (Bad),No Clouds,dry,driver,Bike,Simple,23,Male,60,2,There is no,Vertical cross intersection,1
2197,2197,2197,898670,2021,Ras Al Khaimah,May,Saturday,In the afternoon,the third week,Be shocked,Preoccupation with the road while driving the vehicle in any way,Wadi Al -Bayh Street,Mountainous area,Sih Al -Barirat,Dhuatatin Road,day,Wicked (Bad),No Clouds,Temple,driver,Driver,Simple,28,Male,60,2,There is no,Others,1
2198,2198,2198,898671,2021,Abu Dhabi,September,Tuesday,Evening,The first week,Shock,Driving a vehicle in a way that puts his life or the lives of others at risk,Sheikh Maktoum Bin Rashid Street,External road,magnanimity,Double road,day,curve,No Clouds,dry,driver,Driver,Simple,20,Male,80,2,There is no,A meeting of half -vertical roads,1
2199,2199,2199,898672,2021,Abu Dhabi,Dec,Sunday,In the afternoon,fourth week,Shock,Not to make the road / not to give the brigades,Abu Dhabi Road - Al Ain,Residential area,Mohammed bin Zayed City Bridge,Intersection,Night - Enough lighting,Wicked (Bad),No Clouds,dry,passenger,Rapid in the back seat,Simple,10,Female,40,2,There is no,Vertical cross intersection,1
2200,2200,2200,898673,2021,Sharjah,November,Friday,Before noon,second week,Be shocked,Preoccupation with the road while driving the vehicle in any way,Al -Maliha Street / Kalba towards Kalba,External road,Al -Maliha Street / Kalba,Double road,day,Wicked (Bad),No Clouds,dry,passenger,Rapid in the back seat,Simple,13,Female,120,3,There is no,Not at intersection,1
2201,2201,2201,898674,2021,Sharjah,January,Sunday,Evening,the third week,Run,Not to give priority to the infantry crossing,Sheikh Khalid bin Mohammed Al Qasimi Street,Residential area,Shouting,Double road,Night - Enough lighting,Wicked (Bad),No Clouds,dry,pedestrian,There is no passenger,Simple,6,Male,60,2,There is no,Not on or by (20) meters of a,1
2202,2202,2202,898675,2021,Abu Dhabi,March,Wednesday,Evening,The fifth week,Shock,Negligence and lack of attention,There is no definition,Residential area,Between the two bridges,public road,day,Wicked (Bad),No Clouds,dry,driver,Driver,Simple,40,Male,120,4,There is no,Not at intersection,1
2203,2203,2203,898676,2021,Sharjah,November,Wednesday,Evening,second week,Run,Negligence and lack of attention,Nahda Street,Residential area,Nomination,parking,Night - Enough lighting,Wicked (Bad),No Clouds,dry,pedestrian,There is no passenger,Simple,23,Male,10,2,There is no,Not on or by (20) meters of a,1
2204,2204,2204,898677,2021,Fujairah,May,Thursday,Before noon,second week,A fixed body was shocked outside the road,Sudden deviation,A profitable street -,Residential area,Village,public road,day,Wicked (Bad),No Clouds,Temple,passenger,Rapid in the back seat,Simple,15,Male,120,3,There is no,Not on or by (20) meters of a,1
2205,2205,2205,898678,2021,Sharjah,July,Saturday,In the afternoon,The fifth week,Consecutive,Not leaving enough distance,Sheikh Mohammed bin Zayed Street,External road,Hamriyah,Double road,day,Wicked (Bad),No Clouds,dry,driver,Driver,Simple,33,Male,140,3,There is no,Not on or by (20) meters of a,1
2206,2206,2206,898679,2021,Sharjah,August,Friday,Evening,the third week,Deterioration,Sudden deviation,Hamriyah,Residential area,Hamriyah,Individual,day,Wicked (Bad),No Clouds,Sand,passenger,Rapid in the back seat,Simple,19,Male,40,1,There is no,Others,1
2207,2207,2207,898680,2021,Abu Dhabi,November,Tuesday,At noon,the third week,Be shocked,Tire explosion,Sheikh Maktoum Bin Rashid Street,External road,Sayeh Al -Sidair,Double road,day,Wicked (Bad),No Clouds,dry,passenger,Rapid in the back seat,Simple,7,Female,140,4,There is no,Not on or by (20) meters of a,1
2208,2208,2208,898681,2021,Sharjah,January,Wednesday,Before noon,fourth week,A fixed body was shocked outside the road,Sudden deviation,Sheikh Khalid bin Mohammed Al Qasimi Street,Commercial area,Sheikh Khaled Road,Double road,day,Wicked (Bad),No Clouds,dry,driver,Driver,Simple,35,Male,60,2,There is no,Not on or by (20) meters of a,1
2209,2209,2209,898682,2021,Abu Dhabi,Dec,Sunday,Before noon,The first week,Shock,Preoccupation with the road while driving the vehicle in any way,Sultan Bin Zayed the First Street (Thirty Two),Residential area,There is no definition of regions,public road,day,Wicked (Bad),No Clouds,dry,passenger,A passenger in the front seat,Simple,29,Male,80,4,There is no,Not at intersection,1
2210,2210,2210,898683,2021,Abu Dhabi,November,Tuesday,Before noon,The fifth week,Shock,Overcoming the red light signal - the arrow signal,Rashid between Sayed Al Maktoum Street (Tah),Commercial area,Central,Intersection,day,Wicked (Bad),No Clouds,dry,driver,Driver,Simple,48,Male,100,4,There is no,Vertical cross intersection,1
2211,2211,2211,898684,2021,Sharjah,April,Sunday,Evening,fourth week,Shock,Driving under the influence of intoxicant or anesthetic,Second Industrial Street,Industrial area,second industrial,Double road,Night - Enough lighting,Wicked (Bad),No Clouds,dry,driver,Driver,Simple,30,Male,60,3,There is no,Not on or by (20) meters of a,1
2212,2212,2212,898685,2021,Abu Dhabi,October,Sunday,Evening,the third week,Shock,Overcoming the red light signal - the arrow signal,East Intersection (Traffic) - Twenty First fifth Street,Commercial area,Humper saffron,Intersection,Night - Enough lighting,Wicked (Bad),No Clouds,dry,driver,Driver,Simple,33,Male,80,3,There is no,Vertical cross intersection,1
2213,2213,2213,898686,2021,Abu Dhabi,February,Tuesday,Evening,the third week,Shock,Not to make the road / not to give the brigades,Abu Dhabi Road - Al Ain,Residential area,the seal,Individual,Night - Enough lighting,Wicked (Bad),No Clouds,dry,driver,Driver,Simple,16,Male,40,2,There is no,Not on or by (20) meters of a,1
2214,2214,2214,898687,2021,Abu Dhabi,October,Saturday,Before noon,The first week,Deterioration,Preoccupation with the road while driving the vehicle in any way,The shampoo,Tunnel / Bridge,There is no definition of regions,Individual,day,Wicked (Bad),fog,Temple,passenger,Rapid in the back seat,Simple,17,Male,80,1,There is no,Not on or by (20) meters of a,1
2215,2215,2215,898688,2021,Ajman,February,Tuesday,In the afternoon,The first week,Be shocked,Enter a major road without making sure that it is free,El-Shikh Zayed street,Residential area,Halio,Intersection,day,Wicked (Bad),No Clouds,dry,passenger,Rapid in the back seat,Simple,32,Male,40,0,There is no,Vertical cross intersection,1
2216,2216,2216,898689,2021,Ras Al Khaimah,January,Friday,In the afternoon,The first week,Cross -100,Enter a major road without making sure that it is free,Al -Ittihad Street near the National School,Others,Southern,Intersection,day,Wicked (Bad),No Clouds,Temple,driver,Driver,Simple,36,Female,40,2,There is no,Vertical cross intersection,1
2217,2217,2217,898690,2021,Abu Dhabi,Dec,Monday,At noon,second week,Consecutive,Preoccupation with the road while driving the vehicle in any way,Sheikh Maktoum Bin Rashid Street,Tunnel / Bridge,The Bridge of Huma,Individual,day,The movement is suspended,No Clouds,dry,driver,Driver,Simple,28,Male,140,4,There is no,Not on or by (20) meters of a,1
2218,2218,2218,898691,2021,Ras Al Khaimah,March,Saturday,At noon,fourth week,Be shocked,Enter a major road without making sure that it is free,Sheikh Zayed bin Sultan Street,School,Sih Al -Barirat,Double road,day,Wicked (Bad),No Clouds,Temple,driver,Driver,Simple,15,Male,60,2,There is no,Not on or by (20) meters of a,1
2219,2219,2219,898692,2021,Abu Dhabi,November,Sunday,Before noon,second week,Shock,Not leaving enough distance,Sheikh Khalifa Bridge,Tunnel / Bridge,Sa'adiat Island,bridge,day,Wicked (Bad),No Clouds,dry,passenger,Rapid in the back seat,Simple,27,Male,100,4,There is no,Not at intersection,1
2220,2220,2220,898693,2021,Sharjah,November,Saturday,Before noon,the third week,Run,Negligence and lack of attention,Lake Corniche Street,Residential area,Magazine 1,Double road,Night - Enough lighting,Wicked (Bad),No Clouds,dry,pedestrian,There is no passenger,Simple,35,Female,50,3,He crosses not on transit lines,Not on or by (20) meters of a,1
2221,2221,2221,898694,2021,Abu Dhabi,November,Saturday,At noon,The first week,Deterioration,Enter a major road without making sure that it is free,Zayed the First Street(Seven),hospital,Central,public road,day,Wicked (Bad),No Clouds,dry,passenger,A passenger in the front seat,Simple,23,Female,80,3,There is no,Not at intersection,1
2222,2222,2222,898695,2021,Abu Dhabi,May,Wednesday,Before noon,The first week,Run,Return back without making sure that the road is free,Hamdan Bin Mohammed Street(Five),Commercial area,There is no definition of regions,Individual,day,Wicked (Bad),No Clouds,dry,pedestrian,There is no passenger,Simple,53,Female,40,1,He crosses not on transit lines,Not on or by (20) meters of a,1
2223,2223,2223,898696,2021,Abu Dhabi,November,Tuesday,At noon,The fifth week,Be shocked,Driving without a driver's license at all,Sheikh Maktoum Bin Rashid Street,Residential area,Al Shaila,Double road,day,Wicked (Bad),No Clouds,dry,driver,Driver,Simple,16,Male,80,3,There is no,Not on or by (20) meters of a,1
2224,2224,2224,898697,2021,Abu Dhabi,November,Sunday,Before noon,second week,Shock,Not leaving enough distance,Mohammed Bin Khalifa Street(Fifteen),Residential area,There is no definition of regions,public road,day,Wicked (Bad),No Clouds,dry,driver,Bike,Simple,62,Male,80,4,There is no,Not at intersection,1
2225,2225,2225,898698,2021,Abu Dhabi,November,Tuesday,In the afternoon,the third week,Shock,Overcoming the red light signal - the arrow signal,Mina Street(Three),Commercial area,The port,Intersection,day,Wicked (Bad),No Clouds,dry,passenger,Rapid in the back seat,Simple,17,Male,80,4,There is no,Vertical cross intersection,1
2226,2226,2226,898699,2021,Sharjah,February,Friday,In the afternoon,The first week,Be shocked,Negligence and lack of attention,Sheikh Mohammed bin Zayed Street,Sandy area,Hamriyah,Other (select),Night - without lighting,Wicked (Bad),No Clouds,Sand,driver,Driver,Simple,38,Male,10,1,There is no,Not on or by (20) meters of a,1
2227,2227,2227,898700,2021,Abu Dhabi,February,Saturday,Evening,The first week,Shock,Not leaving enough distance,Bani Yas Street,Commercial area,Al Masoudi,Double road,Night - Enough lighting,Wicked (Bad),No Clouds,dry,driver,Driver,Simple,38,Male,80,3,There is no,Not at intersection,1
2228,2228,2228,898701,2021,Umm Al Quwain,March,Monday,Before noon,second week,Shock,Preoccupation with the road while driving the vehicle in any way,Sheikh Zayed bin Sultan Al Nahyan Street,Petrol station,Navel,Double road,Night - Enough lighting,Wicked (Bad),No Clouds,dry,driver,Driver,Simple,32,Male,80,2,There is no,Not on or by (20) meters of a,1
2229,2229,2229,898702,2021,Abu Dhabi,October,Wednesday,Before noon,the third week,Consecutive,Not leaving enough distance,Delma intersection - Street Thirty Two,Commercial area,Ventricle,Intersection,day,Wicked (Bad),No Clouds,dry,passenger,Rapid in the back seat,Simple,4,Male,60,3,There is no,Vertical cross intersection,1
2230,2230,2230,898703,2021,Abu Dhabi,July,Thursday,In the afternoon,The first week,A fixed body shocked the road,Preoccupation with the road while driving the vehicle in any way,Abu Dhabi Road - Al Ain,External road,the seal,Double road,day,Wicked (Bad),No Clouds,dry,driver,Driver,Simple,32,Male,160,3,There is no,Not on or by (20) meters of a,1
2231,2231,2231,898704,2021,Abu Dhabi,November,Monday,Evening,The fifth week,Shock,Not leaving enough distance,El-Shikh Zayed street,Tunnel / Bridge,Bridge of happiness,public road,day,Wicked (Bad),No Clouds,dry,driver,Driver,Simple,51,Male,120,4,There is no,Not at intersection,1
2232,2232,2232,898705,2021,Ras Al Khaimah,May,Thursday,Before noon,fourth week,Deterioration,Sudden deviation,Asfni Street,Tunnel / Bridge,Wadi describe me,Individual,day,Wicked (Bad),No Clouds,dry,passenger,Bike,Simple,34,Male,80,1,There is no,Not on or by (20) meters of a,1
2233,2233,2233,898706,2021,Ras Al Khaimah,March,Sunday,At noon,fourth week,Be shocked,Preoccupation with the road while driving the vehicle in any way,Al -Kharan Street,Commercial area,Hurry,public road,day,Wicked (Bad),No Clouds,Temple,passenger,A passenger in the front seat,Simple,43,Female,80,2,There is no,Not on or by (20) meters of a,1
2234,2234,2234,898707,2021,Umm Al Quwain,October,Tuesday,In the afternoon,The first week,Run,Negligence and lack of attention,King Faisal Street,Residential area,Al -Madar area,Individual,Night - without lighting,Wicked (Bad),No Clouds,dry,pedestrian,There is no passenger,Simple,36,Male,40,1,He crosses not on transit lines,Not on or by (20) meters of a,1
2235,2235,2235,898708,2021,Abu Dhabi,July,Friday,In the afternoon,the third week,Be shocked,Driving without a driver's license at all,IP - Zero Zero One,School,Zayed City,Individual,Night - Enough lighting,Other (select),No Clouds,Foundation,driver,Driver,Simple,23,Male,80,3,There is no,Not at intersection,1
2236,2236,2236,898709,2021,Abu Dhabi,March,Wednesday,In the afternoon,The fifth week,Be shocked,Failure to adhere to traffic signs,Riyadh city,Residential area,There is no definition of regions,Intersection,day,Wicked (Bad),No Clouds,dry,driver,Driver,Simple,33,Male,60,2,There is no,Not on or by (20) meters of a,1
2237,2237,2237,898710,2021,Ras Al Khaimah,September,Monday,At noon,The first week,Shock,Brake,"Sheikh Mohammed bin Zayed Street, near Al -Ittihad University",External road,The Red Island,vertigo,day,Wicked (Bad),No Clouds,Temple,passenger,A passenger in the front seat,Simple,25,Male,40,3,There is no,vertigo,1
2238,2238,2238,898711,2021,Fujairah,April,Tuesday,Evening,second week,Be shocked,Sudden deviation,Industrial tricks,Industrial area,Tricks,public road,Night - Enough lighting,Wicked (Bad),No Clouds,dry,driver,Bike,Simple,30,Male,80,2,There is no,Not at intersection,1
2239,2239,2239,898712,2021,Abu Dhabi,January,Tuesday,Evening,The first week,A fixed body was shocked outside the road,Preoccupation with the road while driving the vehicle in any way,Sweihan Road,External road,The farmer,Double road,Night - Enough lighting,Wicked (Bad),No Clouds,dry,driver,Driver,Simple,19,Male,140,4,There is no,Not on or by (20) meters of a,1
2240,2240,2240,898713,2021,Abu Dhabi,November,Tuesday,At noon,the third week,Be shocked,Tire explosion,Sheikh Maktoum Bin Rashid Street,External road,Sayeh Al -Sidair,Double road,day,Wicked (Bad),No Clouds,dry,passenger,A passenger in the front seat,Simple,32,Female,140,4,There is no,Not on or by (20) meters of a,1
2241,2241,2241,898714,2021,Abu Dhabi,March,Tuesday,In the afternoon,the third week,Shock,Preoccupation with the road while driving the vehicle in any way,Sweihan Road,External road,Sweihan,Double road,Night - Enough lighting,Wicked (Bad),No Clouds,dry,passenger,Rapid in the back seat,Simple,57,Female,140,2,There is no,Not at intersection,1
2242,2242,2242,898715,2021,Sharjah,October,Saturday,Before noon,The fifth week,Deterioration,Sudden deviation,Hamriyah,Residential area,Hamriyah,Individual,Night - without lighting,Wicked (Bad),No Clouds,Sand,driver,Driver,Simple,17,Male,10,1,There is no,Not on or by (20) meters of a,1
2243,2243,2243,898716,2021,Ras Al Khaimah,May,Saturday,Before noon,The fifth week,Shock,Enter a major road without making sure that it is free,Al -Munai’i Street,School,Al -Munai’i,Double road,day,Wicked (Bad),No Clouds,dry,passenger,A passenger in the front seat,Simple,63,Male,100,2,There is no,Others,1
2244,2244,2244,898717,2021,Abu Dhabi,Dec,Monday,At noon,second week,Shock,Sudden deviation,Sheikh Maktoum Bin Rashid Street,Tunnel / Bridge,The Bridge of Huma,Individual,day,Wicked (Bad),No Clouds,dry,driver,Driver,Simple,48,Male,140,4,There is no,Not on or by (20) meters of a,1
2245,2245,2245,898718,2021,Abu Dhabi,August,Wednesday,At noon,The first week,Deterioration,Not adhering to the mandatory itinerary,General Street (Abu Dhabi - Commodities),Tunnel / Bridge,Ruwais,Double road,day,Wicked (Bad),No Clouds,dry,passenger,A passenger in the front seat,Simple,25,Male,160,4,There is no,Not on or by (20) meters of a,1
2246,2246,2246,898719,2021,Abu Dhabi,May,Saturday,At noon,second week,Cross -100,Overcoming the red light signal,Khalid bin Sultan Street,Tunnel / Bridge,Pre -Islamic,Double road,day,Wicked (Bad),No Clouds,dry,driver,Driver,Simple,67,Male,80,3,There is no,Multi -legs intersection,1
2247,2247,2247,898720,2021,Abu Dhabi,Dec,Wednesday,In the afternoon,The fifth week,Cross -100,Overing from the right or ingredon is cautious,Tarif road,External road,Al Dhafra Air Force Base,Double road,Night - without lighting,Wicked (Bad),No Clouds,dry,driver,Driver,Simple,16,Male,60,2,There is no,Not on or by (20) meters of a,1
2248,2248,2248,898721,2021,Ras Al Khaimah,Dec,Wednesday,Evening,The fifth week,Shock,Enter a major road without making sure that it is free,Khorkheir Gullah Street,Industrial area,Hide,public road,Night - Enough lighting,Wicked (Bad),No Clouds,Temple,driver,Driver,Simple,19,Male,100,2,There is no,Hole,1
2249,2249,2249,898722,2021,Ras Al Khaimah,April,Monday,Evening,The first week,Shock,Negligence and lack of attention,Al -Saadi Street,Governmental,Stagnation,public road,Night - Enough lighting,crowded,No Clouds,Temple,passenger,A passenger in the front seat,Simple,23,Male,100,2,There is no,Not at intersection,1
2250,2250,2250,898723,2021,Sharjah,March,Sunday,Evening,fourth week,Run,Preoccupation with the road while driving the vehicle in any way,Oushanic Hotel Roundabout,Petrol station,Al -Nudaifi,Other (select),Night - Enough lighting,Wicked (Bad),No Clouds,dry,pedestrian,There is no passenger,Simple,27,Male,20,1,He crosses not on transit lines,Not on or by (20) meters of a,1
2251,2251,2251,898724,2021,Ras Al Khaimah,January,Wednesday,Before noon,the third week,Shock,Enter a major road without making sure that it is free,Al -Jazeera Street behind the ceramic,Industrial area,The Red Island,Intersection,day,Wicked (Bad),No Clouds,Temple,driver,Driver,Simple,43,Male,40,2,There is no,Vertical cross intersection,1
2252,2252,2252,898725,2021,Abu Dhabi,July,Thursday,Evening,fourth week,Shock,Enter a major road without making sure that it is free,Armored road,Industrial area,Industrial armored bridge,Individual,Night - Enough lighting,Wicked (Bad),No Clouds,dry,driver,Driver,Simple,27,Male,40,2,There is no,Not on or by (20) meters of a,1
2253,2253,2253,898726,2021,Abu Dhabi,July,Friday,Evening,the third week,Run,Preoccupation with the road while driving the vehicle in any way,Roin Road,Sandy area,sedate,Individual,Night - without lighting,Wicked (Bad),No Clouds,Other (select),pedestrian,There is no passenger,Simple,33,Male,40,1,There is no,Not on or by (20) meters of a,1
2254,2254,2254,898727,2021,Abu Dhabi,November,Monday,Before noon,second week,Cross -100,Failure to adhere to traffic signs,Sultan Bin Zayed the First Street (Thirty Two),Commercial area,There is no definition of regions,public road,day,Wicked (Bad),No Clouds,dry,driver,Driver,Simple,20,Female,40,2,There is no,Not at intersection,1
2255,2255,2255,898728,2021,Abu Dhabi,March,Saturday,In the afternoon,fourth week,Shock,Overcoming the red light signal - the arrow signal,Corniche intersection - Street Thirty Two,Commercial area,Khalidiya,Intersection,Night - Enough lighting,Wicked (Bad),No Clouds,dry,passenger,Rapid in the back seat,Simple,9,Female,80,4,There is no,Vertical cross intersection,1
2256,2256,2256,898729,2021,Abu Dhabi,May,Monday,Evening,The first week,Shock,Speed without taking into account the road conditions,General Street (Abu Dhabi - Commodities),Tunnel / Bridge,Ruwais,Double road,Night - Enough lighting,Wicked (Bad),No Clouds,dry,passenger,Rapid in the back seat,Simple,33,Male,80,3,There is no,Not on or by (20) meters of a,1
2257,2257,2257,898730,2021,Abu Dhabi,June,Sunday,Evening,the third week,Be shocked,Overcoming the red light signal,Intersection of the Arabian Gulf - Al Saada,garden,Supervisor,Intersection,day,Wicked (Bad),No Clouds,dry,passenger,Rapid in the back seat,Simple,35,Male,100,4,There is no,Not on or by (20) meters of a,1
2258,2258,2258,898731,2021,Ras Al Khaimah,September,Wednesday,Before noon,second week,Be shocked,Overing from the right or ingredon is cautious,Sheikh Mohammed bin Zayed Street,Others,The Red Island,public road,day,Wicked (Bad),No Clouds,Temple,driver,Driver,Simple,19,Female,120,3,There is no,Not at intersection,1
2259,2259,2259,898732,2021,Abu Dhabi,November,Sunday,Before noon,second week,Shock,Not leaving enough distance,Sheikh Khalifa Bridge,Tunnel / Bridge,Sa'adiat Island,bridge,day,Wicked (Bad),No Clouds,dry,passenger,Rapid in the back seat,Simple,36,Male,100,4,There is no,Not at intersection,1
2260,2260,2260,898733,2021,Sharjah,March,Saturday,Before noon,second week,Run,Negligence and lack of attention,Amr bin Al -Aas Street,Others,Al -Khuwair,public road,Night - Enough lighting,Wicked (Bad),No Clouds,dry,pedestrian,There is no passenger,Simple,40,Female,60,3,He crosses not on transit lines,Not on or by (20) meters of a,1
2261,2261,2261,898734,2021,Umm Al Quwain,January,Wednesday,At noon,second week,Be shocked,Enter a major road without making sure that it is free,Market Street,Residential area,Old country area,Intersection,day,Wicked (Bad),No Clouds,dry,passenger,Rapid in the back seat,Simple,38,Male,20,1,There is no,Vertical cross intersection,1
2262,2262,2262,898735,2021,Umm Al Quwain,January,Wednesday,At noon,second week,Be shocked,Enter a major road without making sure that it is free,Market Street,Residential area,Old country area,Intersection,day,Wicked (Bad),No Clouds,dry,passenger,Rapid in the back seat,Simple,25,Male,20,1,There is no,Vertical cross intersection,1
2263,2263,2263,898736,2021,Abu Dhabi,August,Friday,In the afternoon,The first week,Deterioration,Not adhering to the mandatory itinerary,An internal street,Residential area,Salamat,Individual,Night - Enough lighting,Wicked (Bad),No Clouds,dry,driver,Bike,Simple,30,Male,40,2,There is no,Not at intersection,1
2264,2264,2264,898737,2021,Abu Dhabi,May,Monday,Evening,The first week,Shock,Speed without taking into account the road conditions,General Street (Abu Dhabi - Commodities),Tunnel / Bridge,Ruwais,Double road,Night - Enough lighting,Wicked (Bad),No Clouds,dry,passenger,Rapid in the back seat,Simple,28,Male,80,3,There is no,Not on or by (20) meters of a,1
2265,2265,2265,898738,2021,Abu Dhabi,October,Sunday,Before noon,fourth week,Shock,Not leaving enough distance,Rashid between Sayed Al Maktoum Street (Tah),Others,There is no definition of regions,public road,day,Wicked (Bad),No Clouds,dry,passenger,Rapid in the back seat,Simple,27,Male,80,4,There is no,Not on or by (20) meters of a,1
2266,2266,2266,898739,2021,Abu Dhabi,August,Thursday,At noon,The first week,Be shocked,Overcoming the red light signal - the arrow signal,Eastern Street (Al Traffic) (Four),Commercial area,There is no definition of regions,Intersection,day,Wicked (Bad),No Clouds,dry,driver,Driver,Simple,48,Female,80,3,There is no,Vertical cross intersection,1
2267,2267,2267,898740,2021,Abu Dhabi,October,Thursday,Before noon,The first week,Shock,Overcoming the red light signal - the arrow signal,Sultan Bin Zayed the First Street (Thirty Two),Governmental,There is no definition of regions,Intersection,day,Wicked (Bad),No Clouds,dry,driver,Driver,Simple,18,Female,100,3,There is no,Vertical cross intersection,1
2268,2268,2268,898741,2021,Abu Dhabi,January,Friday,At noon,fourth week,Shock,Not to make the road / not to give the brigades,Inner Street No. (Three),Residential area,There is no definition of regions,Intersection,day,Wicked (Bad),No Clouds,dry,passenger,Rapid in the back seat,Simple,12,Male,60,2,There is no,A meeting of half -vertical roads,1
2269,2269,2269,898742,2021,Sharjah,May,Thursday,At noon,the third week,Consecutive,The lack of conditions of security and traffic safety,Al -Samoud Street,School,Garage,Double road,day,Wicked (Bad),No Clouds,dry,passenger,Rapid in the back seat,Simple,10,Male,40,1,There is no,Not at intersection,1
2270,2270,2270,898743,2021,Umm Al Quwain,November,Thursday,Evening,the third week,Deterioration,Sudden deviation,Sheikh Mohammed bin Zayed Street (Umm Al Qain - Ras Al Khaimah),Petrol station,Navel,Double road,Night - Enough lighting,Wicked (Bad),No Clouds,dry,passenger,Rapid in the back seat,Simple,35,Male,120,3,There is no,Not on or by (20) meters of a,1
2271,2271,2271,898744,2021,Abu Dhabi,February,Tuesday,At noon,fourth week,Shock,Fatigue and drowsiness,Intimate Street,Sandy area,Miserable,Double road,day,Wicked (Bad),No Clouds,dry,driver,Driver,Simple,36,Male,100,2,There is no,Not on or by (20) meters of a,1
2272,2272,2272,898745,2021,Ras Al Khaimah,January,Tuesday,Evening,the third week,Deterioration,Sudden deviation,Khuzam Street,Mosque,Lap,vertigo,Night - Enough lighting,Wicked (Bad),No Clouds,Temple,driver,Driver,Simple,49,Male,80,3,There is no,Not on or by (20) meters of a,1
2273,2273,2273,898746,2021,Sharjah,October,Thursday,At noon,the third week,Shock,Sudden deviation,Third industrial street,Industrial area,The tenth industrial,Intersection,day,Wicked (Bad),No Clouds,dry,driver,Driver,Simple,37,Male,60,3,There is no,Vertical cross intersection,1
2274,2274,2274,898747,2021,Abu Dhabi,Dec,Wednesday,Evening,fourth week,Run,Driving without a driver's license at all,There is no definition,Commercial area,Industrial Archbishop,Double road,Night - Enough lighting,Wicked (Bad),No Clouds,dry,pedestrian,There is no passenger,Simple,30,Male,20,2,Familiar,Not on or by (20) meters of a,1
2275,2275,2275,898748,2021,Ajman,February,Tuesday,In the afternoon,The first week,Be shocked,Enter a major road without making sure that it is free,El-Shikh Zayed street,Residential area,Halio,Intersection,day,Wicked (Bad),No Clouds,dry,passenger,Rapid in the back seat,Simple,34,Male,40,0,There is no,Vertical cross intersection,1