,Unnamed: 0.1,Unnamed: 0,Fake ID,Year,City,Month,Day,Time,Week,Type Of Accident,Reasons,Street,Place,Area,Location,Lighting,Road Condition,Weather Condition,Road surface,Lay injured,Injured seat,Degree of injury,Age of the injured,The person's gender,Speed of the road,Number of tracks,Pedestrian behavior,Intersection,Total
2276,2276,2276,898749,2021,Umm Al Quwain,October,Monday,Before noon,fourth week,Shock,Not adhering to the mandatory itinerary,Sheikh Mohammed bin Zayed Street (Umm Al Qain - Ras Al Khaimah),Others,Navel,Double road,Night - Enough lighting,Wicked (Bad),No Clouds,dry,driver,Driver,Simple,42,Male,120,3,There is no,Not on or by (20) meters of a,1
2277,2277,2277,898750,2021,Ras Al Khaimah,March,Thursday,At noon,second week,Shock,Not leaving enough distance,Sheikh Mohammed bin Zayed Street,External road,Miz.,public road,day,Wicked (Bad),No Clouds,Temple,driver,Driver,Simple,28,Male,120,3,There is no,Not at intersection,1
2278,2278,2278,898751,2021,Fujairah,April,Friday,In the afternoon,The fifth week,Shock,Enter a major road without making sure that it is free,Al Mina Street,Mosque,Dibba Al -Fujairah / Al -Awkamiya area,Individual,Night - Enough lighting,Wicked (Bad),No Clouds,Temple,driver,Driver,Simple,21,Male,40,2,There is no,Hole,1
2279,2279,2279,898752,2021,Abu Dhabi,June,Wednesday,Before noon,The first week,Be shocked,Not to make the road / not to give the brigades,An internal street,External road,Caramel,Dhuatatin Road,day,Wicked (Bad),No Clouds,dry,driver,Driver,Medium,51,Male,80,2,There is no,A meeting of half -vertical roads,1
2280,2280,2280,898753,2021,Abu Dhabi,February,Friday,Evening,the third week,A fixed body was shocked outside the road,Sudden deviation,Muhammad bin Khalifa Street,Residential area,Healer,vertigo,Night - Enough lighting,Wicked (Bad),No Clouds,dry,driver,Bike,Medium,27,Male,60,3,There is no,vertigo,1
2281,2281,2281,898754,2021,Abu Dhabi,October,Wednesday,At noon,The first week,Be shocked,Not to make the road / not to give the brigades,An internal street,Residential area,Healer,Individual,day,Wicked (Bad),No Clouds,dry,driver,Driver,Medium,28,Male,40,1,There is no,Not at intersection,1
2282,2282,2282,898755,2021,Abu Dhabi,January,Friday,At noon,the third week,Cross -100,Not adhering to the mandatory itinerary,Sweihan Road,Residential area,Enhanced,Intersection,day,Wicked (Bad),No Clouds,dry,driver,Driver,Medium,29,Female,60,2,There is no,Vertical cross intersection,1
2283,2283,2283,898756,2021,Sharjah,February,Monday,At noon,fourth week,Be shocked,Sudden deviation,Sheikh Mohammed bin Zayed Street,External road,Hamriyah,Double road,Night - Enough lighting,Wicked (Bad),No Clouds,dry,driver,Driver,Medium,36,Male,120,3,There is no,Not on or by (20) meters of a,1
2284,2284,2284,898757,2021,Abu Dhabi,September,Tuesday,In the afternoon,The first week,Run,Not to give priority to the infantry crossing,There is no definition,Industrial area,Industrial Archbishop,Individual,Night - Enough lighting,Wicked (Bad),No Clouds,Temple,driver,Driver,Medium,37,Male,60,3,He crosses pedestrian crossing lines,Not at intersection,1
2285,2285,2285,898758,2021,Abu Dhabi,May,Sunday,At noon,second week,Shock,Sudden deviation,Sheikh Maktoum Bin Rashid Street,Others,There is no definition of regions,public road,day,Wicked (Bad),No Clouds,dry,driver,Bike,Medium,43,Male,100,2,There is no,Not on or by (20) meters of a,1
2286,2286,2286,898759,2021,Abu Dhabi,March,Friday,Evening,the third week,Shock,Not leaving enough distance,New Nahel Street,External road,Patel,Double road,Night - Enough lighting,Wicked (Bad),No Clouds,dry,driver,Driver,Medium,20,Male,140,2,There is no,Not at intersection,1
2287,2287,2287,898760,2021,Ras Al Khaimah,October,Saturday,Evening,second week,Be shocked,Sudden deviation,Dafta Street,Mountainous area,Inconsistent,public road,day,Wicked (Bad),No Clouds,Temple,driver,Driver,Medium,47,Male,100,2,There is no,Not at intersection,1
2288,2288,2288,898761,2021,Fujairah,Dec,Thursday,Evening,The first week,Shock,Sudden deviation,Al -Masafi Roundabout,Governmental,Masafi area,public road,day,Other (select),No Clouds,Temple,driver,Driver,Medium,25,Male,100,0,There is no,Not on or by (20) meters of a,1
2289,2289,2289,898762,2021,Abu Dhabi,January,Sunday,In the afternoon,fourth week,Be shocked,Not to give priority to the infantry crossing,An internal street,Commercial area,Apparent,public road,day,Wicked (Bad),No Clouds,dry,driver,Driver,Medium,3,Male,40,1,There is no,Not at intersection,1
2290,2290,2290,898763,2021,Sharjah,September,Tuesday,Evening,the third week,Be shocked,Preoccupation with the road while driving the vehicle in any way,Al -Montazah Square,Residential area,Grocery,vertigo,Night - Enough lighting,Wicked (Bad),No Clouds,dry,driver,Bike,Medium,31,Male,20,2,There is no,vertigo,1
2291,2291,2291,898764,2021,Abu Dhabi,January,Friday,At noon,fourth week,Deterioration,Preoccupation with the road while driving the vehicle in any way,Al -Mafraq Al -Shawamik Street,Residential area,Bani Yas (East),vertigo,day,Wicked (Bad),No Clouds,dry,driver,Bike,Medium,29,Male,60,3,There is no,vertigo,1
2292,2292,2292,898765,2021,Abu Dhabi,June,Tuesday,Evening,fourth week,A fixed body was shocked outside the road,Fatigue and drowsiness,Al -Khaznah Street,External road,the safe,public road,Night - Enough lighting,Wicked (Bad),No Clouds,dry,driver,Driver,Medium,39,Female,160,3,There is no,Not at intersection,1
2293,2293,2293,898766,2021,Abu Dhabi,October,Saturday,In the afternoon,second week,Shock,Failure to adhere to traffic signs,There is no definition,Commercial area,Industrial Archbishop,Individual,Night - Enough lighting,narrow road,No Clouds,dry,driver,Driver,Medium,37,Male,60,2,There is no,Vertical cross intersection,1
2294,2294,2294,898767,2021,Abu Dhabi,April,Sunday,Before noon,second week,Be shocked,Fatigue and drowsiness,General Street (Abu Dhabi - Commodities),External road,Ruwais,Double road,day,Wicked (Bad),No Clouds,dry,passenger,Rapid in the back seat,Medium,21,Male,160,3,There is no,Not on or by (20) meters of a,1
2295,2295,2295,898768,2021,Abu Dhabi,May,Thursday,In the afternoon,fourth week,Run,Preoccupation with the road while driving the vehicle in any way,There is no definition,Industrial area,Industrial Archbishop,Individual,Night - Enough lighting,Wicked (Bad),No Clouds,Temple,pedestrian,There is no passenger,Medium,42,Male,80,3,There is no,Not on or by (20) meters of a,1
2296,2296,2296,898769,2021,Abu Dhabi,May,Friday,In the afternoon,second week,Cross -100,Sudden deviation,Armored road,Industrial area,Industrial armored bridge,Dhuatatin Road,day,Wicked (Bad),No Clouds,Temple,passenger,A passenger in the front seat,Medium,34,Female,40,2,There is no,Not on or by (20) meters of a,1
2297,2297,2297,898770,2021,Abu Dhabi,Dec,Thursday,At noon,The first week,Shock,Overcoming the red light signal - the arrow signal,Rashid between Sayed Al Maktoum Street (Tah),Commercial area,There is no definition of regions,Intersection,day,Wicked (Bad),No Clouds,dry,passenger,A passenger in the front seat,Medium,28,Male,100,4,There is no,Vertical cross intersection,1
2298,2298,2298,898771,2021,Abu Dhabi,March,Tuesday,Evening,The first week,Deterioration,Sudden deviation,Nahel Street - Al Ain,External road,There is no definition of regions,Double road,Night - Enough lighting,Wicked (Bad),No Clouds,dry,driver,Driver,Medium,33,Male,140,2,There is no,Not at intersection,1
2299,2299,2299,898772,2021,Abu Dhabi,April,Sunday,Evening,the third week,Run,Not to give priority to the infantry crossing,Al -Mafraq Al -Shawamik Street,Residential area,Bani Yas (East),Intersection,Night - Enough lighting,Wicked (Bad),No Clouds,dry,pedestrian,There is no passenger,Medium,3,Female,40,2,He crosses not on transit lines,Vertical cross intersection,1
2300,2300,2300,898773,2021,Abu Dhabi,Dec,Wednesday,Evening,second week,Deterioration,Preoccupation with the road while driving the vehicle in any way,Al Ain Street - Dubai,External road,All regions,Double road,Night - Enough lighting,Wicked (Bad),No Clouds,dry,driver,Driver,Medium,21,Male,140,3,There is no,Not at intersection,1
2301,2301,2301,898774,2021,Abu Dhabi,January,Monday,At noon,The first week,Be shocked,Sudden deviation,Armored road,Commercial area,Industrial armored bridge,Intersection,day,Wicked (Bad),No Clouds,dry,driver,Bike,Medium,34,Male,40,3,There is no,Multi -legs intersection,1
2302,2302,2302,898775,2021,Ajman,January,Thursday,In the afternoon,fourth week,Be shocked,Negligence and lack of attention,Sheikh Khalifa bin Zayed Street,Tunnel / Bridge,Naimia,Out of the way,day,Wicked (Bad),No Clouds,dry,passenger,A passenger in the front seat,Medium,17,Female,50,0,There is no,A meeting of half -vertical roads,1
2303,2303,2303,898776,2021,Abu Dhabi,April,Sunday,Before noon,the third week,Be shocked,Failure to adhere to traffic signs,Armored road,Residential area,Popularism,Intersection,day,Wicked (Bad),No Clouds,dry,passenger,Rapid in the back seat,Medium,6,Female,60,2,There is no,A meeting of half -vertical roads,1
2304,2304,2304,898777,2021,Abu Dhabi,July,Wednesday,At noon,fourth week,Run,Al -Aburvi is a place of infantry for pedestrians,Abu Dhabi Road - Al Ain,Residential area,Bani Yas (East),Double road,day,Wicked (Bad),No Clouds,dry,pedestrian,There is no passenger,Medium,71,Male,120,3,He crosses not on transit lines,Not on or by (20) meters of a,1
2305,2305,2305,898778,2021,Abu Dhabi,June,Sunday,In the afternoon,second week,Run,Negligence and lack of attention,Banias Street (Al Najd) (Sex),hospital,There is no definition of regions,Individual,day,Wicked (Bad),No Clouds,dry,pedestrian,There is no passenger,Medium,56,Male,40,2,He crosses not on transit lines,Not on or by (20) meters of a,1
2306,2306,2306,898779,2021,Ajman,February,Tuesday,In the afternoon,The first week,Be shocked,Enter a major road without making sure that it is free,El-Shikh Zayed street,Residential area,Halio,Intersection,day,Wicked (Bad),No Clouds,dry,driver,Driver,Medium,49,Male,40,0,There is no,Vertical cross intersection,1
2307,2307,2307,898780,2021,Abu Dhabi,Dec,Thursday,Evening,the third week,A fixed body shocked the road,Preoccupation with the road while driving the vehicle in any way,Al -Mafraq Al -Shawamik Street,Residential area,Tall,vertigo,Night - Enough lighting,Wicked (Bad),No Clouds,dry,driver,Driver,Medium,40,Male,80,3,There is no,vertigo,1
2308,2308,2308,898781,2021,Abu Dhabi,February,Friday,Evening,The first week,Deterioration,Driving the vehicle under the influence of alcohol,Hazza Bin Sultan Street,Residential area,Blessing,public road,Night - Enough lighting,Wicked (Bad),No Clouds,dry,driver,Driver,Medium,29,Male,100,3,There is no,vertigo,1
2309,2309,2309,898782,2021,Abu Dhabi,May,Thursday,Before noon,fourth week,Run,Not to give priority to the infantry crossing,An internal street,Industrial area,Industrial,Double road,day,Wicked (Bad),No Clouds,dry,pedestrian,There is no passenger,Medium,33,Male,60,2,He crosses not on transit lines,Not at intersection,1
2310,2310,2310,898783,2021,Abu Dhabi,October,Thursday,Evening,fourth week,Run,Not to give priority to the infantry crossing,Hamdan Bin Mohammed Street(Five),Commercial area,There is no definition of regions,public road,Night - Enough lighting,Wicked (Bad),No Clouds,dry,pedestrian,There is no passenger,Medium,44,Male,80,3,He crosses not on transit lines,Not at intersection,1
2311,2311,2311,898784,2021,Ras Al Khaimah,May,Monday,Evening,The fifth week,Be shocked,Preoccupation with the road while driving the vehicle in any way,Sheikh Rashid bin Saeed Street,School,Northern,public road,Night - Enough lighting,Wicked (Bad),No Clouds,Temple,driver,Bike,Medium,20,Male,80,2,There is no,Not on or by (20) meters of a,1
2312,2312,2312,898785,2021,Abu Dhabi,July,Thursday,Before noon,second week,Be shocked,Driving without a driver's license at all,An internal street,Residential area,full,Dhuatatin Road,day,Wicked (Bad),No Clouds,dry,driver,Bike,Medium,35,Male,40,2,There is no,Not at intersection,1
2313,2313,2313,898786,2021,Abu Dhabi,July,Wednesday,Evening,fourth week,Shock,Overcoming the red light signal - the arrow signal,IPFiveA Zayed the First Intersection - Arabian Gulf,Petrol station,Khalidiya,Intersection,Night - Enough lighting,Wicked (Bad),No Clouds,dry,passenger,A passenger in the front seat,Medium,38,Male,100,4,There is no,Vertical cross intersection,1
2314,2314,2314,898787,2021,Sharjah,July,Friday,At noon,The first week,Shock,Enter a major road without making sure that it is free,Sheikh Mohammed bin Zayed Street,Others,Mawlh,Intersection,day,Wicked (Bad),No Clouds,dry,driver,Driver,Medium,58,Male,40,1,There is no,Multi -legs intersection,1
2315,2315,2315,898788,2021,Abu Dhabi,April,Wednesday,Evening,fourth week,Run,Negligence and lack of attention,An internal street,Residential area,Al -Mijiei,Individual,Night - weak lighting,Wicked (Bad),No Clouds,dry,pedestrian,There is no passenger,Medium,23,Male,10,1,There is no,Not at intersection,1
2316,2316,2316,898789,2021,Abu Dhabi,June,Wednesday,Evening,fourth week,Shock,Overcoming the red light signal - the arrow signal,Sultan Bin Zayed the First Street (Thirty Two),Residential area,Supervisor,Intersection,day,Wicked (Bad),No Clouds,dry,driver,Bike,Medium,23,Male,80,4,There is no,Vertical cross intersection,1
2317,2317,2317,898790,2021,Sharjah,October,Wednesday,In the afternoon,the third week,Run,Not to give priority to the infantry crossing,Sheikh Majid bin Saqr Al Qasimi Street,Residential area,Garage,Double road,day,Wicked (Bad),No Clouds,dry,pedestrian,There is no passenger,Medium,67,Female,60,2,He crosses not on transit lines,Not on or by (20) meters of a,1
2318,2318,2318,898791,2021,Abu Dhabi,September,Thursday,Evening,The first week,Shock,Preoccupation with the road while driving the vehicle in any way,Sheikh Mohammed bin Rashid Al Maktoum Street,Tunnel / Bridge,Gentott,Double road,Night - Enough lighting,Wicked (Bad),No Clouds,Temple,driver,Driver,Medium,36,Male,140,4,There is no,Not on or by (20) meters of a,1
2319,2319,2319,898792,2021,Sharjah,January,Saturday,In the afternoon,The first week,Shock,Enter a major road without making sure that it is free,Sheikh Mohammed bin Zayed Street,Commercial area,Mawlh,Individual,day,Wicked (Bad),No Clouds,dry,driver,Bike,Medium,36,Male,40,1,There is no,Not on or by (20) meters of a,1
2320,2320,2320,898793,2021,Ajman,October,Thursday,Evening,second week,Run,Negligence and lack of attention,unknown,Residential area,Palm,Individual,Night - Enough lighting,Wicked (Bad),No Clouds,dry,pedestrian,There is no passenger,Medium,32,Male,40,0,There is no,Not on or by (20) meters of a,1
2321,2321,2321,898794,2021,Abu Dhabi,March,Thursday,Evening,fourth week,Shock,Not leaving enough distance,Al -Mafraq Al -Shawamik Street,Tunnel / Bridge,There is no definition of regions,Individual,Night - Enough lighting,Wicked (Bad),No Clouds,dry,driver,Driver,Medium,51,Male,120,4,There is no,Not on or by (20) meters of a,1
2322,2322,2322,898795,2021,Ras Al Khaimah,March,Sunday,At noon,the third week,Be shocked,Enter a major road without making sure that it is free,Al -Munai’i Street,External road,Al -Munai’i,Out of the way,day,Wicked (Bad),No Clouds,dry,driver,Driver,Medium,31,Male,120,2,There is no,Hole,1
2323,2323,2323,898796,2021,Sharjah,September,Tuesday,At noon,second week,Run,Not to give priority to the infantry crossing,Abdullah Salem Al -Sabah Street,Residential area,Hoys,Double road,day,Wicked (Bad),No Clouds,dry,pedestrian,There is no passenger,Medium,21,Female,60,2,He crosses not on transit lines,Not on or by (20) meters of a,1
2324,2324,2324,898797,2021,Abu Dhabi,June,Sunday,Evening,the third week,Be shocked,Overcoming the red light signal,Intersection of the Arabian Gulf - Al Saada,garden,Supervisor,Intersection,day,Wicked (Bad),No Clouds,dry,passenger,Rapid in the back seat,Medium,28,Male,100,4,There is no,Not on or by (20) meters of a,1
2325,2325,2325,898798,2021,Sharjah,April,Thursday,Evening,fourth week,Deterioration,Sudden deviation,Al Dhaid Street / Al Madam towards Al Madam,Others,Madame,Individual,Night - Enough lighting,Wicked (Bad),No Clouds,dry,passenger,A passenger in the front seat,Medium,18,Male,100,2,There is no,Not on or by (20) meters of a,1
2326,2326,2326,898799,2021,Abu Dhabi,March,Monday,Before noon,The first week,Shock,Preoccupation with the road while driving the vehicle in any way,Abu Dhabi Road - Al Ain,Tunnel / Bridge,There is no definition of regions,Double road,day,Wicked (Bad),No Clouds,dry,driver,Driver,Medium,36,Male,160,3,There is no,Not on or by (20) meters of a,1
2327,2327,2327,898800,2021,Sharjah,March,Thursday,Before noon,The first week,Run,Negligence and lack of attention,Cooperation Street,Residential area,Gorgeous,vertigo,Night - Enough lighting,Wicked (Bad),No Clouds,dry,pedestrian,There is no passenger,Medium,59,Female,60,3,He crosses not on transit lines,vertigo,1
2328,2328,2328,898801,2021,Ras Al Khaimah,October,Tuesday,Evening,The first week,Be shocked,The lack of conditions of security and traffic safety,Sheikh Mohammed bin Saqr Street,School,Sih Al -Barirat,vertigo,day,Wicked (Bad),No Clouds,Temple,driver,Driver,Medium,49,Female,50,2,There is no,vertigo,1
2329,2329,2329,898802,2021,Abu Dhabi,March,Wednesday,Evening,The first week,Cross -100,Not adhering to the mandatory itinerary,An internal street,Residential area,Blessing,Individual,Night - Enough lighting,Wicked (Bad),No Clouds,dry,driver,Driver,Medium,28,Male,30,2,There is no,Not at intersection,1
2330,2330,2330,898803,2021,Abu Dhabi,March,Tuesday,Evening,second week,Shock,Not leaving enough distance,Rashid between Sayed Al Maktoum Street (Tah),Commercial area,Central (West),public road,Night - Enough lighting,Wicked (Bad),No Clouds,dry,driver,Bike,Medium,30,Male,80,4,There is no,Not at intersection,1
2331,2331,2331,898804,2021,Abu Dhabi,November,Saturday,At noon,The first week,Shock,Not adhering to the mandatory itinerary,Zayed the First Street(Seven),Commercial area,The port,public road,day,Wicked (Bad),No Clouds,dry,driver,Bike,Medium,30,Male,60,3,There is no,Vertical cross intersection,1
2332,2332,2332,898805,2021,Sharjah,January,Thursday,At noon,fourth week,Shock,Speed without taking into account the road conditions,Maliha Street,Residential area,Mud,public road,day,crowded,No Clouds,dry,driver,Driver,Medium,32,Female,120,3,There is no,Not on or by (20) meters of a,1
2333,2333,2333,898806,2021,Abu Dhabi,October,Friday,At noon,the third week,Run,Not to give priority to the infantry crossing,Eastern Street (Al Traffic) (Four),Commercial area,Zayed City (Abu Dhabi),Dhuatatin Road,day,Wicked (Bad),No Clouds,dry,pedestrian,There is no passenger,Medium,5,Female,40,2,He crosses not on transit lines,Not at intersection,1
2334,2334,2334,898807,2021,Abu Dhabi,October,Wednesday,Evening,The first week,A fixed body was shocked outside the road,Sudden deviation,Sheikh Mohammed bin Rashid Al Maktoum Street,External road,There is no definition of regions,Double road,Night - Enough lighting,Wicked (Bad),No Clouds,dry,driver,Driver,Medium,27,Male,100,4,There is no,Not on or by (20) meters of a,1
2335,2335,2335,898808,2021,Abu Dhabi,September,Thursday,Evening,the third week,Run,Not to give priority to the infantry crossing,Abu Dhabi Road - Al Ain,Residential area,Bani Yas (East),Double road,Night - Enough lighting,Wicked (Bad),No Clouds,Temple,pedestrian,There is no passenger,Medium,32,Female,60,3,It crosses the crossing lines,Not on or by (20) meters of a,1
2336,2336,2336,898809,2021,Sharjah,March,Tuesday,Before noon,The fifth week,Run,Not to take the necessary traffic safety when the vehicle is disrupted,Maliha Street,Commercial area,second industrial,Individual,Night - Enough lighting,Wicked (Bad),No Clouds,dry,pedestrian,There is no passenger,Medium,38,Male,80,2,He crosses not on transit lines,Not on or by (20) meters of a,1
2337,2337,2337,898810,2021,Ajman,October,Wednesday,Before noon,The first week,Shock,Enter a major road without making sure that it is free,unknown,Commercial area,Industrial generator 3,Double road,day,Wicked (Bad),No Clouds,dry,driver,Bike,Medium,31,Male,40,0,There is no,Not on or by (20) meters of a,1
2338,2338,2338,898811,2021,Abu Dhabi,August,Sunday,Evening,the third week,Be shocked,Failure to adhere to traffic signs,The new farmer area,Residential area,Rif Kindergarten,Intersection,Night - Enough lighting,Wicked (Bad),No Clouds,dry,driver,Driver,Medium,24,Male,40,1,There is no,Vertical cross intersection,1
2339,2339,2339,898812,2021,Abu Dhabi,October,Wednesday,At noon,The first week,Be shocked,Sudden deviation,Abu Dhabi Road - Al Ain,Petrol station,Hawi bridge,public road,day,Wicked (Bad),No Clouds,Temple,driver,Driver,Medium,37,Male,120,4,There is no,Not at intersection,1
2340,2340,2340,898813,2021,Abu Dhabi,September,Tuesday,Evening,the third week,Shock,Preoccupation with the road while driving the vehicle in any way,Umm Al -Nar Road / Shahama,Residential area,Rest Beach,Double road,Night - Enough lighting,Wicked (Bad),No Clouds,dry,driver,Bike,Medium,26,Male,140,4,There is no,Not on or by (20) meters of a,1
2341,2341,2341,898814,2021,Abu Dhabi,August,Friday,Evening,the third week,Deterioration,Sudden deviation,Khalifa Bin Zayed Street,Commercial area,Al -Mijiei,Double road,Night - Enough lighting,Wicked (Bad),No Clouds,dry,driver,Bike,Medium,27,Male,80,3,There is no,Not on or by (20) meters of a,1
2342,2342,2342,898815,2021,Abu Dhabi,July,Sunday,Before noon,The first week,Deterioration,Sudden deviation,An internal street,Others,My line,Other (select),day,Wicked (Bad),No Clouds,earthy,driver,Driver,Medium,38,Male,20,0,There is no,Not at intersection,1
2343,2343,2343,898816,2021,Ajman,January,Monday,In the afternoon,second week,Run,Negligence and lack of attention,unknown,Commercial area,Rashidiya,Other (select),day,Wicked (Bad),No Clouds,dry,pedestrian,There is no passenger,Medium,10,Female,30,0,There is no,Not on or by (20) meters of a,1
2344,2344,2344,898817,2021,Abu Dhabi,April,Tuesday,In the afternoon,second week,Shock,Overcoming the red light signal - the arrow signal,Zayed Bin Sultan Street (General),Residential area,Objectionable,public road,Night - Enough lighting,Wicked (Bad),No Clouds,dry,driver,Driver,Medium,33,Female,80,3,There is no,Vertical cross intersection,1
2345,2345,2345,898818,2021,Abu Dhabi,June,Tuesday,Evening,second week,Be shocked,Not to make the road / not to give the brigades,An internal street,Residential area,Eclipse,Dhuatatin Road,Night - without lighting,Wicked (Bad),No Clouds,dry,passenger,A passenger in the front seat,Medium,25,Female,40,2,There is no,A meeting of half -vertical roads,1
2346,2346,2346,898819,2021,Fujairah,November,Tuesday,Before noon,The first week,Run,Return back without making sure that the road is free,Gulf Roundabout / Dibba Street - Masafi,External road,Gulf area,Other (select),day,Other (select),No Clouds,Temple,pedestrian,There is no passenger,Medium,30,Male,60,2,There is no,Not on or by (20) meters of a,1
2347,2347,2347,898820,2021,Abu Dhabi,February,Saturday,Evening,the third week,Be shocked,Not to make the road / not to give the brigades,An internal street,Residential area,full,vertigo,day,Wicked (Bad),No Clouds,dry,passenger,Rapid in the back seat,Medium,71,Female,60,3,There is no,vertigo,1
2348,2348,2348,898821,2021,Ajman,March,Wednesday,At noon,The fifth week,Run,Negligence and lack of attention,unknown,Residential area,Liurah,Other (select),day,Wicked (Bad),No Clouds,Non -temple,pedestrian,There is no passenger,Medium,5,Male,30,0,There is no,Not on or by (20) meters of a,1
2349,2349,2349,898822,2021,Ras Al Khaimah,October,Sunday,In the afternoon,second week,Be shocked,Negligence and lack of attention,Al -Faisal Street near the agencies,Commercial area,Old Ras Al Khaimah,Double road,Night - Enough lighting,Wicked (Bad),No Clouds,Temple,driver,Driver,Medium,24,Male,60,2,There is no,Not on or by (20) meters of a,1
2350,2350,2350,898823,2021,Abu Dhabi,September,Wednesday,At noon,fourth week,Run,Negligence and lack of attention,An internal street,Governmental,Falaj Hazaa,parking,day,Wicked (Bad),No Clouds,dry,pedestrian,There is no passenger,Medium,3,Male,40,1,He crosses not on transit lines,Not at intersection,1
2351,2351,2351,898824,2021,Abu Dhabi,May,Thursday,Before noon,fourth week,Shock,Failure to adhere to traffic signs,Riyadh city,Residential area,There is no definition of regions,Intersection,day,Wicked (Bad),No Clouds,dry,driver,Driver,Medium,30,Male,60,2,There is no,Vertical cross intersection,1
2352,2352,2352,898825,2021,Abu Dhabi,October,Thursday,At noon,the third week,Cross -100,Failure to adhere to traffic signs,Toward,Commercial area,Tall,Intersection,day,Wicked (Bad),No Clouds,Temple,driver,Bike,Medium,24,Male,40,2,There is no,Vertical cross intersection,1
2353,2353,2353,898826,2021,Abu Dhabi,February,Friday,Evening,fourth week,Shock,Not leaving enough distance,Abu Dhabi Road - Al Ain,Residential area,Treasury Bridge,Other (select),Night - Enough lighting,Wicked (Bad),No Clouds,dry,passenger,Rapid in the back seat,Medium,10,Female,160,4,Familiar,Not on or by (20) meters of a,1
2354,2354,2354,898827,2021,Abu Dhabi,October,Saturday,In the afternoon,the third week,Shock,Driving the vehicle under the influence of alcohol,Al -Ruwais Street - Goods,Governmental,General Street (Abu Dhabi - Commodities),Individual,Night - Enough lighting,Wicked (Bad),No Clouds,dry,pedestrian,There is no passenger,Medium,43,Male,80,1,He crosses not on transit lines,Not on or by (20) meters of a,1
2355,2355,2355,898828,2021,Abu Dhabi,November,Monday,Evening,fourth week,Shock,Preoccupation with the road while driving the vehicle using the phone,There is no definition,External road,There is no definition of regions,public road,day,Wicked (Bad),No Clouds,dry,passenger,A passenger in the front seat,Medium,23,Male,120,2,There is no,Not on or by (20) meters of a,1
2356,2356,2356,898829,2021,Abu Dhabi,September,Thursday,Evening,second week,A fixed body shocked the road,Preoccupation with the road while driving the vehicle using the phone,Abu Dhabi Road - Al Ain,External road,Al Wathba (East + West),vertigo,day,Wicked (Bad),No Clouds,dry,driver,Driver,Medium,65,Male,40,2,There is no,vertigo,1
2357,2357,2357,898830,2021,Abu Dhabi,Dec,Wednesday,Evening,fourth week,Cross -100,Failure to adhere to traffic signs,Armored road,Commercial area,Popularism,Intersection,Night - Enough lighting,Wicked (Bad),No Clouds,dry,driver,Driver,Medium,26,Female,40,1,There is no,Multi -legs intersection,1
2358,2358,2358,898831,2021,Abu Dhabi,January,Monday,In the afternoon,second week,Shock,Overcoming the red light signal,International airport roads,an airport,Abu Dhabi International Airport Bridge,Intersection,day,Wicked (Bad),No Clouds,dry,driver,Driver,Medium,27,Female,60,2,There is no,Not on or by (20) meters of a,1
2359,2359,2359,898832,2021,Abu Dhabi,August,Saturday,Evening,the third week,Shock,Preoccupation with the road while driving the vehicle in any way,Liwa Street,Agricultural area,Zayed City,Double road,day,Wicked (Bad),No Clouds,dry,driver,Driver,Medium,40,Male,140,2,There is no,Not on or by (20) meters of a,1
2360,2360,2360,898833,2021,Abu Dhabi,January,Friday,Before noon,the third week,Shock,Not adhering to the mandatory itinerary,Muhammad City Street,Residential area,Al Dhafra Association signal,Individual,Night - Enough lighting,Wicked (Bad),No Clouds,dry,driver,Bike,Medium,26,Male,20,2,There is no,Not at intersection,1
2361,2361,2361,898834,2021,Abu Dhabi,March,Sunday,In the afternoon,second week,A fixed body shocked the road,Not adhering to the mandatory itinerary,Peace Street (Eight),Tunnel / Bridge,There is no definition of regions,public road,Night - Enough lighting,Wicked (Bad),No Clouds,dry,driver,Bike,Medium,23,Male,100,4,There is no,Not at intersection,1
2362,2362,2362,898835,2021,Abu Dhabi,March,Wednesday,In the afternoon,The fifth week,Run,Negligence and lack of attention,Sheikh Maktoum Bin Rashid Street,Residential area,Splendor,Individual,Night - Enough lighting,Wicked (Bad),No Clouds,dry,pedestrian,There is no passenger,Medium,15,Male,40,1,There is no,Others,1
2363,2363,2363,898836,2021,Abu Dhabi,Dec,Wednesday,Evening,The fifth week,Deterioration,Preoccupation with the road while driving the vehicle in any way,International airport roads,External road,Khalifa City (a),Individual,Night - Enough lighting,Wicked (Bad),No Clouds,dry,driver,Bike,Medium,24,Male,80,2,There is no,Not on or by (20) meters of a,1