,Unnamed: 0.1,Unnamed: 0,Fake ID,Year,City,Month,Day,Time,Week,Type Of Accident,Reasons,Street,Place,Area,Location,Lighting,Road Condition,Weather Condition,Road surface,Lay injured,Injured seat,Degree of injury,Age of the injured,The person's gender,Speed of the road,Number of tracks,Pedestrian behavior,Intersection,Total
2364,2364,2364,898837,2021,Ajman,May,Saturday,Evening,The fifth week,Run,Negligence and lack of attention,unknown,Residential area,Al -Raqeeb 1,Individual,Night - without lighting,Wicked (Bad),No Clouds,dry,pedestrian,There is no passenger,Medium,37,Male,60,0,He crosses not on transit lines,Not on or by (20) meters of a,1
2365,2365,2365,898838,2021,Abu Dhabi,Dec,Saturday,In the afternoon,fourth week,Shock,Preoccupation with the road while driving the vehicle in any way,There is no definition,Tunnel / Bridge,Between the two bridges,Double road,day,Wicked (Bad),No Clouds,dry,driver,Driver,Medium,56,Male,100,3,There is no,Not at intersection,1
2366,2366,2366,898839,2021,Ajman,May,Thursday,Evening,second week,Be shocked,Sudden deviation,Omar bin al-Khattab Street,Commercial area,Palm,Individual,Night - Enough lighting,Wicked (Bad),No Clouds,dry,driver,Bike,Medium,28,Male,50,0,There is no,Not on or by (20) meters of a,1
2367,2367,2367,898840,2021,Abu Dhabi,November,Friday,Evening,fourth week,Cross -100,Sudden deviation,Abu Dhabi Road - Al Ain,Others,Al Wathba (East + West),Individual,Night - Enough lighting,Wicked (Bad),No Clouds,dry,driver,Driver,Medium,27,Male,80,1,There is no,Not on or by (20) meters of a,1
2368,2368,2368,898841,2021,Abu Dhabi,February,Thursday,At noon,fourth week,Shock,Preoccupation with the road while driving the vehicle in any way,Yas Street One,Tunnel / Bridge,Yass Island,Double road,day,Wicked (Bad),No Clouds,Temple,driver,Driver,Medium,44,Male,140,4,There is no,Not on or by (20) meters of a,1
2369,2369,2369,898842,2021,Abu Dhabi,January,Saturday,Before noon,fourth week,Run,Not to give priority to the infantry crossing,Armored road,Commercial area,Bracelet,Individual,day,Wicked (Bad),No Clouds,dry,pedestrian,There is no passenger,Medium,60,Male,60,2,It crosses the crossing lines,Not on or by (20) meters of a,1
2370,2370,2370,898843,2021,Abu Dhabi,March,Wednesday,Evening,fourth week,Shock,Overcoming the red light signal,Hazaa Bin Zayed the First Street(Eleven),Others,Unit,Intersection,Night - Enough lighting,Wicked (Bad),No Clouds,dry,driver,Bike,Medium,37,Male,80,4,There is no,Vertical cross intersection,1
2371,2371,2371,898844,2021,Ajman,June,Sunday,Before noon,the third week,Run,Negligence and lack of attention,unknown,Residential area,Rumor,Individual,day,Wicked (Bad),No Clouds,dry,pedestrian,There is no passenger,Medium,8,Male,40,0,There is no,Not on or by (20) meters of a,1
2372,2372,2372,898845,2021,Abu Dhabi,July,Wednesday,Evening,second week,Deterioration,Preoccupation with the road while driving the vehicle in any way,Toward,Residential area,Tall,Double road,Night - Enough lighting,Wicked (Bad),No Clouds,Temple,driver,Bike,Medium,26,Male,80,2,There is no,Not on or by (20) meters of a,1
2373,2373,2373,898846,2021,Abu Dhabi,August,Tuesday,In the afternoon,The first week,Shock,Return back without making sure that the road is free,Abu Dhabi Road - Al Ain,Commercial area,Bani Yas Park Bridge,parking,day,Wicked (Bad),No Clouds,dry,driver,Bike,Medium,34,Male,60,2,There is no,Not on or by (20) meters of a,1
2374,2374,2374,898847,2021,Abu Dhabi,May,Monday,Evening,second week,Be shocked,Overcoming the red light signal,Hilton Roundabout (East - Western),Residential area,Sage,Intersection,Night - Enough lighting,Wicked (Bad),No Clouds,dry,passenger,Rapid in the back seat,Medium,24,Male,80,3,There is no,Multi -legs intersection,1
2375,2375,2375,898848,2021,Abu Dhabi,Dec,Wednesday,Evening,The fifth week,A fixed body was shocked outside the road,Preoccupation with the road while driving the vehicle in any way,International airport roads,Governmental,Khalifa City (a),Individual,day,Wicked (Bad),No Clouds,dry,driver,Driver,Medium,23,Male,100,3,There is no,Not on or by (20) meters of a,1
2376,2376,2376,898849,2021,Sharjah,January,Saturday,Before noon,The fifth week,Be shocked,Preoccupation with the road while driving the vehicle in any way,Truck Road (Al -Jadadiya - Al Sharq) Khorfakkan,Governmental,Sheikh Khalifa bin Zayed Street,public road,day,Wicked (Bad),No Clouds,dry,driver,Driver,Medium,38,Female,80,2,There is no,Not on or by (20) meters of a,1
2377,2377,2377,898850,2021,Abu Dhabi,Dec,Saturday,Evening,the third week,Cross -100,Overcoming the red light signal,El-Shikh Zayed street,Governmental,There is no definition of regions,Intersection,Night - Enough lighting,Wicked (Bad),No Clouds,dry,driver,Bike,Medium,29,Male,80,4,There is no,A meeting of half -vertical roads,1
2378,2378,2378,898851,2021,Fujairah,November,Monday,Before noon,fourth week,Be shocked,Sudden deviation,Cement Factory Street,Mountainous area,Dibba Al -Fujairah / Al -Gob,public road,day,Wicked (Bad),No Clouds,Temple,driver,Driver,Medium,46,Male,100,2,There is no,Not on or by (20) meters of a,1
2379,2379,2379,898852,2021,Abu Dhabi,March,Sunday,In the afternoon,fourth week,Be shocked,Enter a major road without making sure that it is free,corneche Street,Commercial area,The port,Individual,day,Wicked (Bad),No Clouds,dry,pedestrian,There is no passenger,Medium,27,Male,20,1,Familiar,Not on or by (20) meters of a,1
2380,2380,2380,898853,2021,Abu Dhabi,October,Wednesday,Evening,the third week,A fixed body was shocked outside the road,Preoccupation with the road while driving the vehicle in any way,Al Wathba Palace - Camel Square roundabout,External road,Al Wathba Camel Square,vertigo,Night - Enough lighting,Wicked (Bad),No Clouds,dry,driver,Driver,Medium,41,Male,80,2,There is no,vertigo,1
2381,2381,2381,898854,2021,Abu Dhabi,February,Sunday,In the afternoon,second week,Be shocked,Not adhering to the mandatory itinerary,Al -Mafraq Al -Shawamik Street,Residential area,Tall,Double road,day,Wicked (Bad),No Clouds,dry,driver,Bike,Medium,31,Male,40,1,There is no,Not on or by (20) meters of a,1
2382,2382,2382,898855,2021,Abu Dhabi,April,Sunday,Before noon,fourth week,Shock,Overcoming the red light signal,Intersection of Hamdan Bin Mohammed - Al Salam,Residential area,Central,Intersection,day,Wicked (Bad),No Clouds,dry,passenger,Rapid in the back seat,Medium,30,Female,80,4,There is no,Vertical cross intersection,1
2383,2383,2383,898856,2021,Sharjah,July,Friday,At noon,the third week,Shock,Enter a major road without making sure that it is free,The first industrial intersection - the first industrial street,Industrial area,Fourth industrial,Individual,day,Wicked (Bad),No Clouds,dry,driver,Driver,Medium,23,Male,40,1,There is no,Not on or by (20) meters of a,1
2384,2384,2384,898857,2021,Sharjah,October,Wednesday,At noon,the third week,Shock,Enter a major road without making sure that it is free,Nahda Street,Industrial area,Seventh industrial,Double road,day,Wicked (Bad),No Clouds,dry,driver,Bike,Medium,26,Male,60,2,There is no,Hole,1
2385,2385,2385,898858,2021,Abu Dhabi,February,Thursday,Evening,The first week,Shock,Preoccupation with the road while driving the vehicle in any way,Sheikh Mohammed bin Rashid Al Maktoum Street,Petrol station,Gentott,public road,Night - Enough lighting,Wicked (Bad),fog,dry,driver,Driver,Medium,34,Male,80,4,There is no,Not on or by (20) meters of a,1
2386,2386,2386,898859,2021,Abu Dhabi,October,Friday,Evening,The fifth week,Deterioration,Preoccupation with the road while driving the vehicle in any way,Emirates School Tunnel,Residential area,Industrial Archbishop,bridge,Night - Enough lighting,Wicked (Bad),No Clouds,dry,driver,Bike,Medium,29,Male,80,4,There is no,Not on or by (20) meters of a,1
2387,2387,2387,898860,2021,Abu Dhabi,January,Sunday,In the afternoon,The first week,Shock,Enter a major road without making sure that it is free,Al Ain Street - Abuiriya,External road,Abu Kira,Double road,Night - Enough lighting,Wicked (Bad),No Clouds,dry,passenger,Rapid in the back seat,Medium,6,Male,140,2,There is no,Hole,1
2388,2388,2388,898861,2021,Ras Al Khaimah,January,Thursday,Evening,fourth week,Shock,Sudden deviation,Emirates Al Saadi Street,Others,The Red Island,public road,Night - Enough lighting,Wicked (Bad),No Clouds,Temple,driver,Driver,Medium,35,Male,120,2,There is no,Not at intersection,1
2389,2389,2389,898862,2021,Abu Dhabi,April,Friday,Evening,The first week,Run,Preoccupation with the road while driving the vehicle in any way,Sheikh Maktoum Bin Rashid Street,Petrol station,There is no definition of regions,Double road,Night - Enough lighting,Wicked (Bad),No Clouds,dry,driver,Driver,Medium,34,Female,140,4,He crosses not on transit lines,Not on or by (20) meters of a,1
2390,2390,2390,898863,2021,Sharjah,February,Tuesday,Evening,the third week,Be shocked,Driving under the influence of intoxicant or anesthetic,Imran bin Tarim Square,Residential area,Ramtha,vertigo,Night - Enough lighting,Wicked (Bad),No Clouds,dry,passenger,A passenger in the front seat,Medium,19,Female,60,2,There is no,vertigo,1
2391,2391,2391,898864,2021,Sharjah,July,Wednesday,In the afternoon,fourth week,Run,Preoccupation with the road while driving the vehicle in any way,Kuwait Street,hospital,Sorrow,Intersection,day,Wicked (Bad),No Clouds,dry,pedestrian,There is no passenger,Medium,42,Male,40,3,He crosses pedestrian crossing lines,Vertical cross intersection,1
2392,2392,2392,898865,2021,Umm Al Quwain,June,Thursday,Before noon,the third week,Shock,Preoccupation with the road while driving the vehicle in any way,Sheikh Mohammed bin Zayed Street (Umm Al Qain - Ras Al Khaimah),External road,Navel,public road,Night - Enough lighting,Wicked (Bad),No Clouds,dry,passenger,Rapid in the back seat,Medium,24,Male,120,3,There is no,Not on or by (20) meters of a,1
2393,2393,2393,898866,2021,Ras Al Khaimah,April,Sunday,In the afternoon,second week,Deterioration,Driving a vehicle in a way that puts his life or the lives of others at risk,Al -Munai’i Street,Others,Al -Munai’i,Out of the way,day,Other (select),cloudy,dry,driver,Driver,Medium,19,Male,10,0,There is no,Not on or by (20) meters of a,1
2394,2394,2394,898867,2021,Abu Dhabi,Dec,Friday,Evening,The fifth week,Be shocked,Not to make the road / not to give the brigades,Rashid between Sayed Al Maktoum Street (Tah),Commercial area,Supervisor,public road,Night - Enough lighting,Wicked (Bad),No Clouds,dry,passenger,Rapid in the back seat,Medium,7,Female,80,3,There is no,Not at intersection,1
2395,2395,2395,898868,2021,Abu Dhabi,January,Tuesday,Evening,The first week,Run,Preoccupation with the road while driving the vehicle in any way,An internal street,Residential area,Shuwaib,Double road,Night - without lighting,Wicked (Bad),No Clouds,dry,pedestrian,There is no passenger,Medium,26,Male,60,2,Familiar,Not on or by (20) meters of a,1
2396,2396,2396,898869,2021,Ras Al Khaimah,May,Wednesday,At noon,fourth week,A fixed body was shocked outside the road,Preoccupation with the road while driving the vehicle in any way,Khuzam Street,Residential area,Lap,public road,day,Wicked (Bad),No Clouds,Temple,driver,Driver,Medium,67,Male,80,2,There is no,Hole,1
2397,2397,2397,898870,2021,Ras Al Khaimah,January,Friday,In the afternoon,fourth week,Cross -100,The lack of conditions of security and traffic safety,Hamrania Street,External road,Stagnation,Individual,day,Wicked (Bad),No Clouds,Temple,passenger,Rapid in the back seat,Medium,10,Female,60,1,There is no,Not on or by (20) meters of a,1
2398,2398,2398,898871,2021,Sharjah,March,Wednesday,In the afternoon,The fifth week,Run,Not to give priority to the infantry crossing,Nahda Street,Residential area,Nomination,Individual,day,Wicked (Bad),No Clouds,dry,pedestrian,There is no passenger,Medium,17,Female,60,2,There is no,Not on or by (20) meters of a,1
2399,2399,2399,898872,2021,Ras Al Khaimah,March,Monday,Before noon,fourth week,Run,Negligence and lack of attention,Wadi Shahm Street,Residential area,Hide,Dhuatatin Road,Night - without lighting,Wicked (Bad),No Clouds,Temple,pedestrian,There is no passenger,Medium,21,Female,40,2,He crosses not on transit lines,Not at intersection,1
2400,2400,2400,898873,2021,Abu Dhabi,Dec,Thursday,In the afternoon,the third week,Shock,Preoccupation with the road while driving the vehicle in any way,Al -Mafraq Al -Shawamik Street,Tunnel / Bridge,Al -Shamekha Bridge,Double road,Night - Enough lighting,Wicked (Bad),No Clouds,Temple,driver,Driver,Medium,40,Female,80,3,There is no,Not on or by (20) meters of a,1
2401,2401,2401,898874,2021,Abu Dhabi,March,Thursday,At noon,fourth week,Be shocked,Sudden deviation,Arabian Gulf Street(Thirty),Tunnel / Bridge,Bridge,Individual,day,Wicked (Bad),No Clouds,dry,driver,Bike,Medium,31,Male,120,3,There is no,Not on or by (20) meters of a,1
2402,2402,2402,898875,2021,Ajman,Dec,Monday,In the afternoon,fourth week,Run,Negligence and lack of attention,Al -Naseem Street,Residential area,Mashirf Commercial,Double road,Night - Enough lighting,Wicked (Bad),No Clouds,dry,pedestrian,There is no passenger,Medium,13,Female,50,0,There is no,Not on or by (20) meters of a,1
2403,2403,2403,898876,2021,Fujairah,July,Sunday,Evening,fourth week,Deterioration,Sudden deviation,Faqit General Street,Commercial area,Dibba Al -Fujairah / Faqit area,Double road,Night - Enough lighting,Wicked (Bad),No Clouds,Temple,driver,Driver,Medium,22,Male,100,2,There is no,Not on or by (20) meters of a,1
2404,2404,2404,898877,2021,Abu Dhabi,April,Tuesday,Evening,The first week,A fixed body was shocked outside the road,Tire explosion,Zayed City Street (New),Petrol station,Zayed City,public road,Night - Enough lighting,Wicked (Bad),No Clouds,dry,driver,Driver,Medium,38,Male,140,2,There is no,Not on or by (20) meters of a,1
2405,2405,2405,898878,2021,Ras Al Khaimah,May,Tuesday,Before noon,the third week,Shock,Preoccupation with the road while driving the vehicle in any way,Al -Falaiya Street,Commercial area,Atmosphere,Out of the way,day,Wicked (Bad),No Clouds,Temple,driver,Driver,Medium,31,Male,60,1,There is no,Not at intersection,1
2406,2406,2406,898879,2021,Abu Dhabi,March,Monday,Before noon,second week,Cross -100,Enter a major road without making sure that it is free,Zayed the First Street(Seven),Mosque,Khalidiya,Individual,day,Wicked (Bad),No Clouds,dry,driver,Bike,Medium,33,Male,60,2,There is no,A meeting of half -vertical roads,1
2407,2407,2407,898880,2021,Abu Dhabi,November,Sunday,Before noon,second week,Shock,Not leaving enough distance,Sheikh Khalifa Bridge,Tunnel / Bridge,Sa'adiat Island,bridge,day,Wicked (Bad),No Clouds,dry,passenger,Rapid in the back seat,Medium,23,Male,100,4,There is no,Not at intersection,1
2408,2408,2408,898881,2021,Abu Dhabi,August,Wednesday,Evening,The first week,A fixed body was shocked outside the road,Preoccupation with the road while driving the vehicle in any way,Armored road,Commercial area,New industrial bridge,vertigo,Night - Enough lighting,Wicked (Bad),No Clouds,dry,driver,Driver,Medium,30,Female,60,2,There is no,vertigo,1
2409,2409,2409,898882,2021,Abu Dhabi,March,Sunday,Evening,fourth week,Shock,Not to make the road / not to give the brigades,Toward,Residential area,Tall,Intersection,Night - Enough lighting,Wicked (Bad),No Clouds,dry,driver,Driver,Medium,29,Male,60,2,There is no,A meeting of half -vertical roads,1
2410,2410,2410,898883,2021,Sharjah,March,Tuesday,At noon,the third week,Run,Not to give priority to the infantry crossing,Al -Mina Square,Commercial area,Wilay,public road,day,Other (select),No Clouds,dry,pedestrian,There is no passenger,Medium,47,Male,60,2,There is no,Not on or by (20) meters of a,1
2411,2411,2411,898884,2021,Sharjah,May,Saturday,Evening,second week,Shock,Return back without making sure that the road is free,Lake Corniche Street,Residential area,Magazine 1,Individual,Night - Enough lighting,Wicked (Bad),No Clouds,dry,driver,Bike,Medium,37,Male,60,2,There is no,Not on or by (20) meters of a,1
2412,2412,2412,898885,2021,Abu Dhabi,June,Saturday,Evening,the third week,Shock,Preoccupation with the road while driving the vehicle in any way,Sheikh Maktoum Bin Rashid Street,Tunnel / Bridge,Sayeh Al -Sidair,Individual,Night - Enough lighting,Wicked (Bad),No Clouds,dry,passenger,Rapid in the back seat,Medium,23,Male,120,4,There is no,Not on or by (20) meters of a,1
2413,2413,2413,898886,2021,Abu Dhabi,March,Tuesday,In the afternoon,second week,Run,Not to make the road / not to give the brigades,Al -Mafraq Al -Shawamik Street,Residential area,Mafraq industrial,Double road,Night - Enough lighting,Wicked (Bad),No Clouds,Temple,pedestrian,There is no passenger,Medium,36,Male,60,3,He crosses pedestrian crossing lines,Not on or by (20) meters of a,1
2414,2414,2414,898887,2021,Sharjah,April,Tuesday,At noon,The first week,Shock,Not to give priority to the infantry crossing,Nahda Street,Residential area,Nomination,Double road,day,Wicked (Bad),No Clouds,dry,driver,Driver,Medium,28,Male,60,2,He crosses pedestrian crossing lines,Not on or by (20) meters of a,1
2415,2415,2415,898888,2021,Abu Dhabi,August,Friday,Evening,fourth week,Shock,Not adhering to the mandatory itinerary,There is no definition,Industrial area,Industrial Archbishop,parking,day,Wicked (Bad),No Clouds,Temple,driver,Bike,Medium,27,Male,40,2,There is no,Not at intersection,1
2416,2416,2416,898889,2021,Abu Dhabi,October,Monday,Evening,The first week,Shock,Not adhering to the mandatory itinerary,Al -Ruwais Street - Goods,External road,General Street (Abu Dhabi - Commodities),public road,Night - Enough lighting,Wicked (Bad),No Clouds,dry,passenger,A passenger in the front seat,Medium,26,Male,160,3,There is no,Not on or by (20) meters of a,1
2417,2417,2417,898890,2021,Ajman,March,Wednesday,Evening,The fifth week,Shock,Not leaving enough distance,Etihad Street,Residential area,Naimia,Individual,Night - Enough lighting,Wicked (Bad),No Clouds,dry,driver,Bike,Medium,36,Male,40,0,There is no,Not on or by (20) meters of a,1
2418,2418,2418,898891,2021,Abu Dhabi,February,Friday,At noon,second week,Run,Preoccupation with the road while driving the vehicle in any way,Truck Road,External road,Al -Ajaban Road,Individual,day,Wicked (Bad),No Clouds,dry,pedestrian,There is no passenger,Medium,37,Male,40,1,There is no,Not on or by (20) meters of a,1
2419,2419,2419,898892,2021,Abu Dhabi,January,Tuesday,Before noon,the third week,Shock,Preoccupation with the road while driving the vehicle in any way,Tarif road,External road,Al Dhafra Air Force Base,public road,day,Wicked (Bad),No Clouds,Foundation,passenger,Rapid in the back seat,Medium,25,Male,80,5,There is no,Not on or by (20) meters of a,1
2420,2420,2420,898893,2021,Abu Dhabi,July,Wednesday,Before noon,fourth week,Shock,Return back without making sure that the road is free,There is no definition,Residential area,There is no definition of regions,Double road,Night - Enough lighting,Wicked (Bad),No Clouds,dry,driver,Bike,Medium,23,Male,40,1,There is no,Not on or by (20) meters of a,1
2421,2421,2421,898894,2021,Umm Al Quwain,October,Tuesday,In the afternoon,fourth week,A fixed body was shocked outside the road,Negligence and lack of attention,Sheikh Ahmed bin Rashid Al Mualla Street.,Governmental,Casablanca area a,vertigo,Night - Enough lighting,Wicked (Bad),No Clouds,dry,passenger,A passenger in the front seat,Medium,46,Male,60,2,There is no,vertigo,1
2422,2422,2422,898895,2021,Abu Dhabi,September,Tuesday,In the afternoon,second week,Be shocked,Not adhering to the mandatory itinerary,Sheikh Zayed Tunnel - Sheikh Zayed Street,Tunnel / Bridge,There is no definition of regions,Double road,Night - Enough lighting,Wicked (Bad),No Clouds,dry,passenger,A passenger in the front seat,Medium,13,Male,120,5,There is no,Not at intersection,1
2423,2423,2423,898896,2021,Abu Dhabi,October,Thursday,Evening,fourth week,Run,Preoccupation with the road while driving the vehicle in any way,Al -Ruwais Residential Street,Residential area,Petroleum Station Roundabout,public road,Night - Enough lighting,Wicked (Bad),No Clouds,dry,pedestrian,There is no passenger,Medium,17,Female,30,2,He crosses pedestrian crossing lines,Not at intersection,1
2424,2424,2424,898897,2021,Abu Dhabi,January,Sunday,In the afternoon,the third week,Deterioration,Speed without taking into account the road conditions,Umm Al -Zamoul Street,External road,Mother of Zamul,Out of the way,Night - without lighting,Hole,No Clouds,dry,passenger,A passenger in the front seat,Medium,44,Male,40,1,There is no,Not at intersection,1
2425,2425,2425,898898,2021,Abu Dhabi,Dec,Wednesday,Evening,the third week,Shock,Overcoming the red light signal - the arrow signal,Sultan Bin Zayed the First Street (Thirty Two),Residential area,There is no definition of regions,Intersection,Night - Enough lighting,Wicked (Bad),No Clouds,dry,driver,Driver,Medium,40,Male,80,4,There is no,Vertical cross intersection,1
2426,2426,2426,898899,2021,Abu Dhabi,February,Wednesday,Before noon,second week,Shock,Preoccupation with the road while driving the vehicle in any way,Truck Road (Abu Dhabi-Al Ain),Tunnel / Bridge,There is no definition of regions,Double road,day,Wicked (Bad),No Clouds,dry,passenger,Rapid in the back seat,Medium,27,Male,80,2,There is no,Not on or by (20) meters of a,1
2427,2427,2427,898900,2021,Ras Al Khaimah,April,Tuesday,At noon,The first week,Shock,Preoccupation with the road while driving the vehicle in any way,Al Montaser Street,Commercial area,Palm,Dhuatatin Road,day,Wicked (Bad),No Clouds,Temple,driver,Bike,Medium,26,Male,40,2,There is no,Hole,1
2428,2428,2428,898901,2021,Abu Dhabi,February,Saturday,Before noon,fourth week,Shock,Not leaving enough distance,Arabian Gulf Street(Thirty),Residential area,Khalidiya,public road,day,Wicked (Bad),No Clouds,dry,driver,Driver,Medium,29,Male,80,4,There is no,Not at intersection,1
2429,2429,2429,898902,2021,Abu Dhabi,January,Thursday,In the afternoon,second week,Deterioration,Sudden deviation,Abu Dhabi Road - Al Ain,External road,Treasury Bridge,Double road,Night - Enough lighting,Wicked (Bad),No Clouds,dry,passenger,A passenger in the front seat,Medium,26,Male,160,3,There is no,Not on or by (20) meters of a,1
2430,2430,2430,898903,2021,Abu Dhabi,August,Sunday,At noon,fourth week,Shock,Sudden deviation,Nahel Street - Al Ain,Residential area,All regions,Double road,day,Wicked (Bad),No Clouds,dry,passenger,Rapid in the back seat,Medium,11,Female,140,2,There is no,Not at intersection,1
2431,2431,2431,898904,2021,Abu Dhabi,November,Friday,Evening,fourth week,Cross -100,Sudden deviation,Abu Dhabi Road - Al Ain,Others,Al Wathba (East + West),Individual,Night - Enough lighting,Wicked (Bad),No Clouds,dry,passenger,Rapid in the back seat,Medium,54,Male,80,1,There is no,Not on or by (20) meters of a,1
2432,2432,2432,898905,2021,Ras Al Khaimah,October,Tuesday,Evening,fourth week,Shock,Negligence and lack of attention,Al -Fahlin Street,Residential area,Stagnation,Individual,Night - Enough lighting,Wicked (Bad),No Clouds,Temple,passenger,Bike,Medium,27,Male,60,1,There is no,Not on or by (20) meters of a,1
2433,2433,2433,898906,2021,Umm Al Quwain,July,Wednesday,Before noon,fourth week,Be shocked,Overing from the right or ingredon is cautious,International Federation Street,Commercial area,The Rafeh area,Double road,day,Wicked (Bad),No Clouds,dry,passenger,A passenger in the front seat,Medium,28,Female,80,2,There is no,Not on or by (20) meters of a,1
2434,2434,2434,898907,2021,Umm Al Quwain,September,Thursday,Evening,The first week,Consecutive,Not leaving enough distance,Sheikh Mohammed bin Zayed Street (Umm Al Qain - Ras Al Khaimah),External road,Navel,Individual,Night - Enough lighting,Wicked (Bad),No Clouds,dry,driver,Driver,Medium,45,Male,120,3,There is no,Not on or by (20) meters of a,1
2435,2435,2435,898908,2021,Sharjah,March,Sunday,Evening,second week,Run,Not to give priority to the infantry crossing,Tower Square,Residential area,Khan,Double road,Night - Enough lighting,Wicked (Bad),No Clouds,dry,pedestrian,There is no passenger,Medium,41,Male,60,3,There is no,Not on or by (20) meters of a,1
2436,2436,2436,898909,2021,Abu Dhabi,July,Monday,At noon,second week,Be shocked,Not to make the road / not to give the brigades,Riyadh city,Residential area,There is no definition of regions,Double road,day,Wicked (Bad),No Clouds,dry,driver,Driver,Medium,28,Male,60,2,There is no,Vertical cross intersection,1
2437,2437,2437,898910,2021,Abu Dhabi,August,Tuesday,Before noon,second week,Shock,Not leaving enough distance,Green Bridge Bridge,Tunnel / Bridge,All regions,public road,day,Wicked (Bad),No Clouds,dry,driver,Driver,Medium,42,Male,120,3,There is no,Not at intersection,1
2438,2438,2438,898911,2021,Fujairah,August,Saturday,Before noon,fourth week,Cross -100,Enter a major road without making sure that it is free,Dakhli Street,Residential area,Masafi - Al -Tayyiba area,Dhuatatin Road,day,Wicked (Bad),No Clouds,Temple,driver,Driver,Medium,63,Male,60,2,There is no,Vertical cross intersection,1
2439,2439,2439,898912,2021,Abu Dhabi,July,Monday,Evening,The first week,Be shocked,Driving without a driver's license at all,An internal street,Residential area,More,Double road,Night - Enough lighting,Wicked (Bad),No Clouds,dry,driver,Bike,Medium,34,Male,40,2,There is no,A meeting of half -vertical roads,1
2440,2440,2440,898913,2021,Sharjah,February,Tuesday,Before noon,second week,Deterioration,Sudden deviation,Khorfakkan Road,External road,Sharjah / Al Dhaid,Double road,day,Wicked (Bad),fog,dry,passenger,Rapid in the back seat,Medium,44,Male,120,2,There is no,Not on or by (20) meters of a,1
2441,2441,2441,898914,2021,Abu Dhabi,September,Thursday,In the afternoon,the third week,Shock,Not leaving enough distance,There is no definition,Industrial area,Industrial Archbishop,Double road,Night - Enough lighting,Wicked (Bad),No Clouds,Temple,driver,Driver,Medium,30,Male,120,4,There is no,Not on or by (20) meters of a,1
2442,2442,2442,898915,2021,Abu Dhabi,November,Sunday,Before noon,second week,Shock,Not leaving enough distance,Sheikh Khalifa Bridge,Tunnel / Bridge,Sa'adiat Island,bridge,day,Wicked (Bad),No Clouds,dry,passenger,A passenger in the front seat,Medium,21,Male,100,4,There is no,Not at intersection,1
2443,2443,2443,898916,2021,Abu Dhabi,March,Friday,Evening,The first week,Cross -100,Speed without taking into account the road conditions,An internal street,Residential area,Shuaiba,Individual,Night - Enough lighting,Wicked (Bad),No Clouds,dry,driver,Bike,Medium,18,Male,60,1,There is no,Not on or by (20) meters of a,1
2444,2444,2444,898917,2021,Abu Dhabi,April,Friday,Evening,the third week,Shock,Not leaving enough distance,Shakhboot Bin Sultan Street,Residential area,City center,public road,Night - Enough lighting,Wicked (Bad),No Clouds,dry,passenger,A passenger in the front seat,Medium,21,Female,80,3,There is no,Not at intersection,1
2445,2445,2445,898918,2021,Ajman,November,Tuesday,In the afternoon,The first week,Run,Negligence and lack of attention,Saif Al Hamrani Street,Commercial area,garden,Double road,Night - Enough lighting,Wicked (Bad),No Clouds,dry,pedestrian,There is no passenger,Medium,25,Male,60,0,There is no,Not on or by (20) meters of a,1
2446,2446,2446,898919,2021,Abu Dhabi,August,Saturday,Evening,The first week,Consecutive,Preoccupation with the road while driving the vehicle in any way,Abu Dhabi Road - Al Ain,Residential area,Bani Yas (East),Double road,Night - Enough lighting,Wicked (Bad),No Clouds,dry,driver,Bike,Medium,24,Male,60,2,There is no,Not on or by (20) meters of a,1
2447,2447,2447,898920,2021,Abu Dhabi,September,Sunday,Before noon,fourth week,Consecutive,Not leaving enough distance,Zayed Library roundabout,Residential area,Objectionable,vertigo,day,Wicked (Bad),No Clouds,dry,driver,Driver,Medium,58,Female,80,3,There is no,Not on or by (20) meters of a,1
2448,2448,2448,898921,2021,Sharjah,May,Tuesday,At noon,fourth week,A fixed body was shocked outside the road,Not adhering to the mandatory itinerary,Intifada Street,garden,Al -Majaz 2,Out of the way,Night - Enough lighting,Wicked (Bad),No Clouds,dry,passenger,A passenger in the front seat,Medium,34,Female,40,1,There is no,Not on or by (20) meters of a,1
2449,2449,2449,898922,2021,Sharjah,October,Saturday,Evening,the third week,Shock,Enter a major road without making sure that it is free,The first industrial street,Industrial area,second industrial,Double road,Night - Enough lighting,Wicked (Bad),No Clouds,dry,driver,Driver,Medium,23,Male,60,3,There is no,Not on or by (20) meters of a,1
2450,2450,2450,898923,2021,Abu Dhabi,May,Friday,At noon,the third week,A fixed body shocked the road,Tire explosion,Al Ain Street - Dubai,Petrol station,housing,Double road,day,Wicked (Bad),No Clouds,dry,passenger,Rapid in the back seat,Medium,27,Male,140,4,There is no,Not on or by (20) meters of a,1