,Unnamed: 0.1,Unnamed: 0,Fake ID,Year,City,Month,Day,Time,Week,Type Of Accident,Reasons,Street,Place,Area,Location,Lighting,Road Condition,Weather Condition,Road surface,Lay injured,Injured seat,Degree of injury,Age of the injured,The person's gender,Speed of the road,Number of tracks,Pedestrian behavior,Intersection,Total
2451,2451,2451,898924,2021,Abu Dhabi,February,Saturday,Before noon,the third week,A fixed body shocked the road,Driving the vehicle under the influence of alcohol,El-Shikh Zayed street,garden,There is no definition of regions,public road,day,Wicked (Bad),No Clouds,dry,driver,Driver,Medium,30,Male,100,5,There is no,Not at intersection,1
2452,2452,2452,898925,2021,Abu Dhabi,January,Saturday,Before noon,the third week,Run,Driving without a driver's license at all,An internal street,Commercial area,Magic,Side,Night - Enough lighting,Wicked (Bad),No Clouds,dry,pedestrian,There is no passenger,Medium,43,Male,60,1,There is no,Not on or by (20) meters of a,1
2453,2453,2453,898926,2021,Abu Dhabi,January,Friday,At noon,fourth week,Deterioration,Not adhering to the mandatory itinerary,Truck Road (Abu Dhabi-Al Ain),External road,Al -Anka,Dhuatatin Road,day,Wicked (Bad),No Clouds,dry,passenger,A passenger in the front seat,Medium,33,Male,100,2,There is no,Not at intersection,1
2454,2454,2454,898927,2021,Ras Al Khaimah,April,Saturday,Evening,the third week,Shock,Failure to adhere to traffic signs,The intersection of the market of the market,Commercial area,Include,Intersection,Night - Enough lighting,Wicked (Bad),No Clouds,Temple,driver,Driver,Medium,19,Male,100,3,There is no,Not on or by (20) meters of a,1
2455,2455,2455,898928,2021,Ras Al Khaimah,February,Wednesday,In the afternoon,second week,Run,Negligence and lack of attention,Ghab Street,Commercial area,Fool,Other (select),Night - Enough lighting,Other (select),No Clouds,Other (select),pedestrian,There is no passenger,Medium,28,Male,10,0,Familiar,Others,1
2456,2456,2456,898929,2021,Abu Dhabi,April,Saturday,Evening,The first week,Be shocked,Enter a major road without making sure that it is free,An internal street,Residential area,Northern Al -Yahr,Individual,Night - Enough lighting,Wicked (Bad),No Clouds,dry,driver,Driver,Medium,20,Male,40,2,There is no,Not on or by (20) meters of a,1
2457,2457,2457,898930,2021,Abu Dhabi,May,Sunday,At noon,fourth week,Deterioration,Preoccupation with the road while driving the vehicle in any way,Al Dahama Roundabout,Residential area,Raw,vertigo,day,Wicked (Bad),No Clouds,dry,driver,Driver,Medium,25,Female,100,3,There is no,vertigo,1
2458,2458,2458,898931,2021,Ras Al Khaimah,February,Saturday,At noon,The first week,Run,Negligence and lack of attention,Ear Street,Residential area,Ear,Other (select),day,Wicked (Bad),No Clouds,earthy,pedestrian,There is no passenger,Medium,3,Male,10,0,He crosses not on transit lines,Not on or by (20) meters of a,1
2459,2459,2459,898932,2021,Abu Dhabi,January,Tuesday,Before noon,the third week,Shock,Preoccupation with the road while driving the vehicle in any way,Tarif road,External road,Al Dhafra Air Force Base,public road,day,Wicked (Bad),No Clouds,Foundation,passenger,Rapid in the back seat,Medium,34,Male,80,5,There is no,Not on or by (20) meters of a,1
2460,2460,2460,898933,2021,Abu Dhabi,February,Saturday,Evening,the third week,Be shocked,Not to make the road / not to give the brigades,An internal street,Residential area,full,vertigo,day,Wicked (Bad),No Clouds,dry,passenger,Rapid in the back seat,Medium,25,Female,60,3,There is no,vertigo,1
2461,2461,2461,898934,2021,Ajman,July,Friday,Before noon,fourth week,Be shocked,Not leaving enough distance,Sheikh Mohammed bin Zayed Street,External road,Moueta,Double road,Night - Enough lighting,Wicked (Bad),No Clouds,dry,driver,Driver,Eloquent,37,Male,120,0,There is no,Not on or by (20) meters of a,1
2462,2462,2462,898935,2021,Abu Dhabi,August,Thursday,Evening,the third week,Deterioration,Not adhering to the mandatory itinerary,There is no definition,Agricultural area,There is no definition of regions,Individual,Night - without lighting,Wicked (Bad),No Clouds,dry,passenger,A passenger in the front seat,Eloquent,42,Male,40,1,There is no,Not on or by (20) meters of a,1
2463,2463,2463,898936,2021,Sharjah,February,Friday,In the afternoon,second week,Cross -100,Negligence and lack of attention,Sheikh Mohammed bin Zayed Street,Sandy area,Hamriyah,Other (select),day,Wicked (Bad),No Clouds,Sand,driver,Bike,Eloquent,24,Male,10,1,There is no,Not on or by (20) meters of a,1
2464,2464,2464,898937,2021,Abu Dhabi,November,Tuesday,Evening,the third week,Deterioration,Sudden deviation,Zayed First Street,Governmental,Falaj Hazaa,public road,Night - Enough lighting,Wicked (Bad),No Clouds,dry,driver,Bike,Eloquent,27,Male,100,3,There is no,Not at intersection,1
2465,2465,2465,898938,2021,Ras Al Khaimah,September,Saturday,At noon,second week,Shock,Preoccupation with the road while driving the vehicle in any way,Al Ras area,Residential area,Whisper,public road,day,Wicked (Bad),No Clouds,Temple,driver,Driver,Eloquent,15,Male,40,2,There is no,Not on or by (20) meters of a,1
2466,2466,2466,898939,2021,Abu Dhabi,November,Thursday,At noon,The first week,Be shocked,Not adhering to the mandatory itinerary,Al -Hir Street - Al -Shweib,External road,Hayer,public road,day,Wicked (Bad),No Clouds,Temple,passenger,Rapid in the back seat,Eloquent,44,Male,120,2,There is no,Not at intersection,1
2467,2467,2467,898940,2021,Ras Al Khaimah,July,Thursday,In the afternoon,the third week,Run,Preoccupation with the road while driving the vehicle in any way,Al -Falaiya Street,Commercial area,Atmosphere,public road,Night - Enough lighting,Wicked (Bad),No Clouds,Temple,pedestrian,There is no passenger,Eloquent,33,Female,100,2,He crosses not on transit lines,Not on or by (20) meters of a,1
2468,2468,2468,898941,2021,Fujairah,April,Monday,Before noon,fourth week,Consecutive,Preoccupation with the road while driving the vehicle in any way,"Public Street, General Street",Agricultural area,Bureaux area,Other (select),Night - without lighting,Wicked (Bad),No Clouds,dry,driver,Driver,Eloquent,50,Male,50,1,There is no,Not on or by (20) meters of a,1
2469,2469,2469,898942,2021,Ras Al Khaimah,June,Tuesday,In the afternoon,The fifth week,Be shocked,Preoccupation with the road while driving the vehicle in any way,Al -Falaiya Street,Commercial area,Atmosphere,Double road,day,Wicked (Bad),No Clouds,Temple,driver,Driver,Eloquent,77,Male,100,2,There is no,Not on or by (20) meters of a,1
2470,2470,2470,898943,2021,Fujairah,May,Monday,Evening,The fifth week,Deterioration,Sudden deviation,New Truck Street,an airport,Tricks,public road,day,Wicked (Bad),No Clouds,dry,driver,Driver,Eloquent,28,Male,100,2,There is no,Not at intersection,1
2471,2471,2471,898944,2021,Ras Al Khaimah,October,Monday,In the afternoon,the third week,Shock,Preoccupation with the road while driving the vehicle in any way,Street,Residential area,Decent,Dhuatatin Road,Night - without lighting,Wicked (Bad),No Clouds,Temple,driver,Bike,Eloquent,70,Male,50,2,There is no,Vertical cross intersection,1
2472,2472,2472,898945,2021,Sharjah,March,Friday,Evening,second week,Deterioration,Speed without taking into account the road conditions,Al -Wahda Street,Residential area,The first industrial,Double road,Night - without lighting,Wicked (Bad),No Clouds,dry,driver,Driver,Eloquent,21,Male,80,3,There is no,Not on or by (20) meters of a,1
2473,2473,2473,898946,2021,Sharjah,July,Monday,Evening,fourth week,Consecutive,The lack of conditions of security and traffic safety,Sheikh Khalifa bin Zayed Street,External road,Sheikh Khalifa Al -Fujairah Road,Double road,day,Wicked (Bad),No Clouds,dry,driver,Driver,Eloquent,51,Male,100,3,There is no,Not at intersection,1
2474,2474,2474,898947,2021,Sharjah,January,Monday,Evening,the third week,Deterioration,Sudden deviation,New Truck Street,Sandy area,Aldhid area sub -streets,Other (select),Night - Enough lighting,Wicked (Bad),No Clouds,dry,driver,Driver,Eloquent,48,Male,40,2,There is no,Not at intersection,1
2475,2475,2475,898948,2021,Fujairah,February,Sunday,In the afternoon,fourth week,Be shocked,Preoccupation with the road while driving the vehicle in any way,Sheikh Zayed bin Sultan Al Nahyan Street,School,Dibba Al -Fajr area / against us,Double road,Night - Enough lighting,Wicked (Bad),No Clouds,dry,driver,Driver,Eloquent,52,Male,80,2,There is no,Not on or by (20) meters of a,1
2476,2476,2476,898949,2021,Abu Dhabi,October,Tuesday,In the afternoon,second week,Shock,Preoccupation with the road while driving the vehicle using the phone,Zayed City Street (New),External road,Zayed City,Individual,day,Wicked (Bad),No Clouds,dry,driver,Driver,Eloquent,34,Male,140,2,There is no,Not at intersection,1
2477,2477,2477,898950,2021,Abu Dhabi,Dec,Monday,At noon,fourth week,Run,Return back without making sure that the road is free,Al -Mafraq Al -Shawamik Street,Residential area,Bani Yas (West),Individual,day,Wicked (Bad),No Clouds,dry,pedestrian,There is no passenger,Eloquent,2,Female,40,1,There is no,Not on or by (20) meters of a,1
2478,2478,2478,898951,2021,Abu Dhabi,November,Saturday,Evening,the third week,A fixed body was shocked outside the road,Preoccupation with the road while driving the vehicle in any way,Toward,Residential area,Tall,vertigo,Night - Enough lighting,Wicked (Bad),No Clouds,dry,driver,Driver,Eloquent,48,Female,100,3,There is no,vertigo,1
2479,2479,2479,898952,2021,Fujairah,February,Thursday,Evening,the third week,Run,Negligence and lack of attention,Hala Street,Petrol station,Dibba Al -Fujairah / Hala,Dhuatatin Road,Night - Enough lighting,Wicked (Bad),No Clouds,Temple,pedestrian,There is no passenger,Eloquent,42,Male,100,2,There is no,Not on or by (20) meters of a,1
2480,2480,2480,898953,2021,Abu Dhabi,April,Sunday,Before noon,fourth week,Shock,Not leaving enough distance,General Street (Abu Dhabi - Commodities),Petrol station,Ruwais,Double road,day,Wicked (Bad),No Clouds,dry,driver,Driver,Eloquent,44,Male,80,3,There is no,Not at intersection,1
2481,2481,2481,898954,2021,Sharjah,May,Monday,Evening,The fifth week,Run,Negligence and lack of attention,Third industrial street,Industrial area,The twelfth industrial,Double road,Night - Enough lighting,Wicked (Bad),No Clouds,dry,pedestrian,There is no passenger,Eloquent,38,Male,80,3,He crosses not on transit lines,Not on or by (20) meters of a,1
2482,2482,2482,898955,2021,Abu Dhabi,March,Wednesday,Evening,The fifth week,Shock,Negligence and lack of attention,There is no definition,Residential area,Between the two bridges,public road,day,Wicked (Bad),No Clouds,dry,driver,Driver,Eloquent,32,Male,120,4,There is no,Not at intersection,1
2483,2483,2483,898956,2021,Ras Al Khaimah,July,Friday,Evening,The fifth week,Be shocked,Preoccupation with the road while driving the vehicle in any way,Al Ras area,Residential area,Whisper,Individual,Night - without lighting,Wicked (Bad),No Clouds,dry,driver,Driver,Eloquent,71,Male,40,1,There is no,Others,1
2484,2484,2484,898957,2021,Abu Dhabi,Dec,Wednesday,In the afternoon,The fifth week,Cross -100,Overing from the right or ingredon is cautious,Tarif road,External road,Al Dhafra Air Force Base,Double road,Night - without lighting,Wicked (Bad),No Clouds,dry,driver,Driver,Eloquent,37,Male,60,2,There is no,Not on or by (20) meters of a,1
2485,2485,2485,898958,2021,Abu Dhabi,October,Thursday,Before noon,The first week,Be shocked,Overcoming the red light signal,Hamdan bin Mohammed Street (Al Ain),Commercial area,Al -Khubaisi,public road,day,Wicked (Bad),No Clouds,dry,pedestrian,There is no passenger,Eloquent,28,Female,80,3,He crosses pedestrian crossing lines,Not at intersection,1
2486,2486,2486,898959,2021,Sharjah,August,Friday,Evening,The first week,Non -moving,Negligence and lack of attention,Al Dhaid Street - from Helwan Bridge to Intersection No. One,Residential area,Khuzamiya,Bridge / tunnel,Night - Enough lighting,Wicked (Bad),No Clouds,dry,driver,Driver,Eloquent,44,Male,80,2,There is no,Not on or by (20) meters of a,1
2487,2487,2487,898960,2021,Abu Dhabi,August,Sunday,Evening,the third week,A fixed body shocked the road,Speed without taking into account the road conditions,Al -Hir Street - Al -Shweib,External road,Shuwaib,Individual,Night - Enough lighting,Wicked (Bad),No Clouds,dry,passenger,Rapid in the back seat,Eloquent,23,Male,120,2,There is no,Not at intersection,1
2488,2488,2488,898961,2021,Abu Dhabi,May,Tuesday,At noon,the third week,A fixed body shocked the road,Preoccupation with the road while driving the vehicle in any way,Cemetery,External road,The new cemetery,vertigo,day,Wicked (Bad),No Clouds,dry,driver,Driver,Eloquent,34,Male,100,3,There is no,vertigo,1
2489,2489,2489,898962,2021,Abu Dhabi,February,Friday,At noon,The first week,Run,Preoccupation with the road while driving the vehicle in any way,Nahyan First Street,Commercial area,full,Double road,day,Wicked (Bad),No Clouds,dry,pedestrian,There is no passenger,death,3,Male,80,3,He crosses not on transit lines,Not on or by (20) meters of a,1
2490,2490,2490,898963,2021,Ras Al Khaimah,June,Tuesday,Evening,The fifth week,Run,Preoccupation with the road while driving the vehicle in any way,Al -Munai’i Street,Others,Al -Munai’i,Out of the way,Night - without lighting,Wicked (Bad),No Clouds,dry,pedestrian,There is no passenger,death,29,Male,60,1,There is no,Not on or by (20) meters of a,1
2491,2491,2491,898964,2021,Sharjah,July,Monday,Evening,second week,Run,Negligence and lack of attention,Sheikh Khalid bin Khalid Al Qasimi Street,Tunnel / Bridge,Yash,Double road,Night - Enough lighting,Wicked (Bad),No Clouds,dry,pedestrian,There is no passenger,death,24,Male,80,2,There is no,Not on or by (20) meters of a,1
2492,2492,2492,898965,2021,Abu Dhabi,June,Monday,In the afternoon,fourth week,Shock,Overcoming the red light signal,Armored road,Residential area,Popularism,Intersection,day,Wicked (Bad),No Clouds,Temple,driver,Bike,death,28,Male,80,3,There is no,Multi -legs intersection,1
2493,2493,2493,898966,2021,Abu Dhabi,July,Wednesday,Evening,the third week,Deterioration,Speed without taking into account the road conditions,Umm Al -Zamoul Street,External road,All regions,Double road,Night - Enough lighting,Wicked (Bad),rainy,Foundation,driver,Driver,death,20,Male,120,2,There is no,Not at intersection,1
2494,2494,2494,898967,2021,Umm Al Quwain,April,Friday,Before noon,fourth week,Shock,Overing from the right or ingredon is cautious,Sheikh Zayed bin Sultan Al Nahyan Street,Tunnel / Bridge,Navel,Double road,Night - Enough lighting,Wicked (Bad),No Clouds,dry,passenger,A passenger in the front seat,death,17,Male,100,2,There is no,Not at intersection,1
2495,2495,2495,898968,2021,Abu Dhabi,February,Thursday,Before noon,The first week,Shock,Preoccupation with the road while driving the vehicle in any way,Al Ain Street - Dubai,Governmental,housing,Double road,day,Wicked (Bad),No Clouds,dry,passenger,A passenger in the front seat,death,37,Male,140,4,There is no,Not on or by (20) meters of a,1
2496,2496,2496,898969,2021,Umm Al Quwain,May,Wednesday,At noon,The first week,Shock,Preoccupation with the road while driving the vehicle in any way,Emirates Street,Others,Polite area,Double road,Night - Enough lighting,Wicked (Bad),No Clouds,dry,driver,Driver,death,34,Male,110,3,There is no,Not on or by (20) meters of a,1
2497,2497,2497,898970,2021,Sharjah,September,Tuesday,Before noon,second week,Shock,Not leaving enough distance,Maliha Street,Industrial area,Fifteen industrial,Double road,day,Wicked (Bad),No Clouds,dry,driver,Bike,death,29,Male,60,2,There is no,Not on or by (20) meters of a,1
2498,2498,2498,898971,2021,Abu Dhabi,March,Saturday,Evening,the third week,Deterioration,Preoccupation with the road while driving the vehicle in any way,Al Ain Street - Abuiriya,Residential area,Abu Kira,Dhuatatin Road,Night - Enough lighting,Wicked (Bad),No Clouds,dry,driver,Driver,death,21,Male,80,2,There is no,Not at intersection,1
2499,2499,2499,898972,2021,Ajman,Dec,Thursday,Evening,fourth week,Deterioration,Negligence and lack of attention,Sheikh Khalifa bin Zayed Street,Tunnel / Bridge,Naimia,Double road,Night - Enough lighting,Wicked (Bad),No Clouds,dry,driver,Bike,death,22,Male,80,0,There is no,Not on or by (20) meters of a,1
2500,2500,2500,898973,2021,Umm Al Quwain,October,Thursday,Before noon,The first week,Deterioration,Sudden deviation,Sheikh Mohammed bin Zayed Street (Umm Al Qain - Ras Al Khaimah),Tunnel / Bridge,Navel,Double road,day,Wicked (Bad),No Clouds,dry,passenger,Rapid in the back seat,death,30,Male,140,3,There is no,Not on or by (20) meters of a,1
2501,2501,2501,898974,2021,Abu Dhabi,November,Friday,Evening,fourth week,Deterioration,Speed without taking into account the road conditions,New Truck Street,External road,All regions,vertigo,Night - without lighting,Wicked (Bad),No Clouds,dry,driver,Driver,death,45,Male,80,1,There is no,vertigo,1
2502,2502,2502,898975,2021,Abu Dhabi,Dec,Monday,At noon,second week,Consecutive,Preoccupation with the road while driving the vehicle in any way,Sheikh Maktoum Bin Rashid Street,Tunnel / Bridge,The Bridge of Huma,Individual,day,The movement is suspended,No Clouds,dry,driver,Driver,death,58,Male,140,4,There is no,Not on or by (20) meters of a,1
2503,2503,2503,898976,2021,Abu Dhabi,March,Wednesday,At noon,fourth week,Run,Preoccupation with the road while driving the vehicle in any way,Truck Road (Abu Dhabi-Al Ain),Tunnel / Bridge,There is no definition of regions,Individual,day,Wicked (Bad),No Clouds,dry,pedestrian,There is no passenger,death,41,Male,80,3,He crosses not on transit lines,Not on or by (20) meters of a,1
2504,2504,2504,898977,2021,Ras Al Khaimah,October,Sunday,Evening,The fifth week,Run,Not to give priority to the infantry crossing,Mohammed bin Salem Street from the roundabout of Mohammed bin Zaid to Dolphin,Others,The Red Island,public road,Night - Enough lighting,Wicked (Bad),No Clouds,Temple,pedestrian,There is no passenger,death,49,Female,100,2,He crosses not on transit lines,Not at intersection,1
2505,2505,2505,898978,2021,Abu Dhabi,August,Sunday,Evening,The fifth week,Deterioration,Preoccupation with the road while driving the vehicle in any way,Khalifa Bin Zayed Street I,Industrial area,There is no definition of regions,Double road,Night - Enough lighting,Wicked (Bad),No Clouds,dry,driver,Driver,death,27,Male,100,3,There is no,Not at intersection,1
2506,2506,2506,898979,2021,Sharjah,Dec,Tuesday,In the afternoon,fourth week,A fixed body was shocked outside the road,Sudden deviation,Khorfakkan Road,Tunnel / Bridge,Al -Ghazir tunnel to Al -Rogh tunnel,Tunnel,Night - Enough lighting,Wicked (Bad),No Clouds,dry,passenger,Rapid in the back seat,death,3,Male,100,2,There is no,Not on or by (20) meters of a,1
2507,2507,2507,898980,2021,Ras Al Khaimah,June,Monday,Evening,the third week,Shock,Preoccupation with the road while driving the vehicle in any way,Al -Faisal Street near the agencies,Petrol station,Old Ras Al Khaimah,public road,Night - Enough lighting,Wicked (Bad),No Clouds,Temple,driver,Driver,death,20,Male,100,3,There is no,Not on or by (20) meters of a,1
2508,2508,2508,898981,2021,Umm Al Quwain,Dec,Wednesday,At noon,second week,Be shocked,Enter a major road without making sure that it is free,Sheikh Zayed bin Sultan Al Nahyan Street,hospital,Falaj Al -Mualla area,public road,day,Wicked (Bad),No Clouds,dry,driver,Bike,death,42,Male,40,2,There is no,Not on or by (20) meters of a,1
2509,2509,2509,898982,2021,Abu Dhabi,January,Sunday,Evening,The fifth week,Shock,Preoccupation with the road while driving the vehicle in any way,Umm Al -Nar Road / Shahama,External road,Rest Beach,public road,Night - Enough lighting,Wicked (Bad),No Clouds,dry,driver,Driver,death,29,Male,140,4,There is no,Not on or by (20) meters of a,1
2510,2510,2510,898983,2021,Abu Dhabi,June,Saturday,Before noon,the third week,Be shocked,Not to make the road / not to give the brigades,Sheikh Maktoum Bin Rashid Street,Tunnel / Bridge,Tolerance,Intersection,day,Wicked (Bad),No Clouds,dry,driver,Driver,death,57,Male,60,2,There is no,Vertical cross intersection,1
2511,2511,2511,898984,2021,Ras Al Khaimah,August,Friday,Evening,The first week,A fixed body shocked the road,Sudden deviation,Ceramic Street from Ceramic Circle to Exit One hundred and nineteen,Others,The Red Island,public road,Night - Enough lighting,Wicked (Bad),No Clouds,Temple,driver,Driver,death,23,Male,80,2,There is no,Not at intersection,1
2512,2512,2512,898985,2021,Abu Dhabi,August,Monday,At noon,fourth week,Shock,Preoccupation with the road while driving the vehicle in any way,Sheikh Maktoum Bin Rashid Street,External road,There is no definition of regions,public road,day,Wicked (Bad),No Clouds,dry,driver,Driver,death,36,Male,120,3,There is no,Not on or by (20) meters of a,1
2513,2513,2513,898986,2021,Abu Dhabi,October,Sunday,In the afternoon,The fifth week,Shock,Preoccupation with the road while driving the vehicle in any way,Sweihan Road,Tunnel / Bridge,The farmer,Double road,Night - Enough lighting,Wicked (Bad),No Clouds,dry,passenger,A passenger in the front seat,death,15,Male,140,4,There is no,Not on or by (20) meters of a,1
2514,2514,2514,898987,2021,Abu Dhabi,July,Saturday,Evening,The fifth week,A fixed body shocked the road,Driving the vehicle under the influence of alcohol,Arabian Gulf Street(Thirty),Governmental,Bridge bridge,Double road,Night - Enough lighting,Wicked (Bad),No Clouds,dry,driver,Driver,death,22,Male,120,4,There is no,Not on or by (20) meters of a,1
2515,2515,2515,898988,2021,Abu Dhabi,July,Thursday,Evening,The first week,Shocked,The separation of one of the wheels while walking,Sheikh Mohammed bin Rashid Al Maktoum Street,External road,-,Individual,Night - Enough lighting,Barrier,No Clouds,dry,driver,Driver,death,29,Male,140,4,There is no,Not on or by (20) meters of a,1
2516,2516,2516,898989,2021,Sharjah,Dec,Saturday,Evening,fourth week,Consecutive,Preoccupation with the road while driving the vehicle in any way,Maliha Street,External road,Sword,Double road,Night - Enough lighting,Wicked (Bad),No Clouds,dry,driver,Driver,death,21,Male,120,3,There is no,Not on or by (20) meters of a,1
2517,2517,2517,898990,2021,Abu Dhabi,Dec,Monday,In the afternoon,fourth week,Consecutive,Preoccupation with the road while driving the vehicle in any way,Sheikh Maktoum Bin Rashid Street,External road,There is no definition of regions,public road,Night - Enough lighting,crowded,No Clouds,dry,driver,Driver,death,55,Male,140,4,There is no,Not on or by (20) meters of a,1
2518,2518,2518,898991,2021,Ras Al Khaimah,August,Monday,Evening,The fifth week,Consecutive,Not leaving enough distance,Emirates Al Saadi Street,hospital,The Red Island,public road,Night - Enough lighting,Wicked (Bad),No Clouds,Temple,driver,Driver,death,46,Male,100,2,There is no,Not at intersection,1
2519,2519,2519,898992,2021,Abu Dhabi,February,Monday,Evening,The first week,Shock,Preoccupation with the road while driving the vehicle in any way,General Street (Abu Dhabi - Commodities),Governmental,Funny,public road,Night - Enough lighting,Wicked (Bad),No Clouds,dry,driver,Driver,death,39,Male,160,4,There is no,Not at intersection,1
2520,2520,2520,898993,2021,Umm Al Quwain,Dec,Sunday,Evening,second week,Shock,Not leaving enough distance,Sheikh Mohammed bin Zayed Street (Umm Al Qain - Ras Al Khaimah),External road,Navel,Double road,Night - Enough lighting,crowded,No Clouds,dry,driver,Driver,death,24,Male,120,3,There is no,Not on or by (20) meters of a,1
2521,2521,2521,898994,2021,Ajman,January,Saturday,Before noon,the third week,Run,Driving a vehicle in a way that puts his life or the lives of others at risk,unknown,hospital,Rashidiya,Individual,day,Wicked (Bad),No Clouds,dry,pedestrian,There is no passenger,death,46,Female,40,1,There is no,Not on or by (20) meters of a,1
2522,2522,2522,898995,2021,Abu Dhabi,September,Friday,In the afternoon,The first week,A fixed body shocked the road,Preoccupation with the road while driving the vehicle in any way,Road Road Road,External road,There is no definition of regions,public road,Night - Enough lighting,Wicked (Bad),No Clouds,dry,driver,Driver,death,32,Male,120,3,There is no,Not on or by (20) meters of a,1
2523,2523,2523,898996,2021,Abu Dhabi,November,Friday,At noon,the third week,Shock,Overcoming the red light signal,Sultan Bin Zayed the First Street (Thirty Two),Governmental,There is no definition of regions,Intersection,day,Wicked (Bad),No Clouds,dry,passenger,A passenger in the front seat,Simple,30,Female,80,4,There is no,Vertical cross intersection,1
2524,2524,2524,898997,2021,Abu Dhabi,June,Wednesday,At noon,The first week,Shock,Failure to adhere to traffic signs,El-Shikh Zayed street,Residential area,There is no definition of regions,public road,day,Wicked (Bad),No Clouds,dry,driver,Driver,Simple,42,Male,120,4,There is no,Not at intersection,1
2525,2525,2525,898998,2021,Ras Al Khaimah,February,Tuesday,In the afternoon,second week,Be shocked,Enter a major road without making sure that it is free,Mohammed bin Salem Street from the roundabout of Mohammed bin Zaid to Dolphin,Others,The Red Island,Other (select),day,Wicked (Bad),No Clouds,Temple,driver,Bike,Simple,23,Male,100,2,There is no,Hole,1
2526,2526,2526,898999,2021,Sharjah,May,Friday,At noon,fourth week,Non -moving,Negligence and lack of attention,Sharjah Ring Street,Governmental,The red patch,Double road,day,Wicked (Bad),No Clouds,dry,driver,Driver,Simple,22,Male,100,3,There is no,Not on or by (20) meters of a,1
2527,2527,2527,899000,2021,Sharjah,August,Friday,Evening,the third week,Deterioration,Sudden deviation,Hamriyah,Residential area,Hamriyah,Individual,day,Wicked (Bad),No Clouds,Sand,passenger,Rapid in the back seat,Simple,22,Male,40,1,There is no,Others,1
2528,2528,2528,899001,2021,Abu Dhabi,August,Tuesday,Evening,second week,Run,Not to give priority to the infantry crossing,An internal street,Commercial area,City center,Individual,day,Wicked (Bad),No Clouds,dry,pedestrian,There is no passenger,Simple,61,Male,40,2,He crosses not on transit lines,Not at intersection,1
2529,2529,2529,899002,2021,Sharjah,November,Sunday,Before noon,second week,Consecutive,Not leaving enough distance,Sharjah Ring Street,Petrol station,Holding,Double road,day,Wicked (Bad),No Clouds,dry,driver,Driver,Simple,39,Male,100,3,There is no,Not on or by (20) meters of a,1
2530,2530,2530,899003,2021,Abu Dhabi,November,Wednesday,Evening,second week,Consecutive,Not leaving enough distance,Arabian Gulf Street(Thirty),Commercial area,There is no definition of regions,public road,Night - Enough lighting,Wicked (Bad),No Clouds,dry,passenger,A passenger in the front seat,Simple,32,Male,100,4,There is no,Not on or by (20) meters of a,1
2531,2531,2531,899004,2021,Sharjah,February,Thursday,Before noon,fourth week,Shock,Preoccupation with the road while driving the vehicle in any way,Hospital roundabout,hospital,Yarmouk,public road,day,Wicked (Bad),No Clouds,dry,passenger,Rapid in the back seat,Simple,25,Male,80,2,There is no,vertigo,1
2532,2532,2532,899005,2021,Abu Dhabi,October,Friday,Evening,second week,A fixed body was shocked outside the road,Driving the vehicle under the influence of alcohol,Khalifa Bin Zayed Street,Tunnel / Bridge,Salamat,public road,Night - Enough lighting,Wicked (Bad),No Clouds,dry,passenger,A passenger in the front seat,Simple,22,Male,100,1,There is no,Not on or by (20) meters of a,1
2533,2533,2533,899006,2021,Umm Al Quwain,January,Wednesday,At noon,second week,Be shocked,Enter a major road without making sure that it is free,Market Street,Residential area,Old country area,Intersection,day,Wicked (Bad),No Clouds,dry,passenger,Rapid in the back seat,Simple,26,Male,20,1,There is no,Vertical cross intersection,1
2534,2534,2534,899007,2021,Abu Dhabi,March,Monday,At noon,The first week,Be shocked,Not adhering to the mandatory itinerary,Truck Street,Industrial area,Bare,vertigo,day,Wicked (Bad),No Clouds,dry,passenger,A passenger in the front seat,Simple,37,Male,120,3,There is no,vertigo,1
2535,2535,2535,899008,2021,Ras Al Khaimah,April,Sunday,Before noon,the third week,A fixed body was shocked outside the road,Preoccupation with the road while driving the vehicle in any way,Khuzam Street,Commercial area,Lap,public road,day,Wicked (Bad),No Clouds,Temple,passenger,A passenger in the front seat,Simple,21,Male,80,3,There is no,Not on or by (20) meters of a,1
2536,2536,2536,899009,2021,Ras Al Khaimah,January,Wednesday,Before noon,fourth week,Be shocked,Negligence and lack of attention,Dqaladah Street,Governmental,Stagnation,public road,day,Wicked (Bad),No Clouds,Temple,passenger,A passenger in the front seat,Simple,53,Male,80,2,There is no,Hole,1