,Unnamed: 0.1,Unnamed: 0,Fake ID,Year,City,Month,Day,Time,Week,Type Of Accident,Reasons,Street,Place,Area,Location,Lighting,Road Condition,Weather Condition,Road surface,Lay injured,Injured seat,Degree of injury,Age of the injured,The person's gender,Speed of the road,Number of tracks,Pedestrian behavior,Intersection,Total
2537,2537,2537,899010,2021,Abu Dhabi,September,Wednesday,In the afternoon,fourth week,Shock,Negligence and lack of attention,Baynunah Street(Thirty Four),Residential area,Ventricle,public road,Night - Enough lighting,Wicked (Bad),No Clouds,dry,driver,Driver,Simple,30,Male,80,3,There is no,Not at intersection,1
2538,2538,2538,899011,2021,Abu Dhabi,September,Saturday,At noon,The first week,Shock,Not adhering to the mandatory itinerary,Sultan Bin Zayed the First Street (Thirty Two),Petrol station,There is no definition of regions,public road,day,Wicked (Bad),No Clouds,dry,driver,Bike,Simple,25,Male,100,3,There is no,Not at intersection,1
2539,2539,2539,899012,2021,Abu Dhabi,October,Wednesday,At noon,The first week,Shock,Not leaving enough distance,Abu Dhabi Road - Al Ain,External road,Bani Yas (East),Individual,day,Wicked (Bad),No Clouds,dry,passenger,A passenger in the front seat,Simple,14,Male,40,1,There is no,Not on or by (20) meters of a,1
2540,2540,2540,899013,2021,Sharjah,Dec,Tuesday,In the afternoon,fourth week,A fixed body was shocked outside the road,Sudden deviation,Khorfakkan Road,Tunnel / Bridge,Al -Ghazir tunnel to Al -Rogh tunnel,Tunnel,Night - Enough lighting,Wicked (Bad),No Clouds,dry,driver,Driver,Simple,24,Male,100,2,There is no,Not on or by (20) meters of a,1
2541,2541,2541,899014,2021,Abu Dhabi,October,Sunday,Before noon,fourth week,Shock,Not leaving enough distance,Rashid between Sayed Al Maktoum Street (Tah),Others,There is no definition of regions,public road,day,Wicked (Bad),No Clouds,dry,passenger,Rapid in the back seat,Simple,32,Female,80,4,There is no,Not on or by (20) meters of a,1
2542,2542,2542,899015,2021,Abu Dhabi,April,Friday,Evening,the third week,Shock,Not leaving enough distance,Shakhboot Bin Sultan Street,Residential area,City center,public road,Night - Enough lighting,Wicked (Bad),No Clouds,dry,passenger,Rapid in the back seat,Simple,2,Female,80,3,There is no,Not at intersection,1
2543,2543,2543,899016,2021,Ras Al Khaimah,May,Saturday,Evening,second week,Deterioration,Preoccupation with the road while driving the vehicle in any way,Southern Al -Dhait Street near the Zayed Center,Mosque,Southern,public road,Night - Enough lighting,Wicked (Bad),No Clouds,Temple,driver,Driver,Simple,26,Male,60,2,There is no,Not at intersection,1
2544,2544,2544,899017,2021,Abu Dhabi,June,Sunday,Evening,the third week,Be shocked,Overcoming the red light signal,Intersection of the Arabian Gulf - Al Saada,garden,Supervisor,Intersection,day,Wicked (Bad),No Clouds,dry,passenger,Rapid in the back seat,Simple,25,Male,100,4,There is no,Not on or by (20) meters of a,1
2545,2545,2545,899018,2021,Abu Dhabi,Dec,Wednesday,Evening,the third week,Shock,Overcoming the red light signal - the arrow signal,Sultan Bin Zayed the First Street (Thirty Two),Residential area,There is no definition of regions,Intersection,Night - Enough lighting,Wicked (Bad),No Clouds,dry,driver,Driver,Simple,52,Male,80,4,There is no,Vertical cross intersection,1
2546,2546,2546,899019,2021,Abu Dhabi,April,Thursday,Evening,fourth week,Shock,Not to make the road / not to give the brigades,Abu Dhabi Road - Al Ain,Residential area,Mohammed bin Zayed City,Intersection,Night - Enough lighting,Other (select),No Clouds,Non -temple,driver,Driver,Simple,38,Female,60,2,There is no,Vertical cross intersection,1
2547,2547,2547,899020,2021,Abu Dhabi,October,Saturday,Before noon,fourth week,A fixed body was shocked outside the road,Not adhering to the mandatory itinerary,Mina Street(Three),Commercial area,The port,Individual,day,Wicked (Bad),No Clouds,dry,driver,Driver,Simple,35,Male,60,2,There is no,Not at intersection,1
2548,2548,2548,899021,2021,Abu Dhabi,October,Sunday,At noon,the third week,Shock,Overcoming the red light signal,Hazaa Bin Zayed the First Street(Eleven),Commercial area,Reem Island,Intersection,day,Wicked (Bad),No Clouds,dry,driver,Bike,Simple,24,Male,80,3,There is no,Vertical cross intersection,1
2549,2549,2549,899022,2021,Sharjah,March,Monday,At noon,the third week,Shock,Enter a major road without making sure that it is free,Fountain roundabout,Commercial area,Fountain roundabout,public road,day,Wicked (Bad),No Clouds,dry,driver,Driver,Simple,25,Male,40,2,There is no,Not on or by (20) meters of a,1
2550,2550,2550,899023,2021,Fujairah,April,Tuesday,Before noon,fourth week,Shock,Enter a major road without making sure that it is free,Industrial Roundabout - Dibba,Industrial area,Dibba Fujairah / Industrial District,Individual,day,Wicked (Bad),No Clouds,Temple,driver,Driver,Simple,39,Male,40,1,There is no,Not at intersection,1
2551,2551,2551,899024,2021,Ajman,February,Tuesday,In the afternoon,The first week,Be shocked,Enter a major road without making sure that it is free,El-Shikh Zayed street,Residential area,Halio,Intersection,day,Wicked (Bad),No Clouds,dry,driver,Driver,Simple,28,Male,40,0,There is no,Vertical cross intersection,1
2552,2552,2552,899025,2021,Abu Dhabi,April,Tuesday,In the afternoon,The first week,Be shocked,Enter a major road without making sure that it is free,Al -Ghail roundabout,Residential area,Al -Mijiei,vertigo,day,Wicked (Bad),No Clouds,dry,driver,Driver,Simple,31,Male,80,3,There is no,vertigo,1
2553,2553,2553,899026,2021,Sharjah,January,Saturday,At noon,The first week,Deterioration,Not adhering to the mandatory itinerary,Al Saf Street,Residential area,Ghil,public road,day,Wicked (Bad),No Clouds,dry,driver,Bike,Simple,47,Male,60,2,There is no,Not on or by (20) meters of a,1
2554,2554,2554,899027,2021,Sharjah,May,Friday,Before noon,fourth week,Shock,Preoccupation with the road while driving the vehicle in any way,Maliha Street,Residential area,Mud,Double road,Night - Enough lighting,Wicked (Bad),No Clouds,dry,driver,Driver,Simple,30,Male,80,2,There is no,Hole,1
2555,2555,2555,899028,2021,Abu Dhabi,July,Thursday,Evening,The fifth week,Run,Preoccupation with the road while driving the vehicle in any way,Ghiasi Shari,Residential area,Ghiasi,Individual,Night - without lighting,Wicked (Bad),No Clouds,dry,pedestrian,There is no passenger,Simple,45,Male,30,2,He crosses not on transit lines,Not on or by (20) meters of a,1
2556,2556,2556,899029,2021,Abu Dhabi,November,Tuesday,In the afternoon,The first week,Shock,Preoccupation with the road while driving the vehicle in any way,Missing,Residential area,The city of Shakhbout,Individual,Night - Enough lighting,Wicked (Bad),No Clouds,dry,pedestrian,There is no passenger,Simple,3,Male,60,2,There is no,Not on or by (20) meters of a,1
2557,2557,2557,899030,2021,Abu Dhabi,February,Monday,In the afternoon,the third week,Be shocked,Not adhering to the mandatory itinerary,Delma Street(Thirteen),Commercial area,There is no definition of regions,Dhuatatin Road,Night - Enough lighting,Wicked (Bad),No Clouds,dry,driver,Driver,Simple,35,Male,40,2,There is no,Not at intersection,1
2558,2558,2558,899031,2021,Abu Dhabi,June,Sunday,Evening,the third week,Be shocked,Overcoming the red light signal,Intersection of the Arabian Gulf - Al Saada,garden,Supervisor,Intersection,day,Wicked (Bad),No Clouds,dry,passenger,Rapid in the back seat,Simple,31,Male,100,4,There is no,Not on or by (20) meters of a,1
2559,2559,2559,899032,2021,Fujairah,September,Saturday,In the afternoon,the third week,Be shocked,Sudden deviation,Sheikh Khalifa bin Zayed Street - Al -Farfar,Mountainous area,Alfrafar area,public road,Night - Enough lighting,Wicked (Bad),No Clouds,Temple,driver,Driver,Simple,28,Male,140,3,There is no,Not on or by (20) meters of a,1
2560,2560,2560,899033,2021,Sharjah,November,Tuesday,Before noon,fourth week,Shock,Enter a major road without making sure that it is free,Sheikh Majid bin Saqr Al Qasimi Street,School,Garage,Individual,day,Wicked (Bad),No Clouds,dry,driver,Driver,Simple,37,Male,40,2,There is no,Not on or by (20) meters of a,1
2561,2561,2561,899034,2021,Abu Dhabi,July,Monday,Evening,The first week,Be shocked,Driving without a driver's license at all,An internal street,Residential area,More,Double road,Night - Enough lighting,Wicked (Bad),No Clouds,dry,passenger,Bike,Simple,39,Male,40,2,There is no,A meeting of half -vertical roads,1
2562,2562,2562,899035,2021,Abu Dhabi,July,Thursday,In the afternoon,The first week,A fixed body shocked the road,Preoccupation with the road while driving the vehicle in any way,Abu Dhabi Road - Al Ain,External road,the seal,Double road,day,Wicked (Bad),No Clouds,dry,passenger,A passenger in the front seat,Simple,35,Female,160,3,There is no,Not on or by (20) meters of a,1
2563,2563,2563,899036,2021,Sharjah,September,Wednesday,In the afternoon,the third week,Be shocked,Preoccupation with the road while driving the vehicle in any way,Sheikh Abdullah bin Sultan Al Qasimi Street,Others,Drama,Double road,day,Wicked (Bad),No Clouds,dry,driver,Bike,Simple,32,Male,80,2,There is no,Not on or by (20) meters of a,1
2564,2564,2564,899037,2021,Ras Al Khaimah,June,Thursday,In the afternoon,fourth week,Be shocked,Enter a major road without making sure that it is free,Mohammed bin Salem Street near the Arab port,Coastal area,The Red Island,Double road,Night - Enough lighting,Wicked (Bad),No Clouds,Temple,driver,Bike,Simple,29,Male,100,2,There is no,Hole,1
2565,2565,2565,899038,2021,Sharjah,May,Saturday,Before noon,The fifth week,Run,Not securing the vehicle's stability while standing,Al -Zubair Street,Others,The popularity of Zubair,Out of the way,day,The movement is suspended,No Clouds,dry,pedestrian,There is no passenger,Simple,46,Male,20,1,Familiar,Others,1
2566,2566,2566,899039,2021,Abu Dhabi,Dec,Friday,Evening,The fifth week,Be shocked,Not to make the road / not to give the brigades,Rashid between Sayed Al Maktoum Street (Tah),Commercial area,Supervisor,public road,Night - Enough lighting,Wicked (Bad),No Clouds,dry,passenger,Rapid in the back seat,Simple,4,Male,80,3,There is no,Not at intersection,1
2567,2567,2567,899040,2021,Ras Al Khaimah,March,Saturday,At noon,fourth week,Consecutive,Enter a major road without making sure that it is free,Amman Street,Mosque,Palm,public road,day,Wicked (Bad),No Clouds,Temple,driver,Driver,Simple,27,Male,60,3,There is no,Not on or by (20) meters of a,1
2568,2568,2568,899041,2021,Sharjah,Dec,Tuesday,In the afternoon,fourth week,A fixed body was shocked outside the road,Sudden deviation,Khorfakkan Road,Tunnel / Bridge,Al -Ghazir tunnel to Al -Rogh tunnel,Tunnel,Night - Enough lighting,Wicked (Bad),No Clouds,dry,passenger,A passenger in the front seat,Simple,1,Female,100,2,There is no,Not on or by (20) meters of a,1
2569,2569,2569,899042,2021,Sharjah,May,Friday,Evening,second week,Deterioration,Sudden deviation,Khorfakkan Road,Tunnel / Bridge,Al -Saqq tunnel to the square tunnel,public road,Night - Enough lighting,Wicked (Bad),No Clouds,dry,passenger,A passenger in the front seat,Simple,34,Male,100,2,There is no,Not on or by (20) meters of a,1
2570,2570,2570,899043,2021,Sharjah,October,Monday,Evening,second week,Be shocked,Sudden deviation,Sheikh Mohammed bin Zayed Street,Residential area,The red patch,Double road,Night - Enough lighting,Wicked (Bad),No Clouds,dry,passenger,A passenger in the front seat,Simple,23,Male,120,3,There is no,Not on or by (20) meters of a,1
2571,2571,2571,899044,2021,Abu Dhabi,September,Wednesday,Before noon,the third week,Shock,Enter a major road without making sure that it is free,Hamdan Bin Mohammed Street(Five),hospital,There is no definition of regions,public road,day,Wicked (Bad),No Clouds,dry,driver,Driver,Simple,28,Male,60,3,There is no,Not at intersection,1
2572,2572,2572,899045,2021,Abu Dhabi,November,Thursday,Evening,second week,Shock,Preoccupation with the road while driving the vehicle in any way,Rashid between Sayed Al Maktoum - Muhammad Ben Khalifa Intecket,Commercial area,dignity,Intersection,Night - Enough lighting,Wicked (Bad),No Clouds,dry,driver,Bike,Simple,42,Male,80,4,There is no,Vertical cross intersection,1
2573,2573,2573,899046,2021,Sharjah,May,Friday,Before noon,second week,Deterioration,Negligence and lack of attention,Wasit Square,Tunnel / Bridge,Khuzamiya,Bridge / tunnel,day,Wicked (Bad),No Clouds,dry,driver,Driver,Simple,24,Male,80,2,There is no,Not at intersection,1
2574,2574,2574,899047,2021,Abu Dhabi,February,Saturday,Evening,The first week,Shock,Not leaving enough distance,Bani Yas Street,Commercial area,Al Masoudi,Double road,Night - Enough lighting,Wicked (Bad),No Clouds,dry,passenger,Rapid in the back seat,Simple,4,Female,80,3,There is no,Not at intersection,1
2575,2575,2575,899048,2021,Ajman,October,Friday,Evening,the third week,Be shocked,Not to make the road / not to give the brigades,unknown,Commercial area,Zawraa,Double road,Night - Enough lighting,Wicked (Bad),No Clouds,dry,driver,Driver,Simple,29,Female,60,0,There is no,Not on or by (20) meters of a,1
2576,2576,2576,899049,2021,Abu Dhabi,November,Thursday,In the afternoon,The first week,A fixed body shocked the road,Disadvantages on the road (select),Arabian Gulf Street(Thirty),Tunnel / Bridge,Bridge,Double road,Night - Enough lighting,Barrier,No Clouds,dry,driver,Driver,Simple,23,Male,60,2,There is no,Not on or by (20) meters of a,1
2577,2577,2577,899050,2021,Abu Dhabi,April,Saturday,At noon,second week,Shock,Overcoming the red light signal - the arrow signal,Rashid between Sayed Al Maktoum Street (Tah),Commercial area,the airport,Intersection,day,Wicked (Bad),No Clouds,dry,driver,Driver,Simple,82,Male,80,4,There is no,Vertical cross intersection,1
2578,2578,2578,899051,2021,Abu Dhabi,January,Sunday,Evening,the third week,Run,Preoccupation with the road while driving the vehicle in any way,Abu Dhabi Road - Al Ain,Residential area,Bani Yas (East),Double road,Night - Enough lighting,Wicked (Bad),No Clouds,dry,pedestrian,There is no passenger,Simple,26,Female,80,3,He crosses pedestrian crossing lines,Not on or by (20) meters of a,1
2579,2579,2579,899052,2021,Ajman,March,Saturday,Before noon,The first week,Shock,Not leaving enough distance,El-Shikh Zayed street,Commercial area,Cliff,Double road,Night - Enough lighting,Wicked (Bad),No Clouds,dry,driver,Driver,Simple,46,Female,80,0,There is no,Not on or by (20) meters of a,1
2580,2580,2580,899053,2021,Abu Dhabi,Dec,Thursday,At noon,The fifth week,Cross -100,Negligence and lack of attention,IPThirtySix Peace Junction - Farmer,Residential area,Zayed City (Abu Dhabi),Intersection,day,Wicked (Bad),No Clouds,dry,driver,Bike,Simple,29,Male,80,4,There is no,Vertical cross intersection,1
2581,2581,2581,899054,2021,Abu Dhabi,January,Thursday,Evening,The first week,Shock,Fatigue and drowsiness,Abu Dhabi Road - Al Ain,Tunnel / Bridge,Perfection,Individual,Night - Enough lighting,Wicked (Bad),No Clouds,dry,passenger,A passenger in the front seat,Simple,40,Male,160,3,There is no,Not on or by (20) meters of a,1
2582,2582,2582,899055,2021,Ras Al Khaimah,February,Monday,Before noon,second week,Run,Driving under the influence of intoxicant or anesthetic,Al -Jazeera Al -Hamra area,Residential area,The Red Island,Individual,Night - without lighting,Wicked (Bad),No Clouds,Temple,pedestrian,There is no passenger,Simple,30,Male,40,2,Familiar,Not at intersection,1
2583,2583,2583,899056,2021,Abu Dhabi,Dec,Monday,At noon,The first week,Be shocked,Exaggeration in a place where transgression is forbidden,Rashid between Sayed Al Maktoum Street (Tah),School,Supervisor,Intersection,day,Wicked (Bad),No Clouds,dry,driver,Bike,Simple,29,Male,40,2,There is no,Vertical cross intersection,1
2584,2584,2584,899057,2021,Abu Dhabi,June,Sunday,Evening,the third week,Be shocked,Overcoming the red light signal,Intersection of the Arabian Gulf - Al Saada,garden,Supervisor,Intersection,day,Wicked (Bad),No Clouds,dry,passenger,Rapid in the back seat,Simple,27,Male,100,4,There is no,Not on or by (20) meters of a,1
2585,2585,2585,899058,2021,Ras Al Khaimah,March,Sunday,In the afternoon,the third week,Deterioration,Sudden deviation,Emirates Street Transit Street,Sandy area,Stagnation,public road,day,Barrier,dusty,Other (select),driver,Driver,Simple,25,Male,120,3,There is no,Not at intersection,1
2586,2586,2586,899059,2021,Abu Dhabi,September,Saturday,At noon,second week,Run,Negligence and lack of attention,Arabian Gulf Street(Thirty),Residential area,There is no definition of regions,public road,day,Wicked (Bad),No Clouds,dry,driver,Driver,Simple,51,Male,60,2,There is no,Not at intersection,1
2587,2587,2587,899060,2021,Abu Dhabi,May,Thursday,At noon,second week,Cross -100,Not adhering to the mandatory itinerary,An internal street,Residential area,Fold,Dhuatatin Road,day,curve,No Clouds,dry,driver,Driver,Simple,27,Female,40,2,There is no,Not at intersection,1
2588,2588,2588,899061,2021,Sharjah,November,Friday,Evening,fourth week,Deterioration,Sudden deviation,Al Hamriyah Street,Commercial area,Hamriyah,Double road,Night - without lighting,Wicked (Bad),No Clouds,dry,driver,Driver,Simple,27,Male,100,2,There is no,Not on or by (20) meters of a,1
2589,2589,2589,899062,2021,Abu Dhabi,June,Sunday,Evening,the third week,Be shocked,Overcoming the red light signal,Intersection of the Arabian Gulf - Al Saada,garden,Supervisor,Intersection,day,Wicked (Bad),No Clouds,dry,passenger,Rapid in the back seat,Simple,22,Male,100,4,There is no,Not on or by (20) meters of a,1
2590,2590,2590,899063,2021,Abu Dhabi,November,Sunday,Before noon,second week,Shock,Not leaving enough distance,Sheikh Khalifa Bridge,Tunnel / Bridge,Sa'adiat Island,bridge,day,Wicked (Bad),No Clouds,dry,passenger,A passenger in the front seat,Simple,31,Male,100,4,There is no,Not at intersection,1
2591,2591,2591,899064,2021,Abu Dhabi,Dec,Friday,Evening,The fifth week,Shock,Driving the vehicle under the influence of narcotic substances or mental effects or,Al -Mafraq Al -Shawamik Street,Tunnel / Bridge,There is no definition of regions,Double road,Night - Enough lighting,Wicked (Bad),No Clouds,Temple,passenger,A passenger in the front seat,Simple,29,Female,140,3,There is no,Not on or by (20) meters of a,1
2592,2592,2592,899065,2021,Umm Al Quwain,February,Thursday,Before noon,second week,Deterioration,Preoccupation with the road while driving the vehicle in any way,Sheikh Mohammed bin Zayed Street (Umm Al Qain - Ras Al Khaimah),Petrol station,Navel,Double road,day,Wicked (Bad),No Clouds,dry,passenger,A passenger in the front seat,Simple,37,Male,120,3,There is no,Not on or by (20) meters of a,1
2593,2593,2593,899066,2021,Abu Dhabi,November,Thursday,At noon,the third week,Shock,Not leaving enough distance,Banias Street (Al Najd) (Sex),Commercial area,Zayed City (Abu Dhabi),Individual,day,Wicked (Bad),No Clouds,dry,passenger,Rapid in the back seat,Simple,34,Female,80,4,There is no,Not on or by (20) meters of a,1
2594,2594,2594,899067,2021,Abu Dhabi,Dec,Wednesday,Evening,fourth week,Be shocked,Sudden deviation,Sweihan Road,Tunnel / Bridge,Sweihan,public road,Night - Enough lighting,Wicked (Bad),No Clouds,dry,driver,Driver,Simple,29,Male,140,3,There is no,Not on or by (20) meters of a,1
2595,2595,2595,899068,2021,Abu Dhabi,January,Wednesday,At noon,second week,Deterioration,Preoccupation with the road while driving the vehicle in any way,There is no definition,Island,There is no definition of regions,public road,day,Wicked (Bad),No Clouds,dry,driver,Driver,Simple,17,Male,80,2,There is no,Not on or by (20) meters of a,1
2596,2596,2596,899069,2021,Abu Dhabi,October,Monday,Evening,The first week,Shock,Not adhering to the mandatory itinerary,Al -Ruwais Street - Goods,External road,General Street (Abu Dhabi - Commodities),public road,Night - Enough lighting,Wicked (Bad),No Clouds,dry,driver,Driver,Simple,39,Male,160,3,There is no,Not on or by (20) meters of a,1
2597,2597,2597,899070,2021,Sharjah,March,Sunday,Evening,fourth week,Consecutive,Not leaving enough distance,Al Dhaid Sharjah Street,Residential area,Sharjah International Airport,Double road,Night - Enough lighting,Wicked (Bad),No Clouds,dry,driver,Driver,Simple,17,Male,120,4,There is no,Not on or by (20) meters of a,1
2598,2598,2598,899071,2021,Abu Dhabi,Dec,Thursday,At noon,The first week,Shock,Overcoming the red light signal - the arrow signal,Rashid between Sayed Al Maktoum Street (Tah),Commercial area,There is no definition of regions,Intersection,day,Wicked (Bad),No Clouds,dry,driver,Driver,Simple,51,Male,100,4,There is no,Vertical cross intersection,1
2599,2599,2599,899072,2021,Abu Dhabi,June,Sunday,Evening,the third week,Be shocked,Overcoming the red light signal,Intersection of the Arabian Gulf - Al Saada,garden,Supervisor,Intersection,day,Wicked (Bad),No Clouds,dry,passenger,Rapid in the back seat,Simple,31,Male,100,4,There is no,Not on or by (20) meters of a,1
2600,2600,2600,899073,2021,Sharjah,June,Sunday,Evening,The first week,Run,Preoccupation with the road while driving the vehicle in any way,Lake Corniche Street,Residential area,Magazine 1,Double road,Night - Enough lighting,Wicked (Bad),No Clouds,dry,pedestrian,There is no passenger,Simple,24,Male,60,3,He crosses not on transit lines,Not on or by (20) meters of a,1
2601,2601,2601,899074,2021,Sharjah,June,Thursday,Before noon,the third week,Consecutive,Not leaving enough distance,Sheikh Mohammed bin Zayed Street,Residential area,The red patch,Double road,day,Wicked (Bad),No Clouds,dry,passenger,Bike,Simple,23,Female,120,4,There is no,Not on or by (20) meters of a,1
2602,2602,2602,899075,2021,Abu Dhabi,October,Wednesday,In the afternoon,the third week,Shock,Not adhering to the mandatory itinerary,Khalifa City Bridge,Residential area,The city of Shakhbout,vertigo,day,Wicked (Bad),No Clouds,dry,passenger,Rapid in the back seat,Simple,30,Male,60,3,There is no,vertigo,1
2603,2603,2603,899076,2021,Abu Dhabi,Dec,Tuesday,Evening,the third week,Shock,Overcoming the red light signal,Reem Island,Mosque,Reem Island,Intersection,Night - Enough lighting,Wicked (Bad),No Clouds,dry,passenger,Rapid in the back seat,Simple,36,Female,80,3,There is no,Vertical cross intersection,1
2604,2604,2604,899077,2021,Sharjah,May,Friday,At noon,fourth week,Non -moving,Negligence and lack of attention,Sharjah Ring Street,Governmental,The red patch,Double road,day,Wicked (Bad),No Clouds,dry,passenger,A passenger in the front seat,Simple,21,Female,100,3,There is no,Not on or by (20) meters of a,1
2605,2605,2605,899078,2021,Abu Dhabi,July,Tuesday,At noon,the third week,Run,Preoccupation with the road while driving the vehicle in any way,Armored road,Commercial area,Popularism,Individual,day,Wicked (Bad),No Clouds,dry,pedestrian,There is no passenger,Simple,3,Male,40,1,He crosses not on transit lines,Not on or by (20) meters of a,1
2606,2606,2606,899079,2021,Abu Dhabi,July,Saturday,Evening,the third week,Shock,Preoccupation with the road while driving the vehicle in any way,Tarif road,External road,Arian,Individual,Night - Enough lighting,Wicked (Bad),No Clouds,dry,driver,Driver,Simple,23,Male,140,3,There is no,Not on or by (20) meters of a,1
2607,2607,2607,899080,2021,Abu Dhabi,Dec,Sunday,In the afternoon,fourth week,Run,Negligence and lack of attention,Al -Felt Street (Nin),Commercial area,Zayed City (Abu Dhabi),Double road,Night - Enough lighting,Wicked (Bad),No Clouds,dry,pedestrian,There is no passenger,Simple,6,Male,80,3,He crosses not on transit lines,Not on or by (20) meters of a,1
2608,2608,2608,899081,2021,Abu Dhabi,June,Sunday,In the afternoon,second week,Shock,Enter a major road without making sure that it is free,Eastern Street (Al Traffic) (Four),Commercial area,There is no definition of regions,public road,day,Wicked (Bad),No Clouds,dry,driver,Driver,Simple,27,Male,100,4,There is no,Not on or by (20) meters of a,1
2609,2609,2609,899082,2021,Ras Al Khaimah,November,Thursday,At noon,The first week,Be shocked,Enter a major road without making sure that it is free,Asma intersection,Others,Inconsistent,Double road,day,Wicked (Bad),No Clouds,Temple,driver,Driver,Simple,28,Male,80,2,There is no,Vertical cross intersection,1
2610,2610,2610,899083,2021,Ras Al Khaimah,Dec,Thursday,Before noon,second week,Be shocked,Enter a major road without making sure that it is free,Mohammed bin Salem Street near the Arab port,External road,The Red Island,public road,Night - Enough lighting,Wicked (Bad),No Clouds,Temple,driver,Driver,Simple,28,Female,100,2,There is no,Hole,1
2611,2611,2611,899084,2021,Ras Al Khaimah,August,Tuesday,At noon,The fifth week,Shock,Not leaving enough distance,Al -Faisal Street near the agencies,Petrol station,Old Ras Al Khaimah,public road,day,Wicked (Bad),No Clouds,Temple,driver,Driver,Simple,29,Female,100,3,There is no,Not on or by (20) meters of a,1
2612,2612,2612,899085,2021,Abu Dhabi,November,Wednesday,Before noon,The first week,Be shocked,Overcoming the red light signal,Riyadh city,Residential area,There is no definition of regions,Intersection,day,Wicked (Bad),No Clouds,dry,passenger,Rapid in the back seat,Simple,34,Male,80,4,There is no,Multi -legs intersection,1
2613,2613,2613,899086,2021,Abu Dhabi,July,Wednesday,At noon,the third week,Be shocked,Overcoming the red light signal,The intersection of the cement factory signals,Industrial area,Industrial,Intersection,day,Wicked (Bad),No Clouds,dry,driver,Driver,Simple,35,Male,80,3,There is no,Multi -legs intersection,1
2614,2614,2614,899087,2021,Abu Dhabi,October,Friday,Evening,second week,Deterioration,Speed without taking into account the road conditions,There is no definition,Island,Sa'adiat Island,public road,Night - Enough lighting,Wicked (Bad),No Clouds,dry,driver,Driver,Simple,32,Male,120,4,There is no,Not at intersection,1
2615,2615,2615,899088,2021,Fujairah,June,Tuesday,At noon,the third week,Be shocked,Enter a major road without making sure that it is free,Al -Akkamiya Interior Street,Residential area,Dibba Al -Fujairah / Al -Awkamiya area,Individual,day,Wicked (Bad),No Clouds,Temple,driver,Driver,Simple,51,Male,40,1,There is no,Not on or by (20) meters of a,1
2616,2616,2616,899089,2021,Abu Dhabi,Dec,Friday,Evening,second week,Consecutive,Preoccupation with the road while driving the vehicle in any way,Sultan Bin Zayed the First Street (Thirty Two),Others,There is no definition of regions,public road,Night - Enough lighting,Wicked (Bad),No Clouds,dry,passenger,Rapid in the back seat,Simple,21,Male,80,4,There is no,Not at intersection,1
2617,2617,2617,899090,2021,Abu Dhabi,July,Thursday,In the afternoon,fourth week,Run,Preoccupation with the road while driving the vehicle in any way,There is no definition,Industrial area,Industrial Archbishop,Individual,Night - Enough lighting,Wicked (Bad),No Clouds,dry,pedestrian,There is no passenger,Simple,20,Male,60,2,He crosses not on transit lines,Not on or by (20) meters of a,1
2618,2618,2618,899091,2021,Sharjah,August,Friday,Evening,the third week,Deterioration,Sudden deviation,Hamriyah,Residential area,Hamriyah,Individual,day,Wicked (Bad),No Clouds,Sand,passenger,Rapid in the back seat,Simple,36,Male,40,1,There is no,Others,1
2619,2619,2619,899092,2021,Abu Dhabi,November,Monday,At noon,the third week,Shock,Not leaving enough distance,Hamdan Bin Mohammed Street(Five),Commercial area,Central,public road,day,Wicked (Bad),No Clouds,dry,driver,Driver,Simple,35,Female,80,4,There is no,Not at intersection,1
2620,2620,2620,899093,2021,Abu Dhabi,September,Monday,At noon,the third week,Be shocked,Failure to adhere to traffic signs,Riyadh city,Residential area,There is no definition of regions,Intersection,day,Wicked (Bad),No Clouds,dry,passenger,Rapid in the back seat,Simple,43,Female,40,1,There is no,Vertical cross intersection,1
2621,2621,2621,899094,2021,Abu Dhabi,February,Saturday,Evening,the third week,A fixed body was shocked outside the road,Sudden deviation,An internal street,Residential area,Maqam,Individual,day,Wicked (Bad),No Clouds,dry,driver,Driver,Simple,19,Male,60,2,There is no,Not on or by (20) meters of a,1
2622,2622,2622,899095,2021,Abu Dhabi,February,Saturday,Evening,fourth week,Shock,Enter a major road without making sure that it is free,Abu Dhabi Road - Al Ain,Residential area,Sealing bridge,Double road,Night - Enough lighting,Wicked (Bad),No Clouds,dry,passenger,A passenger in the front seat,Simple,29,Female,160,3,There is no,Not on or by (20) meters of a,1
2623,2623,2623,899096,2021,Ras Al Khaimah,June,Monday,Evening,the third week,Be shocked,Sudden deviation,Al -Munai’i Street,Mosque,Al -Munai’i,Double road,Night - Enough lighting,Wicked (Bad),No Clouds,dry,driver,Driver,Simple,22,Female,60,1,There is no,Not on or by (20) meters of a,1