,Unnamed: 0.1,Unnamed: 0,Fake ID,Year,City,Month,Day,Time,Week,Type Of Accident,Reasons,Street,Place,Area,Location,Lighting,Road Condition,Weather Condition,Road surface,Lay injured,Injured seat,Degree of injury,Age of the injured,The person's gender,Speed of the road,Number of tracks,Pedestrian behavior,Intersection,Total
2624,2624,2624,899097,2021,Abu Dhabi,June,Sunday,Evening,the third week,Be shocked,Overcoming the red light signal,Intersection of the Arabian Gulf - Al Saada,garden,Supervisor,Intersection,day,Wicked (Bad),No Clouds,dry,passenger,Rapid in the back seat,Simple,25,Male,100,4,There is no,Not on or by (20) meters of a,1
2625,2625,2625,899098,2021,Abu Dhabi,Dec,Tuesday,In the afternoon,second week,Shock,Overcoming the red light signal,Sultan Bin Zayed the First Street (Thirty Two),Governmental,There is no definition of regions,Intersection,Night - Enough lighting,Wicked (Bad),No Clouds,dry,driver,Driver,Simple,24,Female,80,4,There is no,Vertical cross intersection,1
2626,2626,2626,899099,2021,Sharjah,Dec,Saturday,Evening,fourth week,Consecutive,Preoccupation with the road while driving the vehicle in any way,Maliha Street,External road,Sword,Double road,Night - Enough lighting,Wicked (Bad),No Clouds,dry,driver,Driver,Simple,33,Male,120,3,There is no,Not on or by (20) meters of a,1
2627,2627,2627,899100,2021,Abu Dhabi,September,Sunday,Evening,the third week,Shock,Overcoming the red light signal,corneche Street,Commercial area,The port,Intersection,Night - Enough lighting,Wicked (Bad),No Clouds,dry,driver,Driver,Simple,27,Male,60,4,There is no,Vertical cross intersection,1
2628,2628,2628,899101,2021,Abu Dhabi,January,Friday,At noon,fourth week,Shock,Not to make the road / not to give the brigades,Inner Street No. (Three),Residential area,There is no definition of regions,Intersection,day,Wicked (Bad),No Clouds,dry,passenger,Rapid in the back seat,Simple,10,Male,60,2,There is no,A meeting of half -vertical roads,1
2629,2629,2629,899102,2021,Ras Al Khaimah,June,Tuesday,Evening,fourth week,Shock,Negligence and lack of attention,Kadra Street - Dafta,External road,Disgust,Double road,Night - Enough lighting,Wicked (Bad),No Clouds,Temple,driver,Driver,Simple,21,Male,120,2,There is no,Not on or by (20) meters of a,1
2630,2630,2630,899103,2021,Abu Dhabi,May,Sunday,Evening,fourth week,Be shocked,Not adhering to the mandatory itinerary,Reem Island,Commercial area,Reem Island,Intersection,day,Wicked (Bad),No Clouds,dry,passenger,Rapid in the back seat,Simple,22,Female,80,4,There is no,Vertical cross intersection,1
2631,2631,2631,899104,2021,Abu Dhabi,April,Friday,In the afternoon,fourth week,Be shocked,Not adhering to the mandatory itinerary,Arabian Gulf Street(Thirty),Commercial area,The exhibition land bridge,public road,Night - Enough lighting,Wicked (Bad),No Clouds,dry,passenger,Rapid in the back seat,Simple,42,Male,120,4,There is no,Not on or by (20) meters of a,1
2632,2632,2632,899105,2021,Abu Dhabi,November,Sunday,Before noon,second week,Shock,Not leaving enough distance,Sheikh Khalifa Bridge,Tunnel / Bridge,Sa'adiat Island,bridge,day,Wicked (Bad),No Clouds,dry,passenger,Rapid in the back seat,Simple,38,Male,100,4,There is no,Not at intersection,1
2633,2633,2633,899106,2021,Abu Dhabi,August,Monday,Evening,The first week,Shock,Overcoming the red light signal - the arrow signal,Peace Street (Eight),Governmental,There is no definition of regions,Intersection,Night - Enough lighting,Wicked (Bad),No Clouds,dry,driver,Driver,Simple,30,Male,80,4,There is no,A meeting of half -vertical roads,1
2634,2634,2634,899107,2021,Abu Dhabi,July,Friday,Before noon,fourth week,Shock,Preoccupation with the road while driving the vehicle using the phone,Yas Mall,Tunnel / Bridge,Yass Island,Double road,day,Wicked (Bad),No Clouds,Temple,driver,Driver,Simple,34,Male,140,4,There is no,Not on or by (20) meters of a,1
2635,2635,2635,899108,2021,Abu Dhabi,July,Sunday,Before noon,the third week,Run,Driving the vehicle under the influence of narcotic substances or mental effects or,There is no definition,Commercial area,Between the two bridges,public road,Night - Enough lighting,Wicked (Bad),No Clouds,dry,pedestrian,There is no passenger,Medium,50,Male,40,2,Familiar,Not at intersection,1
2636,2636,2636,899109,2021,Abu Dhabi,November,Thursday,Evening,the third week,A fixed body shocked the road,Preoccupation with the road while driving the vehicle in any way,Al -Mafraq Al -Shawamik Street,Residential area,Tall,vertigo,Night - Enough lighting,Wicked (Bad),No Clouds,dry,driver,Driver,Medium,44,Female,40,2,There is no,vertigo,1
2637,2637,2637,899110,2021,Abu Dhabi,October,Monday,Before noon,the third week,Cross -100,Not adhering to the mandatory itinerary,Hell Road,External road,Intimate bridge,Dhuatatin Road,day,Wicked (Bad),No Clouds,dry,driver,Driver,Medium,38,Male,100,2,There is no,Not on or by (20) meters of a,1
2638,2638,2638,899111,2021,Abu Dhabi,June,Wednesday,At noon,the third week,Run,Al -Aburvi is a place of infantry for pedestrians,Armored road,Commercial area,Industrial armored bridge,Intersection,day,Wicked (Bad),No Clouds,dry,pedestrian,There is no passenger,Medium,30,Male,60,3,He crosses not on transit lines,Vertical cross intersection,1
2639,2639,2639,899112,2021,Abu Dhabi,November,Tuesday,Before noon,fourth week,A fixed body was shocked outside the road,Preoccupation with the road while driving the vehicle in any way,Umm Al -Nar Road / Shahama,External road,Khalifa City (a),Individual,day,Wicked (Bad),No Clouds,dry,driver,Driver,Medium,42,Female,60,2,There is no,Not on or by (20) meters of a,1
2640,2640,2640,899113,2021,Abu Dhabi,May,Saturday,Evening,The fifth week,Shock,Driving without a driver's license at all,Ghiasi Shari,Residential area,Ghiasi,Individual,Night - Enough lighting,Wicked (Bad),No Clouds,dry,driver,Driver,Medium,12,Male,40,1,There is no,Not on or by (20) meters of a,1
2641,2641,2641,899114,2021,Ajman,June,Sunday,Before noon,fourth week,A fixed body shocked the road,Negligence and lack of attention,Khalifa Bin Zayed Street,Tunnel / Bridge,Rashidiya,Individual,day,Wicked (Bad),No Clouds,dry,driver,Driver,Medium,22,Male,40,0,There is no,Not on or by (20) meters of a,1
2642,2642,2642,899115,2021,Abu Dhabi,January,Friday,At noon,the third week,Cross -100,Not adhering to the mandatory itinerary,Sweihan Road,Residential area,Enhanced,Intersection,day,Wicked (Bad),No Clouds,dry,passenger,Bike,Medium,6,Male,60,2,There is no,Vertical cross intersection,1
2643,2643,2643,899116,2021,Abu Dhabi,October,Friday,Before noon,The fifth week,Run,Speed without taking into account the road conditions,Banias Street (Al Najd) (Sex),Commercial area,Central,public road,day,Wicked (Bad),No Clouds,dry,pedestrian,There is no passenger,Medium,36,Female,80,3,He crosses not on transit lines,Not at intersection,1
2644,2644,2644,899117,2021,Abu Dhabi,February,Thursday,Evening,second week,Run,Preoccupation with the road while driving the vehicle in any way,Yas Street One,Residential area,Yass Island,Double road,Night - Enough lighting,Wicked (Bad),No Clouds,dry,pedestrian,There is no passenger,Medium,32,Male,60,2,He crosses pedestrian crossing lines,Not on or by (20) meters of a,1
2645,2645,2645,899118,2021,Ajman,January,Saturday,Before noon,second week,Run,Negligence and lack of attention,unknown,Commercial area,Mashirf Commercial,parking,Night - Enough lighting,Wicked (Bad),No Clouds,dry,pedestrian,There is no passenger,Medium,27,Male,30,0,He crosses not on transit lines,Not on or by (20) meters of a,1
2646,2646,2646,899119,2021,Abu Dhabi,October,Friday,Before noon,The fifth week,Shock,Not leaving enough distance,Zayed City Street (New),Petrol station,Zayed City,Double road,Night - Enough lighting,Wicked (Bad),No Clouds,dry,driver,Driver,Medium,54,Male,140,2,There is no,Not on or by (20) meters of a,1
2647,2647,2647,899120,2021,Abu Dhabi,April,Friday,At noon,second week,Be shocked,Overcoming the red light signal,Zayed First Street,garden,Basra,Intersection,day,Wicked (Bad),No Clouds,dry,driver,Driver,Medium,41,Male,80,3,There is no,Multi -legs intersection,1
2648,2648,2648,899121,2021,Sharjah,April,Thursday,Evening,The first week,Shock,Not leaving enough distance,Al Dhaid Sharjah Street,External road,Islamic Law,Intersection,Night - without lighting,Wicked (Bad),No Clouds,dry,passenger,A passenger in the front seat,Medium,27,Male,80,1,There is no,Not on or by (20) meters of a,1
2649,2649,2649,899122,2021,Abu Dhabi,April,Saturday,At noon,second week,Shock,Overcoming the red light signal - the arrow signal,Rashid between Sayed Al Maktoum Street (Tah),Commercial area,the airport,Intersection,day,Wicked (Bad),No Clouds,dry,driver,Driver,Medium,36,Female,80,4,There is no,Vertical cross intersection,1
2650,2650,2650,899123,2021,Sharjah,November,Wednesday,Evening,second week,Run,Negligence and lack of attention,Nahda Street,Residential area,Nomination,parking,Night - Enough lighting,Wicked (Bad),No Clouds,dry,pedestrian,There is no passenger,Medium,21,Male,10,2,There is no,Not on or by (20) meters of a,1
2651,2651,2651,899124,2021,Abu Dhabi,June,Monday,At noon,fourth week,Shock,Preoccupation with the road while driving the vehicle in any way,General Street (Abu Dhabi - Commodities),External road,Commodity,Double road,day,Wicked (Bad),No Clouds,dry,passenger,There is no passenger,Medium,26,Male,160,3,There is no,Not on or by (20) meters of a,1
2652,2652,2652,899125,2021,Sharjah,April,Tuesday,Evening,the third week,Run,Not to give priority to the infantry crossing,Wasit Street,Residential area,Ramtha,Double road,Night - Enough lighting,Wicked (Bad),No Clouds,dry,pedestrian,There is no passenger,Medium,63,Female,80,3,He crosses not on transit lines,Not on or by (20) meters of a,1
2653,2653,2653,899126,2021,Umm Al Quwain,September,Wednesday,Before noon,The first week,Be shocked,Preoccupation with the road while driving the vehicle in any way,International Federation Street,Residential area,Al -Salamah area a,Individual,day,Wicked (Bad),No Clouds,dry,driver,Driver,Medium,35,Female,20,1,There is no,Not on or by (20) meters of a,1
2654,2654,2654,899127,2021,Abu Dhabi,June,Wednesday,At noon,the third week,A fixed body was shocked outside the road,Preoccupation with the road while driving the vehicle in any way,Armored road,Commercial area,Industrial armored bridge,Individual,day,Wicked (Bad),No Clouds,dry,driver,Driver,Medium,44,Male,60,2,There is no,Not on or by (20) meters of a,1
2655,2655,2655,899128,2021,Abu Dhabi,October,Friday,In the afternoon,The fifth week,Run,Preoccupation with the road while driving the vehicle in any way,An internal street,Residential area,magnanimity,Double road,Night - Enough lighting,Wicked (Bad),No Clouds,dry,pedestrian,There is no passenger,Medium,5,Male,40,1,He crosses not on transit lines,Not on or by (20) meters of a,1
2656,2656,2656,899129,2021,Abu Dhabi,May,Thursday,Before noon,fourth week,Shock,Failure to adhere to traffic signs,Riyadh city,Residential area,There is no definition of regions,Intersection,day,Wicked (Bad),No Clouds,dry,passenger,A passenger in the front seat,Medium,35,Male,60,2,There is no,Vertical cross intersection,1
2657,2657,2657,899130,2021,Abu Dhabi,June,Wednesday,At noon,fourth week,A fixed body shocked the road,Preoccupation with the road while driving the vehicle in any way,International airport roads,an airport,Emiri airport,Double road,day,Wicked (Bad),No Clouds,Temple,driver,Bike,Medium,28,Male,80,2,There is no,vertigo,1
2658,2658,2658,899131,2021,Abu Dhabi,Dec,Thursday,At noon,The first week,Shock,Overcoming the red light signal - the arrow signal,Rashid between Sayed Al Maktoum Street (Tah),Commercial area,There is no definition of regions,Intersection,day,Wicked (Bad),No Clouds,dry,passenger,Rapid in the back seat,Medium,49,Male,100,4,There is no,Vertical cross intersection,1
2659,2659,2659,899132,2021,Abu Dhabi,August,Tuesday,Evening,fourth week,Deterioration,Not adhering to the mandatory itinerary,Casablanca roundabout,Residential area,Al -Mijiei,Individual,Night - Enough lighting,Wicked (Bad),No Clouds,dry,driver,Driver,Medium,23,Male,80,3,There is no,Not on or by (20) meters of a,1
2660,2660,2660,899133,2021,Abu Dhabi,June,Wednesday,Before noon,The first week,Consecutive,Not leaving enough distance,Zayed Bin Sultan Street (General),Commercial area,Jerk,Double road,day,Wicked (Bad),No Clouds,dry,driver,Driver,Medium,28,Female,100,3,There is no,Not at intersection,1
2661,2661,2661,899134,2021,Abu Dhabi,July,Wednesday,Evening,fourth week,Shock,Overcoming the red light signal - the arrow signal,IPFiveA Zayed the First Intersection - Arabian Gulf,Petrol station,Khalidiya,Intersection,Night - Enough lighting,Wicked (Bad),No Clouds,dry,passenger,Rapid in the back seat,Medium,37,Female,100,4,There is no,Vertical cross intersection,1
2662,2662,2662,899135,2021,Ras Al Khaimah,May,Sunday,In the afternoon,fourth week,Be shocked,Negligence and lack of attention,Suhaila Street,garden,Stagnation,Other (select),day,Wicked (Bad),No Clouds,Temple,driver,Bike,Medium,23,Male,60,1,There is no,A meeting of half -vertical roads,1
2663,2663,2663,899136,2021,Abu Dhabi,March,Friday,Evening,the third week,Run,Preoccupation with the road while driving the vehicle in any way,There is no definition,Governmental,Industrial Archbishop,Double road,Night - Enough lighting,Wicked (Bad),No Clouds,dry,pedestrian,There is no passenger,Medium,40,Male,60,2,He crosses not on transit lines,Hole,1
2664,2664,2664,899137,2021,Abu Dhabi,October,Thursday,At noon,fourth week,Shock,Return back without making sure that the road is free,There is no definition,Commercial area,Between the two bridges,parking,day,Wicked (Bad),No Clouds,dry,pedestrian,There is no passenger,Medium,23,Male,60,2,There is no,Not at intersection,1
2665,2665,2665,899138,2021,Abu Dhabi,March,Saturday,At noon,second week,Shock,Sudden deviation,There is no definition,Industrial area,Industrial Archbishop,vertigo,day,Wicked (Bad),No Clouds,dry,driver,Driver,Medium,42,Male,40,3,There is no,vertigo,1
2666,2666,2666,899139,2021,Abu Dhabi,April,Tuesday,In the afternoon,second week,Shock,Overcoming the red light signal - the arrow signal,Zayed Bin Sultan Street (General),Residential area,Objectionable,public road,Night - Enough lighting,Wicked (Bad),No Clouds,dry,driver,Driver,Medium,47,Male,80,3,There is no,Vertical cross intersection,1
2667,2667,2667,899140,2021,Abu Dhabi,April,Thursday,At noon,fourth week,Consecutive,Not leaving enough distance,Banias Street (Al Najd) (Sex),Commercial area,There is no definition of regions,public road,day,Wicked (Bad),No Clouds,dry,driver,Bike,Medium,46,Male,60,4,There is no,Not on or by (20) meters of a,1
2668,2668,2668,899141,2021,Sharjah,Dec,Saturday,At noon,second week,Shock,Not leaving enough distance,Sharjah Ring Street,External road,Seventeenth Industrial,Double road,day,Wicked (Bad),No Clouds,dry,driver,Driver,Medium,39,Male,100,3,There is no,Not on or by (20) meters of a,1
2669,2669,2669,899142,2021,Ras Al Khaimah,October,Tuesday,Evening,fourth week,Shock,Not adhering to the mandatory itinerary,Al -Ittihad Street from Al -Sarramic Roundabout to Morgan Borders,Others,The Red Island,public road,Night - Enough lighting,Wicked (Bad),No Clouds,Temple,driver,Driver,Medium,35,Male,100,3,There is no,Not at intersection,1
2670,2670,2670,899143,2021,Abu Dhabi,August,Friday,At noon,The first week,Cross -100,Overcoming the red light signal - the arrow signal,IPThirtyThreeB Al Falah intersection - Arabian Gulf,Commercial area,Ventricle,Intersection,day,Wicked (Bad),No Clouds,dry,driver,Driver,Medium,38,Male,80,3,There is no,Vertical cross intersection,1
2671,2671,2671,899144,2021,Abu Dhabi,August,Sunday,Evening,The fifth week,Deterioration,Preoccupation with the road while driving the vehicle in any way,Khalifa Bin Zayed Street I,Industrial area,There is no definition of regions,Double road,Night - Enough lighting,Wicked (Bad),No Clouds,dry,passenger,A passenger in the front seat,Medium,51,Male,100,3,There is no,Not at intersection,1
2672,2672,2672,899145,2021,Abu Dhabi,September,Wednesday,Before noon,second week,Be shocked,Not to make the road / not to give the brigades,Abu Dhabi Road - Al Ain,Residential area,Al Wathba (East + West),vertigo,day,curve,No Clouds,dry,passenger,A passenger in the front seat,Medium,34,Male,60,2,There is no,Not on or by (20) meters of a,1
2673,2673,2673,899146,2021,Abu Dhabi,January,Friday,At noon,the third week,Shock,Preoccupation with the road while driving the vehicle in any way,Hamdan bin Mohammed Street (Al Ain),Residential area,Fold,public road,day,Wicked (Bad),No Clouds,dry,driver,Driver,Medium,20,Male,80,3,There is no,Not at intersection,1
2674,2674,2674,899147,2021,Abu Dhabi,Dec,Friday,Before noon,fourth week,Shock,Not adhering to the mandatory itinerary,General Street (Abu Dhabi - Commodities),Petrol station,Funny,public road,day,Wicked (Bad),No Clouds,dry,driver,Driver,Medium,61,Male,160,4,There is no,Not on or by (20) meters of a,1
2675,2675,2675,899148,2021,Abu Dhabi,January,Sunday,In the afternoon,The first week,Shock,Enter a major road without making sure that it is free,Al Ain Street - Abuiriya,External road,Abu Kira,Double road,Night - Enough lighting,Wicked (Bad),No Clouds,dry,passenger,A passenger in the front seat,Medium,11,Male,140,2,There is no,Hole,1
2676,2676,2676,899149,2021,Abu Dhabi,May,Sunday,Evening,second week,Cross -100,Enter a major road without making sure that it is free,Al -Mafraq Al -Shawamik Street,Residential area,The shampoo,Double road,Night - Enough lighting,Wicked (Bad),No Clouds,dry,driver,Driver,Medium,11,Male,40,1,There is no,Not on or by (20) meters of a,1
2677,2677,2677,899150,2021,Abu Dhabi,Dec,Thursday,In the afternoon,the third week,Shock,Preoccupation with the road while driving the vehicle in any way,Al -Mafraq Al -Shawamik Street,Tunnel / Bridge,Al -Shamekha Bridge,Double road,Night - Enough lighting,Wicked (Bad),No Clouds,Temple,passenger,Rapid in the back seat,Medium,4,Female,80,3,There is no,Not on or by (20) meters of a,1
2678,2678,2678,899151,2021,Sharjah,June,Friday,Evening,second week,Consecutive,Not leaving enough distance,Sheikh Mohammed bin Zayed Street,Residential area,The red patch,Double road,Night - Enough lighting,Wicked (Bad),No Clouds,dry,driver,Driver,Medium,42,Male,120,3,There is no,Not on or by (20) meters of a,1
2679,2679,2679,899152,2021,Abu Dhabi,Dec,Sunday,In the afternoon,fourth week,Shock,Negligence and lack of attention,Mina Street(Three),Commercial area,The port,Individual,Night - Enough lighting,Wicked (Bad),No Clouds,dry,driver,Driver,Medium,40,Female,40,1,There is no,Not on or by (20) meters of a,1
2680,2680,2680,899153,2021,Abu Dhabi,January,Tuesday,Before noon,the third week,Shock,Overcoming the red light signal,Rashid between Sayed Al Maktoum Street (Tah),Commercial area,There is no definition of regions,Intersection,day,Wicked (Bad),No Clouds,dry,driver,Driver,Medium,47,Male,80,4,There is no,Vertical cross intersection,1
2681,2681,2681,899154,2021,Abu Dhabi,September,Monday,At noon,the third week,Shock,Preoccupation with the road while driving the vehicle in any way,Hawi bridge,Residential area,The city of Shakhbout,Individual,day,Wicked (Bad),No Clouds,dry,driver,Bike,Medium,24,Male,60,2,There is no,Not on or by (20) meters of a,1
2682,2682,2682,899155,2021,Abu Dhabi,Dec,Monday,At noon,fourth week,Shock,Not leaving enough distance,Sheikh Maktoum Bin Rashid Street,External road,Toxic,public road,day,Wicked (Bad),No Clouds,dry,driver,Driver,Medium,31,Male,140,4,There is no,Not on or by (20) meters of a,1
2683,2683,2683,899156,2021,Abu Dhabi,May,Monday,Evening,fourth week,Be shocked,Enter a major road without making sure that it is free,There is no definition,Commercial area,Industrial Archbishop,vertigo,Night - Enough lighting,Wicked (Bad),No Clouds,dry,driver,Driver,Medium,41,Male,60,3,There is no,vertigo,1
2684,2684,2684,899157,2021,Ras Al Khaimah,October,Monday,In the afternoon,The first week,Shock,Not adhering to the mandatory itinerary,Emirates Street Transit Street,Others,Stagnation,public road,Night - Enough lighting,Wicked (Bad),No Clouds,Temple,driver,Driver,Medium,29,Male,120,3,There is no,Not at intersection,1
2685,2685,2685,899158,2021,Abu Dhabi,November,Sunday,Evening,second week,A fixed body shocked the road,Preoccupation with the road while driving the vehicle in any way,Abu Dhabi Road - Al Ain,External road,Al Wathba (East + West),public road,Night - Enough lighting,Wicked (Bad),No Clouds,dry,passenger,A passenger in the front seat,Medium,20,Male,40,2,There is no,Not on or by (20) meters of a,1
2686,2686,2686,899159,2021,Abu Dhabi,May,Thursday,In the afternoon,second week,Shock,Overcoming the red light signal,Carrefour intersection - Jimmy-,Commercial area,Jimmy,Double road,day,Wicked (Bad),No Clouds,dry,driver,Driver,Medium,15,Male,80,3,There is no,Vertical cross intersection,1
2687,2687,2687,899160,2021,Umm Al Quwain,July,Wednesday,Before noon,fourth week,Be shocked,Overing from the right or ingredon is cautious,International Federation Street,Commercial area,The Rafeh area,Double road,day,Wicked (Bad),No Clouds,dry,passenger,Rapid in the back seat,Medium,1,Male,80,2,There is no,Not on or by (20) meters of a,1
2688,2688,2688,899161,2021,Sharjah,Dec,Tuesday,In the afternoon,fourth week,Run,Return back without making sure that the road is free,Hamriyah,Others,Hamriyah,Other (select),Night - Enough lighting,Wicked (Bad),No Clouds,dry,pedestrian,There is no passenger,Medium,1,Female,10,1,There is no,Others,1
2689,2689,2689,899162,2021,Abu Dhabi,November,Sunday,Before noon,second week,Shock,Not leaving enough distance,Sheikh Khalifa Bridge,Tunnel / Bridge,Sa'adiat Island,bridge,day,Wicked (Bad),No Clouds,dry,passenger,Rapid in the back seat,Medium,30,Male,100,4,There is no,Not at intersection,1
2690,2690,2690,899163,2021,Abu Dhabi,October,Sunday,At noon,the third week,Shock,Overcoming the red light signal,Hazaa Bin Zayed the First Street(Eleven),Commercial area,Reem Island,Intersection,day,Wicked (Bad),No Clouds,dry,driver,Bike,Medium,23,Male,80,3,There is no,Vertical cross intersection,1
2691,2691,2691,899164,2021,Sharjah,October,Wednesday,Evening,fourth week,Shock,Negligence and lack of attention,Sheikh Khalifa bin Zayed Street,Industrial area,Fourth industrial,Individual,Night - weak lighting,Wicked (Bad),No Clouds,dry,pedestrian,There is no passenger,Medium,38,Male,40,1,There is no,Not on or by (20) meters of a,1
2692,2692,2692,899165,2021,Sharjah,March,Monday,At noon,The fifth week,Run,Not securing the vehicle's stability while standing,Live roundabout,Mosque,Rotentity of the Hia Hawa area,Out of the way,day,Wicked (Bad),No Clouds,dry,pedestrian,There is no passenger,Medium,24,Male,40,1,Familiar,Not on or by (20) meters of a,1
2693,2693,2693,899166,2021,Abu Dhabi,Dec,Wednesday,Before noon,second week,Be shocked,Not adhering to the mandatory itinerary,Arabian Gulf Street(Thirty),Commercial area,Bridge bridge,Individual,day,Wicked (Bad),No Clouds,dry,driver,Driver,Medium,59,Male,120,5,There is no,Not on or by (20) meters of a,1
2694,2694,2694,899167,2021,Abu Dhabi,June,Saturday,Evening,the third week,Shock,Preoccupation with the road while driving the vehicle in any way,Sheikh Maktoum Bin Rashid Street,Tunnel / Bridge,Sayeh Al -Sidair,Individual,Night - Enough lighting,Wicked (Bad),No Clouds,dry,driver,Driver,Medium,37,Male,120,4,There is no,Not on or by (20) meters of a,1
2695,2695,2695,899168,2021,Abu Dhabi,October,Monday,Evening,fourth week,Be shocked,Not to make the road / not to give the brigades,An internal street,Residential area,full,Intersection,Night - Enough lighting,Wicked (Bad),No Clouds,dry,driver,Driver,Medium,32,Male,60,2,There is no,A meeting of half -vertical roads,1
2696,2696,2696,899169,2021,Sharjah,August,Friday,Evening,The first week,Shock,Return back without making sure that the road is free,Gamal Abdel Nasser Street,Residential area,Al -Majaz 2,Double road,Night - Enough lighting,Wicked (Bad),No Clouds,dry,driver,Bike,Medium,31,Male,60,2,There is no,Not on or by (20) meters of a,1
2697,2697,2697,899170,2021,Abu Dhabi,November,Thursday,Before noon,the third week,Be shocked,Sudden deviation,There is no definition,Commercial area,Industrial Archbishop,Individual,day,Wicked (Bad),No Clouds,dry,driver,Driver,Medium,55,Male,80,3,There is no,Not on or by (20) meters of a,1
2698,2698,2698,899171,2021,Abu Dhabi,January,Tuesday,Evening,the third week,Be shocked,Enter a major road without making sure that it is free,Khalifa Bin Zayed Street,Governmental,Sih bin Ammar,Double road,Night - Enough lighting,Wicked (Bad),No Clouds,dry,passenger,A passenger in the front seat,Medium,20,Male,100,3,There is no,Vertical cross intersection,1
2699,2699,2699,899172,2021,Abu Dhabi,January,Monday,Before noon,second week,Run,Preoccupation with the road while driving the vehicle in any way,Armored road,Commercial area,Industrial Archbishop,Double road,day,Wicked (Bad),No Clouds,dry,pedestrian,There is no passenger,Medium,35,Male,80,2,Familiar,Not on or by (20) meters of a,1
2700,2700,2700,899173,2021,Abu Dhabi,October,Wednesday,Evening,the third week,Cross -100,Not adhering to the mandatory itinerary,Abu Dhabi Road - Al Ain,hospital,Bani Yas (East),Individual,Night - Enough lighting,curve,No Clouds,dry,driver,Bike,Medium,44,Male,60,2,There is no,Not on or by (20) meters of a,1
2701,2701,2701,899174,2021,Abu Dhabi,June,Wednesday,Evening,second week,Run,Not to give priority to the infantry crossing,IPThirtyNineA Abu Dhabi Tourist Club Roundabout,Commercial area,The port,public road,Night - Enough lighting,Wicked (Bad),No Clouds,dry,pedestrian,There is no passenger,Medium,76,Male,80,3,He crosses pedestrian crossing lines,Not at intersection,1
2702,2702,2702,899175,2021,Abu Dhabi,September,Thursday,At noon,fourth week,Run,Not to give priority to the infantry crossing,Hazza Bin Sultan Street,Residential area,The reefs,Double road,day,Wicked (Bad),No Clouds,dry,pedestrian,There is no passenger,Medium,24,Male,100,3,There is no,Not on or by (20) meters of a,1
2703,2703,2703,899176,2021,Abu Dhabi,May,Wednesday,Evening,The first week,Shock,Not leaving enough distance,Abu Dhabi Road - Al Ain,Tunnel / Bridge,Hawi camp,Double road,Night - Enough lighting,Wicked (Bad),No Clouds,Temple,driver,Driver,Medium,25,Male,140,4,There is no,Not on or by (20) meters of a,1
2704,2704,2704,899177,2021,Abu Dhabi,April,Thursday,In the afternoon,The fifth week,Cross -100,Sudden deviation,Al Ain Street - Dubai,External road,Jag,Double road,Night - Enough lighting,Wicked (Bad),No Clouds,dry,passenger,A passenger in the front seat,Medium,24,Male,140,4,There is no,Not at intersection,1
2705,2705,2705,899178,2021,Abu Dhabi,October,Friday,Evening,the third week,Cross -100,Not adhering to the mandatory itinerary,Jabal Hafit Street,Mountainous area,Bare,Double road,Night - Enough lighting,Wicked (Bad),No Clouds,dry,driver,Driver,Medium,26,Male,60,3,There is no,Not at intersection,1
2706,2706,2706,899179,2021,Abu Dhabi,October,Monday,Before noon,second week,A fixed body was shocked outside the road,Preoccupation with the road while driving the vehicle in any way,Truck Road (Abu Dhabi-Al Ain),External road,Al Wathba Camel Square,Individual,day,Wicked (Bad),No Clouds,dry,passenger,A passenger in the front seat,Medium,40,Male,100,1,There is no,Not on or by (20) meters of a,1
2707,2707,2707,899180,2021,Ajman,January,Tuesday,Evening,second week,Shock,Not leaving enough distance,El-Shikh Zayed street,Residential area,Kindergarten,Double road,day,Wicked (Bad),No Clouds,dry,driver,Bike,Medium,28,Male,80,0,There is no,Not on or by (20) meters of a,1
2708,2708,2708,899181,2021,Abu Dhabi,July,Wednesday,Evening,The first week,Shock,Not leaving enough distance,Sheikh Maktoum Bin Rashid Street,Governmental,Sayeh Al -Sidair,Individual,Night - Enough lighting,Wicked (Bad),No Clouds,dry,driver,Driver,Medium,28,Male,80,4,There is no,Not on or by (20) meters of a,1
2709,2709,2709,899182,2021,Abu Dhabi,March,Thursday,Before noon,fourth week,Shock,Overcoming the red light signal - the arrow signal,IPSeventyFiveD Eastern Intersection (Traffic) - Street Thirty One,Governmental,Humper saffron,Intersection,day,Wicked (Bad),No Clouds,dry,driver,Driver,Medium,61,Male,80,5,There is no,Vertical cross intersection,1
2710,2710,2710,899183,2021,Abu Dhabi,February,Monday,At noon,second week,A fixed body shocked the road,Sudden deviation,Sheikh Mohammed bin Rashid Al Maktoum Street,External road,Gentott,Double road,day,Wicked (Bad),No Clouds,Temple,passenger,A passenger in the front seat,Medium,40,Male,140,3,There is no,Not on or by (20) meters of a,1