,Unnamed: 0.1,Unnamed: 0,Fake ID,Year,City,Month,Day,Time,Week,Type Of Accident,Reasons,Street,Place,Area,Location,Lighting,Road Condition,Weather Condition,Road surface,Lay injured,Injured seat,Degree of injury,Age of the injured,The person's gender,Speed of the road,Number of tracks,Pedestrian behavior,Intersection,Total
2711,2711,2711,899184,2021,Abu Dhabi,July,Monday,Evening,The first week,Be shocked,Not adhering to the mandatory itinerary,Rashid between Sayed Al Maktoum Street (Tah),Tunnel / Bridge,There is no definition of regions,public road,day,Wicked (Bad),No Clouds,dry,driver,Bike,Medium,33,Male,120,4,There is no,Not on or by (20) meters of a,1
2712,2712,2712,899185,2021,Sharjah,July,Saturday,In the afternoon,fourth week,Run,Preoccupation with the road while driving the vehicle in any way,King Abdulaziz Street,Mosque,Bushra,Individual,Night - Enough lighting,Wicked (Bad),No Clouds,dry,pedestrian,There is no passenger,Medium,44,Female,40,1,There is no,Not on or by (20) meters of a,1
2713,2713,2713,899186,2021,Ras Al Khaimah,January,Thursday,Before noon,fourth week,Run,The lack of conditions of security and traffic safety,Shama Al Rams Street,Commercial area,Palm,Double road,day,narrow road,No Clouds,Temple,pedestrian,There is no passenger,Medium,47,Male,80,3,He crosses not on transit lines,Not on or by (20) meters of a,1
2714,2714,2714,899187,2021,Abu Dhabi,May,Tuesday,Before noon,the third week,Consecutive,Negligence and lack of attention,El-Shikh Zayed street,Residential area,There is no definition of regions,public road,day,Wicked (Bad),No Clouds,dry,driver,Driver,Medium,39,Male,120,4,There is no,Not at intersection,1
2715,2715,2715,899188,2021,Sharjah,April,Tuesday,In the afternoon,the third week,Shock,Preoccupation with the road while driving the vehicle in any way,Ali bin Abi Talib Street,School,Comfort,Intersection,day,Wicked (Bad),No Clouds,dry,driver,Driver,Medium,11,Male,60,2,There is no,Vertical cross intersection,1
2716,2716,2716,899189,2021,Abu Dhabi,February,Wednesday,Before noon,The first week,A fixed body was shocked outside the road,Driving without a driver's license at all,Al -Mafraq Al -Shawamik Street,Residential area,Bani Yas (East),Double road,day,Wicked (Bad),No Clouds,dry,passenger,Rapid in the back seat,Medium,11,Male,40,1,There is no,Not on or by (20) meters of a,1
2717,2717,2717,899190,2021,Ras Al Khaimah,January,Wednesday,Before noon,fourth week,Be shocked,Negligence and lack of attention,Dqaladah Street,Governmental,Stagnation,public road,day,Wicked (Bad),No Clouds,Temple,passenger,Rapid in the back seat,Medium,35,Male,80,2,There is no,Hole,1
2718,2718,2718,899191,2021,Abu Dhabi,November,Friday,At noon,second week,Cross -100,Not adhering to the mandatory itinerary,Jabal Hafit Street,Mountainous area,There is no definition of regions,Double road,day,Wicked (Bad),No Clouds,dry,passenger,Rapid in the back seat,Medium,4,Female,60,2,There is no,Not at intersection,1
2719,2719,2719,899192,2021,Abu Dhabi,February,Thursday,At noon,fourth week,Shock,Preoccupation with the road while driving the vehicle in any way,Sheikh Maktoum Bin Rashid Street,External road,Phantom,Double road,day,Wicked (Bad),No Clouds,dry,passenger,A passenger in the front seat,Medium,39,Male,140,5,There is no,Not on or by (20) meters of a,1
2720,2720,2720,899193,2021,Abu Dhabi,July,Saturday,Evening,the third week,Shock,Preoccupation with the road while driving the vehicle in any way,Tarif road,External road,Arian,Individual,Night - Enough lighting,Wicked (Bad),No Clouds,dry,driver,Driver,Medium,43,Male,140,3,There is no,Not on or by (20) meters of a,1
2721,2721,2721,899194,2021,Fujairah,October,Wednesday,At noon,second week,Run,Preoccupation with the road while driving the vehicle in any way,Sheikh Zayed bin Sultan Al Nahyan Street,Others,Bureaux area,Double road,Night - Enough lighting,Wicked (Bad),No Clouds,Temple,pedestrian,There is no passenger,Medium,44,Male,80,2,There is no,Not on or by (20) meters of a,1
2722,2722,2722,899195,2021,Abu Dhabi,June,Thursday,Before noon,fourth week,Run,Preoccupation with the road while driving the vehicle in any way,Armored road,Industrial area,Industrial armored bridge,Individual,day,Wicked (Bad),No Clouds,dry,pedestrian,There is no passenger,Medium,29,Male,40,2,He crosses not on transit lines,Not on or by (20) meters of a,1
2723,2723,2723,899196,2021,Abu Dhabi,January,Friday,In the afternoon,second week,Run,Not to give priority to the infantry crossing,Al -Mafraq Al -Shawamik Street,Commercial area,Bani Yas (East),Other (select),Night - Enough lighting,Wicked (Bad),No Clouds,dry,pedestrian,There is no passenger,Medium,39,Male,60,3,He crosses pedestrian crossing lines,Not on or by (20) meters of a,1
2724,2724,2724,899197,2021,Abu Dhabi,Dec,Thursday,Before noon,fourth week,A fixed body shocked the road,Preoccupation with the road while driving the vehicle in any way,Abu Dhabi Road - Al Ain,External road,the seal,public road,day,Wicked (Bad),No Clouds,dry,driver,Driver,Medium,73,Male,40,2,There is no,Hole,1
2725,2725,2725,899198,2021,Sharjah,May,Saturday,At noon,second week,Be shocked,Negligence and lack of attention,Nahda Street,Residential area,Nomination,Double road,day,Wicked (Bad),No Clouds,dry,driver,Bike,Medium,22,Male,30,2,There is no,Not on or by (20) meters of a,1
2726,2726,2726,899199,2021,Abu Dhabi,May,Saturday,At noon,the third week,Consecutive,Preoccupation with the road while driving the vehicle in any way,Armored road,Commercial area,Khalifa popular bridge,vertigo,day,Wicked (Bad),No Clouds,dry,driver,Bike,Medium,38,Male,60,2,There is no,vertigo,1
2727,2727,2727,899200,2021,Sharjah,June,Tuesday,At noon,The first week,Be shocked,Not adhering to the mandatory itinerary,King Faisal Street,Residential area,Magazine 1,Double road,Night - Enough lighting,Wicked (Bad),No Clouds,dry,driver,Bike,Medium,23,Male,60,3,There is no,Not on or by (20) meters of a,1
2728,2728,2728,899201,2021,Umm Al Quwain,October,Tuesday,In the afternoon,fourth week,A fixed body was shocked outside the road,Negligence and lack of attention,Sheikh Ahmed bin Rashid Al Mualla Street.,Governmental,Casablanca area a,vertigo,Night - Enough lighting,Wicked (Bad),No Clouds,dry,passenger,Rapid in the back seat,Medium,32,Male,60,2,There is no,vertigo,1
2729,2729,2729,899202,2021,Ras Al Khaimah,November,Sunday,At noon,second week,Run,Not to give priority to the infantry crossing,Al -Faisal Street,Commercial area,Old Ras Al Khaimah,public road,day,crowded,No Clouds,Temple,pedestrian,There is no passenger,Medium,33,Female,80,3,It crosses the crossing lines,Others,1
2730,2730,2730,899203,2021,Ajman,January,Wednesday,At noon,fourth week,A fixed body shocked the road,Sudden deviation,Sheikh Hamid bin Rashid Al Nuaimi Street,Others,Rumor,Double road,day,Wicked (Bad),No Clouds,dry,pedestrian,There is no passenger,Medium,29,Female,50,0,There is no,Not on or by (20) meters of a,1
2731,2731,2731,899204,2021,Ras Al Khaimah,July,Saturday,Evening,second week,Be shocked,Enter a major road without making sure that it is free,Khuzam Street,Residential area,Lap,Individual,Night - weak lighting,narrow road,No Clouds,Temple,driver,Driver,Medium,51,Female,40,2,There is no,Vertical cross intersection,1
2732,2732,2732,899205,2021,Abu Dhabi,July,Saturday,Evening,the third week,Shock,Preoccupation with the road while driving the vehicle in any way,Tarif road,External road,Arian,Individual,Night - Enough lighting,Wicked (Bad),No Clouds,dry,passenger,A passenger in the front seat,Medium,37,Female,140,3,There is no,Not on or by (20) meters of a,1
2733,2733,2733,899206,2021,Abu Dhabi,November,Sunday,Before noon,second week,Shock,Not leaving enough distance,Sheikh Khalifa Bridge,Tunnel / Bridge,Sa'adiat Island,bridge,day,Wicked (Bad),No Clouds,dry,passenger,Rapid in the back seat,Medium,33,Male,100,4,There is no,Not at intersection,1
2734,2734,2734,899207,2021,Sharjah,April,Tuesday,Evening,The first week,Run,Negligence and lack of attention,Kuwait Street,Residential area,Maysalon,Double road,Night - Enough lighting,Wicked (Bad),No Clouds,dry,pedestrian,There is no passenger,Medium,36,Female,60,2,He crosses not on transit lines,Others,1
2735,2735,2735,899208,2021,Ras Al Khaimah,January,Wednesday,Before noon,fourth week,Be shocked,Negligence and lack of attention,Dqaladah Street,Governmental,Stagnation,public road,day,Wicked (Bad),No Clouds,Temple,passenger,Rapid in the back seat,Medium,20,Male,80,2,There is no,Hole,1
2736,2736,2736,899209,2021,Sharjah,Dec,Tuesday,In the afternoon,The first week,Run,Overing from the right or ingredon is cautious,Sheikh Saqr bin Khalid Al Qasimi Street,Residential area,Stupidity,Other (select),day,Wicked (Bad),No Clouds,dry,driver,Driver,Medium,62,Male,40,1,There is no,Others,1
2737,2737,2737,899210,2021,Abu Dhabi,February,Wednesday,Evening,fourth week,Shock,Negligence and lack of attention,There is no definition,Industrial area,Industrial Archbishop,Double road,Night - Enough lighting,Wicked (Bad),No Clouds,Temple,driver,Driver,Medium,28,Male,80,3,There is no,Not on or by (20) meters of a,1
2738,2738,2738,899211,2021,Abu Dhabi,August,Saturday,Before noon,The first week,Shock,Not to make the road / not to give the brigades,Armored road,Commercial area,Mohammed bin Zayed City,Dhuatatin Road,day,Wicked (Bad),No Clouds,dry,passenger,A passenger in the front seat,Medium,48,Female,40,1,There is no,A meeting of half -vertical roads,1
2739,2739,2739,899212,2021,Abu Dhabi,November,Monday,Before noon,fourth week,Shock,Not leaving enough distance,International airport roads,Tunnel / Bridge,There is no definition of regions,public road,day,Wicked (Bad),No Clouds,dry,passenger,Rapid in the back seat,Medium,35,Male,120,4,There is no,Not on or by (20) meters of a,1
2740,2740,2740,899213,2021,Abu Dhabi,February,Monday,Evening,second week,Shock,Preoccupation with the road while driving the vehicle in any way,Sheikh Maktoum Bin Rashid Street,External road,Sih Al -Shuaib,public road,Night - Enough lighting,Wicked (Bad),No Clouds,dry,driver,Driver,Medium,26,Male,140,4,There is no,Not on or by (20) meters of a,1
2741,2741,2741,899214,2021,Ajman,October,Wednesday,In the afternoon,second week,Run,Negligence and lack of attention,unknown,Residential area,Mishiref residential,Double road,Night - Enough lighting,Wicked (Bad),No Clouds,dry,pedestrian,There is no passenger,Medium,9,Male,60,0,There is no,Vertical cross intersection,1
2742,2742,2742,899215,2021,Abu Dhabi,Dec,Wednesday,Evening,The fifth week,A fixed body was shocked outside the road,Preoccupation with the road while driving the vehicle in any way,International airport roads,Governmental,Khalifa City (a),Individual,day,Wicked (Bad),No Clouds,dry,passenger,A passenger in the front seat,Medium,31,Male,100,3,There is no,Not on or by (20) meters of a,1
2743,2743,2743,899216,2021,Abu Dhabi,March,Monday,Evening,The first week,A fixed body shocked the road,Preoccupation with the road while driving the vehicle in any way,The tall roundabout,Residential area,The farmer,vertigo,Night - Enough lighting,Wicked (Bad),No Clouds,Temple,driver,Driver,Medium,69,Male,40,2,There is no,vertigo,1
2744,2744,2744,899217,2021,Abu Dhabi,November,Tuesday,Evening,fourth week,Shock,Preoccupation with the road while driving the vehicle in any way,Tarif road,External road,intimate,public road,Night - Enough lighting,Wicked (Bad),No Clouds,dry,driver,Driver,Medium,28,Male,80,1,There is no,Not on or by (20) meters of a,1
2745,2745,2745,899218,2021,Abu Dhabi,September,Sunday,In the afternoon,second week,Run,Preoccupation with the road while driving the vehicle in any way,Al -Mafraq Al -Shawamik Street,Commercial area,Bani Yas (East),parking,Night - Enough lighting,Wicked (Bad),No Clouds,Temple,pedestrian,There is no passenger,Medium,5,Male,40,1,He crosses not on transit lines,Others,1
2746,2746,2746,899219,2021,Abu Dhabi,June,Thursday,Before noon,the third week,Shock,Preoccupation with the road while driving the vehicle in any way,Sweihan Road,External road,Enhanced,Individual,day,Wicked (Bad),No Clouds,dry,driver,Driver,Medium,37,Male,100,3,There is no,Not on or by (20) meters of a,1
2747,2747,2747,899220,2021,Abu Dhabi,January,Tuesday,Before noon,the third week,Shock,Preoccupation with the road while driving the vehicle in any way,Tarif road,External road,Al Dhafra Air Force Base,public road,day,Wicked (Bad),No Clouds,Foundation,passenger,Rapid in the back seat,Medium,28,Male,80,5,There is no,Not on or by (20) meters of a,1
2748,2748,2748,899221,2021,Abu Dhabi,June,Saturday,Evening,second week,Be shocked,Enter a major road without making sure that it is free,Sheikh Maktoum Bin Rashid Street,External road,Splendor,Double road,Night - Enough lighting,Wicked (Bad),No Clouds,dry,driver,Driver,Medium,24,Male,80,2,There is no,Not on or by (20) meters of a,1
2749,2749,2749,899222,2021,Ajman,January,Monday,Before noon,fourth week,Run,Not to give priority to the infantry crossing,Imam Al -Shafi’i Street,Commercial area,Al -Hamidiya 1,Individual,Night - weak lighting,Wicked (Bad),No Clouds,dry,pedestrian,There is no passenger,Medium,54,Male,40,0,He crosses not on transit lines,Others,1
2750,2750,2750,899223,2021,Abu Dhabi,March,Monday,In the afternoon,The first week,Shock,Not adhering to the mandatory itinerary,Intereke Fen Hamdan between Muhammad - Rashid between Sayed Al Maktoum,Commercial area,Central (West),Intersection,Night - Enough lighting,Wicked (Bad),No Clouds,dry,driver,Driver,Medium,63,Male,80,3,There is no,Vertical cross intersection,1
2751,2751,2751,899224,2021,Abu Dhabi,March,Wednesday,At noon,fourth week,Shock,Preoccupation with the road while driving the vehicle in any way,General Street (Abu Dhabi - Commodities),External road,Ruwais,Double road,day,Wicked (Bad),No Clouds,dry,driver,Driver,Medium,23,Male,160,3,There is no,Not on or by (20) meters of a,1
2752,2752,2752,899225,2021,Abu Dhabi,November,Monday,Evening,the third week,Be shocked,Not adhering to the mandatory itinerary,El-Shikh Zayed street,Tunnel / Bridge,Sa`da Bridge,public road,Night - Enough lighting,Wicked (Bad),No Clouds,dry,passenger,Rapid in the back seat,Medium,30,Female,100,4,There is no,Not at intersection,1
2753,2753,2753,899226,2021,Abu Dhabi,April,Wednesday,At noon,second week,Be shocked,Enter a major road without making sure that it is free,Al Falah Street,Residential area,Healer,Individual,day,Wicked (Bad),No Clouds,dry,driver,Bike,Medium,41,Male,60,2,There is no,Increase deviant roads,1
2754,2754,2754,899227,2021,Abu Dhabi,March,Monday,Before noon,The fifth week,Deterioration,Sudden deviation,Sweihan Street - Al Hir,Sandy area,Hayer,public road,day,Wicked (Bad),No Clouds,dry,driver,Driver,Medium,48,Male,120,2,There is no,Not on or by (20) meters of a,1
2755,2755,2755,899228,2021,Abu Dhabi,September,Saturday,Evening,second week,Deterioration,Driving the vehicle under the influence of alcohol,General Street (Abu Dhabi - Commodities),Tunnel / Bridge,Ruwais,Double road,Night - Enough lighting,Wicked (Bad),No Clouds,dry,driver,Driver,Medium,37,Male,120,2,There is no,vertigo,1
2756,2756,2756,899229,2021,Abu Dhabi,March,Thursday,At noon,the third week,Be shocked,Sudden deviation,Abu Dhabi Road - Al Ain,Tunnel / Bridge,Perfection,Double road,day,Wicked (Bad),No Clouds,dry,passenger,Rapid in the back seat,Medium,14,Female,160,3,There is no,Not on or by (20) meters of a,1
2757,2757,2757,899230,2021,Abu Dhabi,November,Friday,Evening,The first week,Run,Not to give priority to the infantry crossing,Al Ain Street,Commercial area,Industrial,public road,Night - Enough lighting,Wicked (Bad),No Clouds,dry,pedestrian,There is no passenger,Medium,32,Male,80,3,There is no,Not at intersection,1
2758,2758,2758,899231,2021,Ajman,August,Monday,In the afternoon,The first week,Run,Negligence and lack of attention,Badr Street,Commercial area,Naimia,Double road,day,Wicked (Bad),No Clouds,dry,pedestrian,There is no passenger,Medium,32,Female,60,0,There is no,Not on or by (20) meters of a,1
2759,2759,2759,899232,2021,Abu Dhabi,February,Wednesday,Evening,fourth week,Consecutive,Not leaving enough distance,New Truck Street,External road,There is no definition of regions,Individual,day,Wicked (Bad),No Clouds,dry,passenger,A passenger in the front seat,Medium,29,Male,80,2,There is no,Not on or by (20) meters of a,1
2760,2760,2760,899233,2021,Abu Dhabi,November,Tuesday,Evening,second week,Shock,Overcoming the red light signal,IPFortyFour Peace Intersection - Hazaa Bin Zayed The First,Commercial area,Al Dhafra (Abu Dhabi),Intersection,Night - Enough lighting,Wicked (Bad),No Clouds,dry,passenger,A passenger in the front seat,Medium,28,Female,80,4,There is no,Vertical cross intersection,1
2761,2761,2761,899234,2021,Umm Al Quwain,November,Monday,Before noon,The first week,Run,Preoccupation with the road while driving the vehicle in any way,King Faisal Street,Industrial area,Industrial zone b,Individual,day,Wicked (Bad),No Clouds,dry,pedestrian,There is no passenger,Medium,57,Male,40,1,There is no,Not on or by (20) meters of a,1
2762,2762,2762,899235,2021,Abu Dhabi,April,Tuesday,Before noon,The first week,Run,Return back without making sure that the road is free,International airport roads,Residential area,Khalifa City (a),Individual,day,Wicked (Bad),No Clouds,dry,pedestrian,There is no passenger,Medium,44,Male,20,1,Familiar,Not on or by (20) meters of a,1
2763,2763,2763,899236,2021,Sharjah,February,Thursday,At noon,the third week,Run,Not to give priority to the infantry crossing,Cooperation Street,Residential area,Gorgeous,Double road,day,Wicked (Bad),No Clouds,dry,pedestrian,There is no passenger,Medium,51,Male,60,2,There is no,Not on or by (20) meters of a,1
2764,2764,2764,899237,2021,Abu Dhabi,Dec,Wednesday,In the afternoon,The first week,Consecutive,Not leaving enough distance,corneche Street,Mosque,The port,public road,Night - Enough lighting,Wicked (Bad),No Clouds,dry,passenger,A passenger in the front seat,Medium,35,Female,80,3,There is no,Vertical cross intersection,1
2765,2765,2765,899238,2021,Abu Dhabi,October,Saturday,Evening,the third week,A fixed body shocked the road,Sudden deviation,Al -Mafraq Al -Shawamik Street,Industrial area,Mafraq industrial,Individual,day,Wicked (Bad),No Clouds,Temple,driver,Driver,Medium,26,Male,40,1,There is no,Not at intersection,1
2766,2766,2766,899239,2021,Umm Al Quwain,October,Thursday,Before noon,The first week,Deterioration,Sudden deviation,Sheikh Mohammed bin Zayed Street (Umm Al Qain - Ras Al Khaimah),Tunnel / Bridge,Navel,Double road,day,Wicked (Bad),No Clouds,dry,passenger,Rapid in the back seat,Medium,25,Male,140,3,There is no,Not on or by (20) meters of a,1
2767,2767,2767,899240,2021,Abu Dhabi,June,Wednesday,In the afternoon,second week,Run,Al -Aburvi is a place of infantry for pedestrians,An internal street,Commercial area,Industrial,Double road,Night - Enough lighting,Wicked (Bad),No Clouds,dry,pedestrian,There is no passenger,Medium,32,Male,40,2,There is no,Not on or by (20) meters of a,1
2768,2768,2768,899241,2021,Abu Dhabi,Dec,Monday,In the afternoon,the third week,Deterioration,Tire explosion,An internal street,External road,Satellite,public road,day,Wicked (Bad),No Clouds,dry,driver,Driver,Medium,50,Male,40,2,There is no,Not at intersection,1
2769,2769,2769,899242,2021,Abu Dhabi,February,Monday,Before noon,second week,Shock,Preoccupation with the road while driving the vehicle in any way,Abu Dhabi Road - Al Ain,Tunnel / Bridge,The Military Renaissance City,Double road,day,Wicked (Bad),No Clouds,Temple,driver,Driver,Medium,24,Male,120,3,There is no,Not on or by (20) meters of a,1
2770,2770,2770,899243,2021,Abu Dhabi,September,Tuesday,In the afternoon,fourth week,Shock,Not leaving enough distance,Hazza Bin Sultan Street,External road,Reefs,Double road,Night - Enough lighting,Wicked (Bad),No Clouds,dry,driver,Driver,Medium,24,Male,140,2,There is no,Not at intersection,1
2771,2771,2771,899244,2021,Abu Dhabi,May,Monday,Evening,The first week,Cross -100,Overcoming the red light signal - the arrow signal,Eastern Street (Al Traffic) (Four),Commercial area,There is no definition of regions,Intersection,Night - Enough lighting,Wicked (Bad),No Clouds,dry,driver,Bike,Medium,24,Male,80,4,There is no,Vertical cross intersection,1
2772,2772,2772,899245,2021,Abu Dhabi,April,Sunday,At noon,fourth week,Be shocked,Preoccupation with the road while driving the vehicle in any way,Abu Dhabi Road - Al Ain,Tunnel / Bridge,Bani Yas (East),Double road,day,Wicked (Bad),No Clouds,Temple,driver,Driver,Medium,34,Male,140,4,There is no,Hole,1
2773,2773,2773,899246,2021,Abu Dhabi,September,Thursday,At noon,The fifth week,Run,Not to give priority to the infantry crossing,Zayed the First Intersection - Street Twenty Six,Residential area,Khalidiya,Intersection,day,Wicked (Bad),No Clouds,dry,pedestrian,There is no passenger,Medium,27,Male,80,4,There is no,Vertical cross intersection,1
2774,2774,2774,899247,2021,Fujairah,February,Tuesday,Before noon,The first week,Shock,Not leaving enough distance,Al -Tuwayen Street towards Dibba,Mountainous area,Al -Tuwayen area,Dhuatatin Road,day,Wicked (Bad),No Clouds,Temple,passenger,A passenger in the front seat,Medium,20,Male,100,2,There is no,Not on or by (20) meters of a,1
2775,2775,2775,899248,2021,Ras Al Khaimah,May,Saturday,Before noon,The fifth week,Shock,Enter a major road without making sure that it is free,Al -Munai’i Street,School,Al -Munai’i,Double road,day,Wicked (Bad),No Clouds,dry,driver,Driver,Medium,53,Female,100,2,There is no,Others,1
2776,2776,2776,899249,2021,Abu Dhabi,April,Wednesday,Evening,the third week,Shock,Not leaving enough distance,Arabian Gulf Street(Thirty),Industrial area,Bridge bridge,public road,day,Wicked (Bad),No Clouds,dry,driver,Driver,Medium,23,Male,100,4,There is no,Not at intersection,1
2777,2777,2777,899250,2021,Ras Al Khaimah,January,Saturday,Evening,The first week,Cross -100,Preoccupation with the road while driving the vehicle in any way,Sheikh Abdullah bin Mohammed Al Qasimi Street,Residential area,Sahih poems,Individual,Night - without lighting,Wicked (Bad),No Clouds,dry,passenger,Rapid in the back seat,Medium,43,Male,40,1,There is no,Not on or by (20) meters of a,1
2778,2778,2778,899251,2021,Abu Dhabi,May,Monday,At noon,fourth week,Be shocked,Enter a major road without making sure that it is free,General Street (Abu Dhabi - Commodities),Residential area,Ruwais,Double road,day,Wicked (Bad),No Clouds,dry,driver,Driver,Medium,30,Male,60,2,There is no,vertigo,1
2779,2779,2779,899252,2021,Ras Al Khaimah,January,Saturday,Before noon,The fifth week,Run,The lack of conditions of security and traffic safety,Mohammed bin Salem Street,Residential area,Northern,Other (select),Night - without lighting,Other (select),No Clouds,dry,pedestrian,There is no passenger,Medium,3,Male,10,0,There is no,Not on or by (20) meters of a,1
2780,2780,2780,899253,2021,Sharjah,February,Thursday,Before noon,fourth week,Shock,Preoccupation with the road while driving the vehicle in any way,Hospital roundabout,hospital,Yarmouk,public road,day,Wicked (Bad),No Clouds,dry,passenger,Rapid in the back seat,Medium,24,Male,80,2,There is no,vertigo,1
2781,2781,2781,899254,2021,Abu Dhabi,July,Friday,Evening,fourth week,Cross -100,Negligence and lack of attention,Al Ain Street,Industrial area,Industrial,vertigo,Night - Enough lighting,Wicked (Bad),No Clouds,dry,driver,Driver,Medium,55,Male,80,3,There is no,vertigo,1
2782,2782,2782,899255,2021,Abu Dhabi,January,Sunday,Before noon,The first week,Shock,Failure to adhere to traffic signs,Armored road,Industrial area,Industrial Archbishop,Intersection,day,Wicked (Bad),No Clouds,dry,driver,Driver,Medium,31,Male,60,2,There is no,Not on or by (20) meters of a,1
2783,2783,2783,899256,2021,Abu Dhabi,July,Wednesday,Evening,second week,Shock,Not leaving enough distance,International airport roads,Tunnel / Bridge,There is no definition of regions,Double road,Night - Enough lighting,Wicked (Bad),No Clouds,dry,driver,Bike,Medium,35,Male,100,4,There is no,Not on or by (20) meters of a,1
2784,2784,2784,899257,2021,Sharjah,February,Tuesday,Before noon,second week,Deterioration,Sudden deviation,Khorfakkan Road,External road,Sharjah / Al Dhaid,Double road,day,Wicked (Bad),fog,dry,passenger,Rapid in the back seat,Medium,50,Male,120,2,There is no,Not on or by (20) meters of a,1
2785,2785,2785,899258,2021,Sharjah,July,Wednesday,Evening,The first week,Be shocked,Not to take the necessary traffic safety when the vehicle is disrupted,Sheikh Hamid bin Saqr Al Qasimi Street,Petrol station,Ramla West,Double road,Night - Enough lighting,Wicked (Bad),No Clouds,dry,driver,Driver,Medium,40,Male,80,3,There is no,Not at intersection,1
2786,2786,2786,899259,2021,Abu Dhabi,Dec,Wednesday,Evening,the third week,Shock,Overcoming the red light signal - the arrow signal,Sultan Bin Zayed the First Street (Thirty Two),Residential area,There is no definition of regions,Intersection,Night - Enough lighting,Wicked (Bad),No Clouds,dry,passenger,Rapid in the back seat,Medium,36,Male,80,4,There is no,Vertical cross intersection,1
2787,2787,2787,899260,2021,Abu Dhabi,February,Friday,At noon,the third week,Shock,Speed without taking into account the road conditions,Abu Dhabi Road - Al Ain,Commercial area,There is no definition of regions,Double road,day,Wicked (Bad),No Clouds,dry,driver,Driver,Medium,28,Male,120,4,There is no,Not on or by (20) meters of a,1
2788,2788,2788,899261,2021,Abu Dhabi,March,Saturday,At noon,The first week,A fixed body was shocked outside the road,Sudden deviation,Sheikh Maktoum Bin Rashid Street,External road,Smih tunnel,Double road,day,Wicked (Bad),No Clouds,dry,passenger,A passenger in the front seat,Medium,36,Female,140,4,There is no,Not on or by (20) meters of a,1
2789,2789,2789,899262,2021,Abu Dhabi,September,Sunday,Evening,second week,Deterioration,Not adhering to the mandatory itinerary,Sweihan Road,External road,Sweihan,Individual,Night - Enough lighting,Wicked (Bad),No Clouds,dry,driver,Driver,Medium,22,Male,100,2,There is no,Not on or by (20) meters of a,1
2790,2790,2790,899263,2021,Abu Dhabi,Dec,Sunday,Evening,second week,Cross -100,Sir is the opposite of the direction,An internal street,External road,Satellite,Double road,Night - Enough lighting,Wicked (Bad),No Clouds,dry,driver,Driver,Medium,32,Male,80,2,There is no,Not at intersection,1
2791,2791,2791,899264,2021,Abu Dhabi,March,Monday,Evening,The first week,Shock,Enter a major road without making sure that it is free,Sheikh Maktoum Bin Rashid Street,Residential area,Phantom,Intersection,Night - Enough lighting,Wicked (Bad),No Clouds,dry,driver,Driver,Medium,44,Male,60,1,There is no,A meeting of half -vertical roads,1
2792,2792,2792,899265,2021,Sharjah,September,Thursday,At noon,second week,Deterioration,Preoccupation with the road while driving the vehicle in any way,Maliha Street,External road,Sword,Double road,day,Wicked (Bad),No Clouds,dry,driver,Driver,Medium,21,Male,120,3,There is no,Not on or by (20) meters of a,1
2793,2793,2793,899266,2021,Abu Dhabi,January,Wednesday,At noon,second week,Deterioration,Preoccupation with the road while driving the vehicle in any way,There is no definition,Island,There is no definition of regions,public road,day,Wicked (Bad),No Clouds,dry,passenger,A passenger in the front seat,Medium,18,Male,80,2,There is no,Not on or by (20) meters of a,1
2794,2794,2794,899267,2021,Abu Dhabi,September,Wednesday,In the afternoon,The fifth week,Deterioration,Negligence and lack of attention,An internal street,Residential area,full,Double road,day,Wicked (Bad),No Clouds,dry,driver,Bike,Medium,23,Male,40,2,There is no,Not at intersection,1
2795,2795,2795,899268,2021,Abu Dhabi,May,Sunday,At noon,The fifth week,Be shocked,"The presence of oils, bulbs or water on the road",Al -Mandous roundabout,Commercial area,City center,Intersection,day,Wicked (Bad),No Clouds,dry,driver,Bike,Medium,26,Male,60,3,There is no,Multi -legs intersection,1
2796,2796,2796,899269,2021,Abu Dhabi,August,Sunday,At noon,fourth week,Shock,Sudden deviation,Nahel Street - Al Ain,Residential area,All regions,Double road,day,Wicked (Bad),No Clouds,dry,driver,Driver,Medium,51,Male,140,2,There is no,Not at intersection,1
2797,2797,2797,899270,2021,Abu Dhabi,Dec,Friday,At noon,second week,Shock,Preoccupation with the road while driving the vehicle in any way,El-Shikh Zayed street,Tunnel / Bridge,Bridge of happiness,bridge,day,Wicked (Bad),No Clouds,dry,driver,Bike,Medium,21,Male,120,4,There is no,Not at intersection,1
2798,2798,2798,899271,2021,Abu Dhabi,Dec,Tuesday,Evening,second week,A fixed body shocked the road,Fatigue and drowsiness,Abu Dhabi Road - Al Ain,Residential area,Mohammed bin Zayed City,vertigo,Night - Enough lighting,Wicked (Bad),No Clouds,dry,driver,Driver,Medium,23,Male,60,2,There is no,vertigo,1