,Unnamed: 0.1,Unnamed: 0,Fake ID,Year,City,Month,Day,Time,Week,Type Of Accident,Reasons,Street,Place,Area,Location,Lighting,Road Condition,Weather Condition,Road surface,Lay injured,Injured seat,Degree of injury,Age of the injured,The person's gender,Speed of the road,Number of tracks,Pedestrian behavior,Intersection,Total
2799,2799,2799,899272,2021,Abu Dhabi,October,Sunday,Evening,fourth week,Deterioration,Not adhering to the mandatory itinerary,An internal street,Commercial area,Salamat,Double road,Night - Enough lighting,Wicked (Bad),No Clouds,dry,driver,Bike,Medium,34,Male,60,2,He crosses pedestrian crossing lines,Not on or by (20) meters of a,1
2800,2800,2800,899273,2021,Ajman,November,Wednesday,Evening,fourth week,Run,Negligence and lack of attention,Jeddah Street,Commercial area,Industrial shelf 2,Bridge / tunnel,day,Wicked (Bad),No Clouds,dry,pedestrian,There is no passenger,Medium,25,Male,60,0,Familiar,Not on or by (20) meters of a,1
2801,2801,2801,899274,2021,Sharjah,January,Wednesday,At noon,second week,Shock,Preoccupation with the road while driving the vehicle in any way,King Abdulaziz Street,Residential area,Bushra,Individual,day,Wicked (Bad),No Clouds,dry,driver,Bike,Medium,57,Male,40,1,There is no,Not on or by (20) meters of a,1
2802,2802,2802,899275,2021,Abu Dhabi,Dec,Tuesday,At noon,second week,Cross -100,Preoccupation with the road while driving the vehicle in any way,Armored road,Residential area,Mohammed bin Zayed City,Intersection,day,Wicked (Bad),No Clouds,dry,driver,Bike,Medium,21,Male,60,1,There is no,A meeting of half -vertical roads,1
2803,2803,2803,899276,2021,Ras Al Khaimah,April,Friday,Before noon,second week,Deterioration,Negligence and lack of attention,Shocking Shari'ah,Mountainous area,fork,Double road,day,Wicked (Bad),No Clouds,Temple,driver,Bike,Medium,46,Male,100,2,There is no,Others,1
2804,2804,2804,899277,2021,Abu Dhabi,October,Saturday,Evening,The first week,Be shocked,Not adhering to the mandatory itinerary,Hamdan Bin Mohammed Street(Five),Commercial area,There is no definition of regions,public road,day,Wicked (Bad),No Clouds,dry,driver,Bike,Medium,31,Male,80,4,There is no,Not at intersection,1
2805,2805,2805,899278,2021,Abu Dhabi,April,Thursday,In the afternoon,second week,Be shocked,Overcoming the red light signal,Municipal Street,Mosque,Objectionable,Double road,Night - Enough lighting,Wicked (Bad),No Clouds,dry,driver,Driver,Medium,35,Male,80,3,There is no,Multi -legs intersection,1
2806,2806,2806,899279,2021,Abu Dhabi,June,Monday,Evening,second week,Run,Not securing the vehicle's stability while standing,Armored road,Commercial area,Industrial armored bridge,Double road,Night - Enough lighting,Wicked (Bad),No Clouds,dry,pedestrian,There is no passenger,Medium,31,Male,60,2,Familiar,Not on or by (20) meters of a,1
2807,2807,2807,899280,2021,Sharjah,February,Thursday,At noon,The first week,Shock,Preoccupation with the road while driving the vehicle in any way,Emirates Street,External road,The popularity of Zubair,public road,day,Wicked (Bad),No Clouds,dry,driver,Driver,Medium,20,Male,100,3,There is no,Not at intersection,1
2808,2808,2808,899281,2021,Ras Al Khaimah,March,Wednesday,Before noon,The fifth week,Be shocked,Preoccupation with the road while driving the vehicle in any way,Al -Jazzar Street,Commercial area,Palm,Intersection,day,Wicked (Bad),No Clouds,Temple,driver,Driver,Medium,44,Female,60,2,There is no,Hole,1
2809,2809,2809,899282,2021,Ajman,September,Friday,At noon,second week,Run,Negligence and lack of attention,unknown,Residential area,Rashidiya,Individual,Night - Enough lighting,Wicked (Bad),No Clouds,dry,pedestrian,There is no passenger,Medium,5,Male,40,0,There is no,Not on or by (20) meters of a,1
2810,2810,2810,899283,2021,Abu Dhabi,January,Wednesday,Evening,the third week,Be shocked,Enter a major road without making sure that it is free,Banias Street (Al Najd) (Sex),Commercial area,There is no definition of regions,public road,day,Wicked (Bad),No Clouds,dry,passenger,Rapid in the back seat,Medium,63,Female,80,3,There is no,Not at intersection,1
2811,2811,2811,899284,2021,Ras Al Khaimah,April,Sunday,Evening,fourth week,Consecutive,Not leaving enough distance,Al Hosn Street,Commercial area,Palm,Double road,Night - Enough lighting,Other (select),No Clouds,Temple,driver,Driver,Medium,30,Male,80,3,There is no,Multi -legs intersection,1
2812,2812,2812,899285,2021,Sharjah,May,Monday,Before noon,second week,Cross -100,Not leaving enough distance,Wadi Al -Madiq Street,External road,Sweet Valley,Individual,day,Wicked (Bad),No Clouds,dry,passenger,A passenger in the front seat,Medium,58,Male,80,2,There is no,Not on or by (20) meters of a,1
2813,2813,2813,899286,2021,Abu Dhabi,May,Wednesday,At noon,second week,Deterioration,Not adhering to the mandatory itinerary,Al Ain Street - Phenomenon,External road,Phenomenon,Double road,day,Wicked (Bad),No Clouds,dry,driver,Driver,Medium,47,Male,140,2,There is no,Hole,1
2814,2814,2814,899287,2021,Abu Dhabi,October,Tuesday,Before noon,the third week,Shock,Not leaving enough distance,Al -Mafraq Al -Shawamik Street,School,Bani Yas (East),Individual,day,Wicked (Bad),No Clouds,dry,driver,Driver,Medium,28,Male,60,2,There is no,Vertical cross intersection,1
2815,2815,2815,899288,2021,Abu Dhabi,September,Thursday,Before noon,The first week,Be shocked,Negligence and lack of attention,There is no definition,Industrial area,Industrial Archbishop,Dhuatatin Road,day,Wicked (Bad),No Clouds,Temple,driver,Driver,Medium,23,Male,60,2,He crosses not on transit lines,Not on or by (20) meters of a,1
2816,2816,2816,899289,2021,Abu Dhabi,September,Friday,Evening,fourth week,Shock,Not adhering to the mandatory itinerary,Arabian Gulf Street(Thirty),Commercial area,Ventricle,Double road,Night - Enough lighting,Wicked (Bad),No Clouds,dry,driver,Bike,Medium,24,Male,60,2,There is no,Not on or by (20) meters of a,1
2817,2817,2817,899290,2021,Abu Dhabi,Dec,Monday,Before noon,The first week,Run,Preoccupation with the road while driving the vehicle in any way,Al -Mafraq Al -Shawamik Street,Tunnel / Bridge,Mafraq Bridge,public road,Night - Enough lighting,Other (select),No Clouds,Temple,pedestrian,There is no passenger,Eloquent,39,Male,120,4,Familiar,Not at intersection,1
2818,2818,2818,899291,2021,Abu Dhabi,May,Monday,At noon,The fifth week,Be shocked,Sudden deviation,Sultan Bin Zayed the First Street (Thirty Two),Tunnel / Bridge,There is no definition of regions,public road,day,Wicked (Bad),No Clouds,dry,driver,Driver,Eloquent,44,Male,80,3,There is no,A meeting of half -vertical roads,1
2819,2819,2819,899292,2021,Ras Al Khaimah,May,Saturday,Before noon,The fifth week,Shock,Enter a major road without making sure that it is free,Al -Munai’i Street,School,Al -Munai’i,Double road,day,Wicked (Bad),No Clouds,dry,passenger,Rapid in the back seat,Eloquent,15,Male,100,2,There is no,Others,1
2820,2820,2820,899293,2021,Ras Al Khaimah,February,Tuesday,At noon,The first week,Deterioration,The separation of one of the wheels while walking,Public Public Street,Residential area,Stagnation,public road,day,Wicked (Bad),No Clouds,Temple,passenger,A passenger in the front seat,Eloquent,55,Male,100,2,There is no,Not at intersection,1
2821,2821,2821,899294,2021,Abu Dhabi,November,Sunday,Before noon,second week,Shock,Not leaving enough distance,Sheikh Khalifa Bridge,Tunnel / Bridge,Sa'adiat Island,bridge,day,Wicked (Bad),No Clouds,dry,driver,Driver,Eloquent,28,Male,100,4,There is no,Not at intersection,1
2822,2822,2822,899295,2021,Abu Dhabi,November,Sunday,Before noon,second week,Shock,Not leaving enough distance,Sheikh Khalifa Bridge,Tunnel / Bridge,Sa'adiat Island,bridge,day,Wicked (Bad),No Clouds,dry,passenger,Rapid in the back seat,Eloquent,39,Male,100,4,There is no,Not at intersection,1
2823,2823,2823,899296,2021,Abu Dhabi,March,Tuesday,Before noon,the third week,Deterioration,Preoccupation with the road while driving the vehicle in any way,Tarif Street - Bida Zayed,Industrial area,New street,public road,day,Wicked (Bad),No Clouds,dry,driver,Driver,Eloquent,28,Male,140,2,There is no,Not at intersection,1
2824,2824,2824,899297,2021,Abu Dhabi,November,Saturday,Evening,second week,Cross -100,Exaggeration in a place where transgression is forbidden,Old Truck Street,External road,There is no definition of regions,Individual,Night - without lighting,Wicked (Bad),No Clouds,dry,passenger,A passenger in the front seat,Eloquent,43,Female,100,1,There is no,Not at intersection,1
2825,2825,2825,899298,2021,Ras Al Khaimah,May,Thursday,Before noon,fourth week,Deterioration,Sudden deviation,Asfni Street,Tunnel / Bridge,Wadi describe me,Individual,day,Wicked (Bad),No Clouds,dry,driver,Bike,Eloquent,32,Male,80,1,There is no,Not on or by (20) meters of a,1
2826,2826,2826,899299,2021,Ajman,November,Monday,Before noon,the third week,Run,Negligence and lack of attention,Sheikh Rashid Bin Humaid Street,Commercial area,Rumor,Double road,day,Wicked (Bad),No Clouds,dry,pedestrian,There is no passenger,Eloquent,11,Male,50,0,There is no,Not on or by (20) meters of a,1
2827,2827,2827,899300,2021,Abu Dhabi,January,Saturday,Evening,the third week,Shock,Tire explosion,General Street (Abu Dhabi - Commodities),Petrol station,Intimate bridge,Bridge / tunnel,Night - Enough lighting,Wicked (Bad),No Clouds,dry,driver,Driver,Eloquent,22,Male,160,4,There is no,Not at intersection,1
2828,2828,2828,899301,2021,Ras Al Khaimah,August,Friday,Evening,The first week,A fixed body shocked the road,Sudden deviation,Ceramic Street from Ceramic Circle to Exit One hundred and nineteen,Others,The Red Island,public road,Night - Enough lighting,Wicked (Bad),No Clouds,Temple,passenger,A passenger in the front seat,Eloquent,17,Male,80,2,There is no,Not at intersection,1
2829,2829,2829,899302,2021,Ras Al Khaimah,Dec,Friday,Evening,The fifth week,Fall,Sudden deviation,Al -Falamiya area,Governmental,Atmosphere,Dhuatatin Road,Night - without lighting,Wicked (Bad),rainy,Foundation,driver,Driver,Eloquent,27,Male,60,1,There is no,Not at intersection,1
2830,2830,2830,899303,2021,Fujairah,May,Thursday,Before noon,second week,A fixed body was shocked outside the road,Sudden deviation,A profitable street -,Residential area,Village,public road,day,Wicked (Bad),No Clouds,Temple,driver,Driver,Eloquent,19,Male,120,3,There is no,Not on or by (20) meters of a,1
2831,2831,2831,899304,2021,Abu Dhabi,February,Monday,Evening,second week,Run,Not to give priority to the infantry crossing,Khalifa Bin Zayed Street I,Residential area,Pre -Islamic,Double road,Night - Enough lighting,Wicked (Bad),No Clouds,dry,pedestrian,There is no passenger,Eloquent,19,Female,80,3,He crosses not on transit lines,Not at intersection,1
2832,2832,2832,899305,2021,Abu Dhabi,Dec,Friday,Evening,The fifth week,Be shocked,Enter a major road without making sure that it is free,Liwa Street,Residential area,Miserable,Individual,Night - Enough lighting,Wicked (Bad),No Clouds,dry,passenger,A passenger in the front seat,Eloquent,21,Male,100,2,There is no,Hole,1
2833,2833,2833,899306,2021,Ras Al Khaimah,October,Friday,Before noon,The fifth week,A fixed body shocked the road,Sudden deviation,Al -Munai’i Street,External road,Al -Munai’i,Double road,day,curve,No Clouds,Temple,driver,Bike,Eloquent,36,Male,100,2,There is no,Not at intersection,1
2834,2834,2834,899307,2021,Abu Dhabi,November,Friday,In the afternoon,the third week,Run,Preoccupation with the road while driving the vehicle in any way,Armored road,Commercial area,Industrial armored bridge,Double road,Night - without lighting,Wicked (Bad),No Clouds,dry,pedestrian,There is no passenger,Eloquent,26,Male,60,3,He crosses not on transit lines,Not on or by (20) meters of a,1
2835,2835,2835,899308,2021,Ras Al Khaimah,March,Sunday,At noon,the third week,Be shocked,Enter a major road without making sure that it is free,Al -Munai’i Street,External road,Al -Munai’i,Out of the way,day,Wicked (Bad),No Clouds,dry,passenger,A passenger in the front seat,Eloquent,28,Female,120,2,There is no,Hole,1
2836,2836,2836,899309,2021,Abu Dhabi,February,Monday,Evening,The first week,Be shocked,Enter a major road without making sure that it is free,Medina Street,Petrol station,Zayed City,public road,Night - Enough lighting,Wicked (Bad),No Clouds,dry,pedestrian,There is no passenger,Eloquent,56,Male,80,4,There is no,Not at intersection,1
2837,2837,2837,899310,2021,Abu Dhabi,May,Sunday,At noon,The fifth week,Run,Negligence and lack of attention,Nahyan First Street,Residential area,full,Double road,day,Wicked (Bad),No Clouds,dry,pedestrian,There is no passenger,Eloquent,31,Male,100,3,Familiar,Not at intersection,1
2838,2838,2838,899311,2021,Sharjah,July,Friday,Before noon,second week,Run,Negligence and lack of attention,The general public street,Industrial area,Al -Sajaa industrial area,Individual,day,Wicked (Bad),No Clouds,dry,pedestrian,There is no passenger,Eloquent,60,Male,60,2,There is no,Not on or by (20) meters of a,1
2839,2839,2839,899312,2021,Sharjah,January,Wednesday,Evening,the third week,Run,Negligence and lack of attention,The field of cooperation,Residential area,Gorgeous,Individual,Night - Enough lighting,Wicked (Bad),No Clouds,dry,pedestrian,There is no passenger,Eloquent,7,Male,40,2,He crosses not on transit lines,Not on or by (20) meters of a,1
2840,2840,2840,899313,2021,Ras Al Khaimah,March,Friday,Before noon,fourth week,Run,Preoccupation with the road while driving the vehicle in any way,Al -Kharan Street,Mosque,Hurry,public road,day,Wicked (Bad),No Clouds,Temple,pedestrian,There is no passenger,Eloquent,30,Male,80,2,He crosses not on transit lines,Not on or by (20) meters of a,1
2841,2841,2841,899314,2021,Fujairah,September,Sunday,Evening,second week,Run,Not to give priority to the infantry crossing,Dakhli Street,Residential area,Profitable,Double road,Night - without lighting,Wicked (Bad),No Clouds,Temple,pedestrian,There is no passenger,Eloquent,25,Male,40,1,He crosses not on transit lines,Not on or by (20) meters of a,1
2842,2842,2842,899315,2021,Sharjah,February,Wednesday,At noon,second week,Cross -100,Sudden deviation,Nahda Street,Residential area,Nomination,Double road,day,Wicked (Bad),No Clouds,dry,pedestrian,There is no passenger,Eloquent,30,Male,60,3,He crosses not on transit lines,A meeting of half -vertical roads,1
2843,2843,2843,899316,2021,Ras Al Khaimah,August,Thursday,Before noon,The first week,Cross -100,Enter a major road without making sure that it is free,Al -Jazeera Al -Hamra area,External road,The Red Island,Double road,day,Wicked (Bad),No Clouds,Temple,passenger,A passenger in the front seat,Eloquent,37,Male,100,2,There is no,Hole,1
2844,2844,2844,899317,2021,Abu Dhabi,April,Friday,In the afternoon,fourth week,Be shocked,Not adhering to the mandatory itinerary,Arabian Gulf Street(Thirty),Commercial area,The exhibition land bridge,public road,Night - Enough lighting,Wicked (Bad),No Clouds,dry,passenger,Rapid in the back seat,Eloquent,41,Female,120,4,There is no,Not on or by (20) meters of a,1
2845,2845,2845,899318,2021,Abu Dhabi,April,Wednesday,In the afternoon,the third week,Run,Not to give priority to the infantry crossing,Zayed Bin Sultan Street (General),Industrial area,Sage,Double road,Night - Enough lighting,Wicked (Bad),No Clouds,dry,pedestrian,There is no passenger,Eloquent,62,Male,100,2,He crosses not on transit lines,Not at intersection,1
2846,2846,2846,899319,2021,Ras Al Khaimah,May,Sunday,At noon,The fifth week,A fixed body was shocked outside the road,Negligence and lack of attention,Airport Street,an airport,Stagnation,Double road,day,Wicked (Bad),No Clouds,Temple,driver,Driver,Eloquent,26,Male,100,2,There is no,Not on or by (20) meters of a,1
2847,2847,2847,899320,2021,Ras Al Khaimah,September,Tuesday,At noon,the third week,Shock,Not leaving enough distance,Al Watan Street,External road,Al -Munai’i,public road,day,Wicked (Bad),No Clouds,Temple,passenger,A passenger in the front seat,Eloquent,32,Male,100,3,There is no,Not on or by (20) meters of a,1
2848,2848,2848,899321,2021,Abu Dhabi,February,Thursday,At noon,fourth week,Shock,Preoccupation with the road while driving the vehicle in any way,Sheikh Maktoum Bin Rashid Street,External road,Phantom,Double road,day,Wicked (Bad),No Clouds,dry,driver,Driver,Eloquent,38,Male,140,5,There is no,Not on or by (20) meters of a,1
2849,2849,2849,899322,2021,Abu Dhabi,Dec,Saturday,Evening,fourth week,Be shocked,Enter a major road without making sure that it is free,An internal street,Residential area,Apparent,Individual,Night - Enough lighting,Wicked (Bad),No Clouds,dry,driver,Driver,death,31,Male,60,1,There is no,A meeting of half -vertical roads,1
2850,2850,2850,899323,2021,Abu Dhabi,August,Sunday,Evening,the third week,A fixed body shocked the road,Speed without taking into account the road conditions,Al -Hir Street - Al -Shweib,External road,Shuwaib,Individual,Night - Enough lighting,Wicked (Bad),No Clouds,dry,driver,Driver,death,21,Male,120,2,There is no,Not at intersection,1
2851,2851,2851,899324,2021,Abu Dhabi,March,Thursday,In the afternoon,second week,Shock,Preoccupation with the road while driving the vehicle in any way,Al Ain Street - Al -Wajan - Al -Qaa,External road,Junction,Double road,Night - Enough lighting,Wicked (Bad),No Clouds,dry,driver,Bike,death,32,Male,140,2,There is no,Not at intersection,1
2852,2852,2852,899325,2021,Umm Al Quwain,May,Wednesday,At noon,The first week,Shock,Preoccupation with the road while driving the vehicle in any way,Emirates Street,Others,Polite area,Double road,Night - Enough lighting,Wicked (Bad),No Clouds,dry,passenger,A passenger in the front seat,death,38,Male,110,3,There is no,Not on or by (20) meters of a,1
2853,2853,2853,899326,2021,Umm Al Quwain,October,Thursday,Before noon,The first week,Deterioration,Sudden deviation,Sheikh Mohammed bin Zayed Street (Umm Al Qain - Ras Al Khaimah),Tunnel / Bridge,Navel,Double road,day,Wicked (Bad),No Clouds,dry,passenger,Rapid in the back seat,death,49,Male,140,3,There is no,Not on or by (20) meters of a,1
2854,2854,2854,899327,2021,Abu Dhabi,March,Sunday,Evening,second week,A fixed body shocked the road,Driving the vehicle under the influence of narcotic substances or mental effects or,There is no definition,External road,Popularism,vertigo,Night - weak lighting,Wicked (Bad),No Clouds,dry,driver,Driver,death,42,Male,80,2,There is no,vertigo,1
2855,2855,2855,899328,2021,Abu Dhabi,June,Saturday,Before noon,second week,Shock,Transit of infantry red lighting,"Bitttiffl, he has an involvement - Bani Yass (Al Al Najd)",Residential area,Zayed City (Abu Dhabi),Intersection,day,Wicked (Bad),No Clouds,dry,driver,Driver,death,33,Male,60,4,It crosses the crossing lines,Vertical cross intersection,1
2856,2856,2856,899329,2021,Abu Dhabi,August,Saturday,Evening,the third week,Shock,Preoccupation with the road while driving the vehicle in any way,Liwa Street,Agricultural area,Zayed City,Double road,day,Wicked (Bad),No Clouds,dry,driver,Driver,death,42,Male,140,2,There is no,Not on or by (20) meters of a,1
2857,2857,2857,899330,2021,Abu Dhabi,November,Friday,Evening,fourth week,Deterioration,Speed without taking into account the road conditions,Abu Dhabi,External road,Junction,public road,Night - without lighting,Wicked (Bad),No Clouds,dry,driver,Driver,death,21,Male,100,1,There is no,Not at intersection,1
2858,2858,2858,899331,2021,Ajman,October,Thursday,Evening,the third week,Shock,Negligence and lack of attention,Sheikh Mohammed bin Zayed Street,External road,High,Double road,Night - Enough lighting,Wicked (Bad),No Clouds,dry,driver,Driver,death,42,Male,120,0,There is no,Not on or by (20) meters of a,1
2859,2859,2859,899332,2021,Abu Dhabi,March,Saturday,At noon,the third week,A fixed body shocked the road,Tire explosion,Sweihan Road,External road,There is no definition of regions,Individual,day,Wicked (Bad),No Clouds,dry,passenger,Rapid in the back seat,death,20,Male,140,2,There is no,Not on or by (20) meters of a,1
2860,2860,2860,899333,2021,Ras Al Khaimah,February,Thursday,At noon,fourth week,Deterioration,Sudden deviation,Emirates Street Transit Street,Mountainous area,Stagnation,public road,day,Wicked (Bad),No Clouds,Temple,driver,Driver,death,26,Male,50,3,There is no,Not on or by (20) meters of a,1
2861,2861,2861,899334,2021,Abu Dhabi,May,Wednesday,Evening,second week,A fixed body shocked the road,Driving without a driver's license at all,Sweihan Road,Residential area,The farmer,Dhuatatin Road,Night - Enough lighting,Wicked (Bad),No Clouds,Temple,driver,Driver,death,18,Male,80,2,There is no,Not at intersection,1
2862,2862,2862,899335,2021,Ajman,March,Friday,At noon,the third week,Deterioration,Negligence and lack of attention,Sheikh Mohammed bin Zayed Street,External road,Brightness,Double road,day,Wicked (Bad),No Clouds,dry,passenger,A passenger in the front seat,death,52,Male,120,0,There is no,Not on or by (20) meters of a,1
2863,2863,2863,899336,2021,Sharjah,March,Saturday,At noon,fourth week,Cross -100,Sudden deviation,Al Dhaid Street Kadra,External road,Al -Dhaid / Marafi,Individual,day,Wicked (Bad),No Clouds,dry,driver,Driver,death,54,Male,60,1,There is no,Not on or by (20) meters of a,1
2864,2864,2864,899337,2021,Abu Dhabi,May,Monday,Evening,second week,Run,Preoccupation with the road while driving the vehicle in any way,Al Tawa roundabout,garden,Fold,Double road,Night - Enough lighting,Wicked (Bad),No Clouds,dry,pedestrian,There is no passenger,death,7,Female,80,3,He crosses not on transit lines,Not on or by (20) meters of a,1
2865,2865,2865,899338,2021,Abu Dhabi,September,Wednesday,In the afternoon,The first week,Deterioration,Preoccupation with the road while driving the vehicle in any way,Civil Street - Sweihan,External road,All regions,Individual,day,Wicked (Bad),No Clouds,dry,driver,Driver,death,44,Male,120,2,There is no,Not on or by (20) meters of a,1
2866,2866,2866,899339,2021,Ras Al Khaimah,January,Saturday,In the afternoon,The fifth week,Cross -100,Driving under the influence of intoxicant or anesthetic,Emirates Al Saadi Street,Sandy area,The Red Island,Individual,Night - without lighting,Wicked (Bad),No Clouds,Other (select),driver,Driver,death,20,Male,60,2,There is no,Not at intersection,1
2867,2867,2867,899340,2021,Abu Dhabi,September,Tuesday,Evening,the third week,Shock,Enter a major road without making sure that it is free,Khalid bin Sultan Street,garden,Penalty,public road,Night - Enough lighting,Wicked (Bad),No Clouds,dry,driver,Bike,death,31,Male,80,3,There is no,Not at intersection,1
2868,2868,2868,899341,2021,Sharjah,Dec,Sunday,Before noon,The first week,Deterioration,Sudden deviation,Khorfakkan Road,External road,scarf,Double road,day,Wicked (Bad),No Clouds,dry,passenger,A passenger in the front seat,death,25,Male,120,2,There is no,Not at intersection,1
2869,2869,2869,899342,2021,Sharjah,May,Thursday,Before noon,fourth week,Be shocked,Preoccupation with the road while driving the vehicle in any way,Maliha Street,External road,Sword,Out of the way,day,Wicked (Bad),No Clouds,dry,driver,Driver,death,42,Male,120,5,There is no,Not on or by (20) meters of a,1
2870,2870,2870,899343,2021,Abu Dhabi,March,Wednesday,Evening,fourth week,Shock,Preoccupation with the road while driving the vehicle in any way,Sheikh Mohammed bin Rashid Al Maktoum Street,Petrol station,-,public road,Night - Enough lighting,crowded,No Clouds,dry,driver,Driver,death,24,Male,140,4,There is no,Not on or by (20) meters of a,1
2871,2871,2871,899344,2021,Abu Dhabi,June,Wednesday,At noon,The fifth week,Be shocked,Not to make the road / not to give the brigades,Armored road,Industrial area,Industrial armored bridge,vertigo,day,Wicked (Bad),No Clouds,dry,driver,Driver,death,37,Male,60,2,There is no,vertigo,1
2872,2872,2872,899345,2021,Abu Dhabi,Dec,Thursday,In the afternoon,the third week,Shock,Preoccupation with the road while driving the vehicle in any way,Al -Mafraq Al -Shawamik Street,Tunnel / Bridge,Al -Shamekha Bridge,Double road,Night - Enough lighting,Wicked (Bad),No Clouds,Temple,passenger,Rapid in the back seat,death,2,Male,80,3,There is no,Not on or by (20) meters of a,1
2873,2873,2873,899346,2021,Ras Al Khaimah,February,Thursday,At noon,fourth week,Deterioration,Sudden deviation,Emirates Street Transit Street,Mountainous area,Stagnation,public road,day,Wicked (Bad),No Clouds,Temple,passenger,A passenger in the front seat,death,18,Male,50,3,There is no,Not on or by (20) meters of a,1
2874,2874,2874,899347,2021,Ras Al Khaimah,April,Sunday,Before noon,the third week,A fixed body was shocked outside the road,Preoccupation with the road while driving the vehicle in any way,Khuzam Street,Commercial area,Lap,public road,day,Wicked (Bad),No Clouds,Temple,driver,Driver,death,60,Male,80,3,There is no,Not on or by (20) meters of a,1
2875,2875,2875,899348,2021,Ras Al Khaimah,April,Friday,In the afternoon,The fifth week,Be shocked,Enter a major road without making sure that it is free,Al -Munai’i Street,Mountainous area,Al -Munai’i,vertigo,Night - Enough lighting,Wicked (Bad),No Clouds,dry,driver,Driver,death,31,Male,100,2,There is no,Not on or by (20) meters of a,1
2876,2876,2876,899349,2021,Abu Dhabi,November,Friday,At noon,second week,Shock,Overcoming the red light signal - the arrow signal,Rashid between Sayed Al Maktoum Street (Tah),Governmental,There is no definition of regions,Intersection,day,Wicked (Bad),No Clouds,dry,passenger,A passenger in the front seat,death,32,Male,100,4,There is no,Vertical cross intersection,1
2877,2877,2877,899350,2021,Sharjah,Dec,Friday,Before noon,The fifth week,Be shocked,Sudden deviation,Sheikh Mohammed bin Zayed Street,External road,Hamriyah,Double road,day,Wicked (Bad),No Clouds,dry,driver,Driver,death,49,Male,120,3,There is no,Not on or by (20) meters of a,1
2878,2878,2878,899351,2021,Abu Dhabi,August,Monday,In the afternoon,fourth week,Run,Preoccupation with the road while driving the vehicle in any way,There is no definition,Industrial area,Industrial Archbishop,Dhuatatin Road,Night - Enough lighting,Wicked (Bad),No Clouds,Temple,pedestrian,There is no passenger,death,64,Male,60,3,He crosses not on transit lines,Not on or by (20) meters of a,1
2879,2879,2879,899352,2021,Abu Dhabi,January,Friday,At noon,second week,Shock,Preoccupation with the road while driving the vehicle in any way,General Street (Abu Dhabi - Commodities),External road,Jomniyat,Double road,day,Wicked (Bad),No Clouds,dry,driver,Driver,death,20,Male,160,4,There is no,Not on or by (20) meters of a,1
2880,2880,2880,899353,2021,Abu Dhabi,August,Sunday,Before noon,the third week,Cross -100,Not to make the road / not to give the brigades,An internal street,External road,Fold,Individual,day,Wicked (Bad),No Clouds,dry,driver,Driver,death,38,Male,60,0,There is no,Not on or by (20) meters of a,1
2881,2881,2881,899354,2021,Ras Al Khaimah,September,Tuesday,At noon,the third week,Shock,Not leaving enough distance,Al Watan Street,External road,Al -Munai’i,public road,day,Wicked (Bad),No Clouds,Temple,driver,Driver,death,42,Male,100,3,There is no,Not on or by (20) meters of a,1
2882,2882,2882,899355,2021,Fujairah,October,Wednesday,At noon,The first week,Deterioration,Sudden deviation,The new Sakmam roundabout,Commercial area,Sakmkm area,vertigo,day,Wicked (Bad),No Clouds,Temple,driver,Driver,death,33,Male,60,2,There is no,vertigo,1
2883,2883,2883,899356,2021,Abu Dhabi,April,Wednesday,Before noon,the third week,Be shocked,Enter a major road without making sure that it is free,Al -Maqatra Street - Himim,Sandy area,Nerve,Intersection,day,Wicked (Bad),No Clouds,dry,driver,Driver,death,58,Male,120,1,There is no,Vertical cross intersection,1
2884,2884,2884,899357,2021,Ras Al Khaimah,March,Sunday,In the afternoon,the third week,Deterioration,Sudden deviation,Emirates Street Transit Street,Sandy area,Stagnation,public road,day,Barrier,dusty,Other (select),passenger,Rapid in the back seat,death,31,Female,120,3,There is no,Not at intersection,1
2885,2885,2885,899358,2021,Ras Al Khaimah,Dec,Friday,In the afternoon,The first week,Shock,Enter a major road without making sure that it is free,Shama Al Rams Street,Industrial area,Palm,Double road,Night - Enough lighting,Wicked (Bad),No Clouds,Temple,driver,Driver,death,51,Male,100,2,There is no,Not at intersection,1
2886,2886,2886,899359,2021,Abu Dhabi,January,Tuesday,In the afternoon,the third week,Consecutive,Preoccupation with the road while driving the vehicle in any way,Hamdan bin Mohammed Street (Al Ain),Residential area,Ventricle,Double road,Night - Enough lighting,Wicked (Bad),No Clouds,dry,passenger,A passenger in the front seat,death,1,Female,100,3,There is no,Not at intersection,1